episode,reward,episode_length,timestep,reward_ma_50,reward_ma_100
1,-888.442874,29,29,-888.442874,-888.442874
2,-384.085937,30,59,-636.2644055,-636.2644055
3,-484.804312,29,88,-585.7777076666666,-585.7777076666666
4,-487.239087,28,116,-561.1430525,-561.1430525
5,-887.935139,26,142,-626.5014698,-626.5014698
6,-488.571653,26,168,-603.513167,-603.513167
7,-988.770644,41,209,-658.5499494285714,-658.5499494285714
8,-984.65687,46,255,-699.3133144999999,-699.3133144999999
9,-892.016758,26,281,-720.7248082222222,-720.7248082222222
10,-989.054277,28,309,-747.5577551,-747.5577551
11,-985.600014,30,339,-769.1979604545454,-769.1979604545454
12,-988.193257,30,369,-787.4475685000001,-787.4475685000001
13,-986.134994,40,409,-802.7312166153847,-802.7312166153847
14,-985.522951,30,439,-815.7877690714286,-815.7877690714286
15,-489.939064,27,466,-794.0645220666667,-794.0645220666667
16,-985.014973,28,494,-805.99892525,-805.99892525
17,-988.971747,29,523,-816.7620324117647,-816.7620324117647
18,-392.324943,24,547,-793.1821941111111,-793.1821941111111
19,-488.399951,22,569,-777.1410234210526,-777.1410234210526
20,-985.827039,29,598,-787.5753242,-787.5753242
21,-389.284221,23,621,-768.6090811904762,-768.6090811904762
22,-886.247497,28,649,-773.9562819090909,-773.9562819090909
23,-890.459002,25,674,-779.0216175652174,-779.0216175652174
24,-985.691573,47,721,-787.6328657083333,-787.6328657083333
25,-988.819549,26,747,-795.6803330399999,-795.6803330399999
26,-888.099662,30,777,-799.2349226153846,-799.2349226153846
27,-989.274859,26,803,-806.2734387777778,-806.2734387777778
28,-986.820345,35,838,-812.7215425714286,-812.7215425714286
29,-979.376448,46,884,-818.4682634482758,-818.4682634482758
30,-989.439462,29,913,-824.1673033999999,-824.1673033999999
31,-990.525166,23,936,-829.5336860645161,-829.5336860645161
32,-988.085996,29,965,-834.48844575,-834.48844575
33,-987.966946,31,996,-839.1393093939394,-839.1393093939394
34,-989.049366,20,1016,-843.5484287058823,-843.5484287058823
35,-491.11953,25,1041,-833.4790316,-833.4790316
36,-990.465884,23,1064,-837.8397775,-837.8397775
37,-985.709944,26,1090,-841.8362684864865,-841.8362684864865
38,-987.345431,30,1120,-845.6654569736842,-845.6654569736842
39,-991.00856,20,1140,-849.3922032051281,-849.3922032051281
40,-987.117376,30,1170,-852.835332525,-852.835332525
41,-987.951989,29,1199,-856.1308607317073,-856.1308607317073
42,-983.608273,32,1231,-859.1660372142857,-859.1660372142857
43,-887.393778,29,1260,-859.8224963023255,-859.8224963023255
44,-994.250574,20,1280,-862.8776798863637,-862.8776798863637
45,-991.983107,21,1301,-865.7466893777778,-865.7466893777778
46,-986.101205,63,1364,-868.3630918913044,-868.3630918913044
47,-990.378334,27,1391,-870.9591608723405,-870.9591608723405
48,-892.102015,18,1409,-871.399637,-871.399637
49,-987.90819,30,1439,-873.7773625714286,-873.7773625714286
50,-991.671781,28,1467,-876.13525094,-876.13525094
51,-387.847419,31,1498,-866.1233418400001,-866.5609797254903
52,-992.087643,19,1517,-878.2833759600002,-868.9749540192308
53,-987.463516,30,1547,-888.33656004,-871.210587264151
54,-288.750918,25,1572,-884.36679666,-860.4242970925925
55,-988.585424,30,1602,-886.37980236,-862.7544994
56,-989.126657,27,1629,-896.3909024400001,-865.0111450714286
57,-991.609432,19,1648,-896.4476781999999,-867.2321676491227
58,-486.783389,26,1674,-886.4902085800001,-860.672705948276
59,-984.42853,30,1704,-888.33844402,-862.7702622881357
60,-892.253827,20,1724,-886.40243502,-863.2616550333333
61,-789.623914,22,1746,-882.48291302,-862.0544789508197
62,-992.13344,25,1771,-882.5617166800001,-864.1525267096774
63,-988.558093,26,1797,-882.6101786600001,-866.1272182380952
64,-988.277,25,1822,-882.66525964,-868.035808578125
65,-990.656281,22,1844,-892.6796039799999,-869.9222773846154
66,-989.447177,25,1869,-892.76824806,-871.7332607121213
67,-994.645435,20,1889,-892.8817218199999,-873.5677707761193
68,-987.816482,23,1912,-904.7915526,-875.247898882353
69,-989.630497,24,1936,-914.8161635199999,-876.9056176956522
70,-988.079191,26,1962,-914.86120656,-878.4938116
71,-989.021051,20,1982,-926.85594316,-880.0505332816902
72,-987.285487,28,2010,-928.87670296,-881.539907638889
73,-992.918475,19,2029,-930.92589242,-883.0656414383561
74,-990.465414,24,2053,-931.0213692399999,-884.5169897162162
75,-992.442807,20,2073,-931.0938343999999,-885.9560006133333
76,-992.999717,19,2092,-933.1918354999999,-887.3644705657895
77,-983.784111,33,2125,-933.0820205399999,-888.6166736883116
78,-986.05036,35,2160,-933.0666208399999,-889.8658235128206
79,-989.253469,26,2186,-933.2641612599999,-891.1238949746835
80,-992.034895,20,2206,-933.31606992,-892.3852824749999
81,-989.057483,23,2229,-933.28671626,-893.5787664320987
82,-986.324477,25,2254,-933.25148588,-894.7098116829268
83,-990.288291,24,2278,-933.29791278,-895.8613596265061
84,-990.319941,23,2301,-933.3233242800001,-896.985866547619
85,-985.40759,24,2325,-943.2090854799999,-898.026122117647
86,-990.792031,19,2344,-943.2156084200001,-899.1047954767442
87,-989.901329,21,2365,-943.29943612,-900.1484337931034
88,-990.810651,22,2387,-943.3687405200002,-901.1786862613636
89,-989.152026,22,2409,-943.33160984,-902.1671507528091
90,-990.390782,26,2435,-943.39707796,-903.1474133222222
91,-991.390792,26,2461,-943.4658540199999,-904.1171207802198
92,-990.694637,23,2484,-943.6075813,-905.0581807391303
93,-989.611664,23,2507,-945.65193902,-905.9673579784946
94,-990.375696,23,2530,-945.5744414599999,-906.8653190212767
95,-989.709038,22,2552,-945.5289600799999,-907.737358168421
96,-988.272855,31,2583,-945.57239308,-908.57626959375
97,-989.380777,23,2606,-945.55244194,-909.4093057525772
98,-992.685165,21,2627,-947.56410494,-910.2590594183673
99,-992.07402,25,2652,-947.6474215399999,-911.0854731616162
100,-990.729331,26,2678,-947.62857254,-911.8819117400001
101,-989.271379,35,2713,-959.6570517399999,-912.89019679
102,-987.010842,20,2733,-959.55551572,-918.91944584
103,-989.353736,24,2757,-959.59332012,-923.9649400799999
104,-992.892112,24,2781,-973.676144,-929.02147033
105,-990.571916,25,2806,-973.71587384,-930.0478380999999
106,-986.592552,30,2836,-973.66519174,-935.0280470900001
107,-988.968177,19,2855,-973.61236664,-935.03002242
108,-990.336624,25,2880,-983.68343134,-935.08681996
109,-484.854594,33,2913,-973.6919526199999,-931.0151983199999
110,-985.029721,31,2944,-975.5474705,-930.9749527600001
111,-985.125588,34,2978,-979.4575039800001,-930.9702085
112,-988.695718,28,3006,-979.3887495399999,-930.97523311
113,-987.991476,31,3037,-979.3774171999999,-930.99379793
114,-989.439092,26,3063,-979.4006590399999,-931.03295934
115,-880.041769,38,3101,-977.1883688,-934.93398639
116,-988.733533,29,3130,-977.17409592,-934.97117199
117,-980.035504,45,3175,-976.8818973,-934.88180956
118,-486.804116,40,3215,-966.8616499799999,-935.82660129
119,-986.299704,29,3244,-966.7950341200001,-940.80559882
120,-790.225294,29,3273,-962.83795618,-938.8495813700001
121,-489.253441,35,3308,-952.84260398,-939.8492735699999
122,-988.439929,34,3342,-952.8656928199999,-940.8711978900001
123,-490.713835,23,3365,-942.82160002,-936.87374622
124,-885.876468,32,3397,-940.7298211,-935.87559517
125,-384.036948,44,3441,-928.56170392,-929.82776916
126,-882.855143,42,3483,-926.3588124400001,-929.77532397
127,-887.949101,28,3511,-924.44211224,-928.76206639
128,-879.606098,49,3560,-922.3132270000001,-927.68992392
129,-983.48822,38,3598,-922.19792202,-927.7310416400001
130,-983.542287,41,3639,-922.02806986,-927.67206989
131,-877.359698,40,3679,-919.7941141599999,-926.5404152100001
132,-992.137178,29,3708,-919.9103681800001,-926.5809270299999
133,-991.431263,25,3733,-919.9332276199999,-926.6155702
134,-992.62048,22,3755,-919.9792383999999,-926.65128134
135,-974.138777,50,3805,-919.75386214,-931.48147381
136,-493.081981,23,3828,-909.7996611399999,-926.50763478
137,-787.517884,32,3860,-905.7519922399999,-924.5257141799999
138,-887.429586,43,3903,-903.6843709399999,-923.5265557299999
139,-887.108616,35,3938,-901.6435027399999,-922.48755629
140,-988.324994,29,3967,-901.6021869799999,-922.49963247
141,-988.704755,29,3996,-901.5484662399999,-922.50716013
142,-990.174994,27,4023,-901.53807338,-922.5728273399999
143,-985.95728,29,4052,-901.4649857,-923.55846236
144,-986.519318,26,4078,-901.38785814,-923.4811498
145,-990.606127,25,4103,-901.4057999199999,-923.4673799999999
146,-983.338806,33,4136,-901.3071189399999,-923.43975601
147,-986.632734,28,4164,-901.25215808,-923.4023000100001
148,-983.963974,31,4195,-901.0777342599999,-924.3209195999999
149,-990.62644,24,4219,-901.04878266,-924.3481021000001
150,-984.414724,30,4249,-900.92249052,-924.27553153
151,-988.81304,32,4281,-900.91332374,-930.28518774
152,-989.267808,28,4309,-900.9584630599999,-930.2569893900001
153,-988.34264,30,4339,-900.9382411400001,-930.2657806300001
154,-973.418196,59,4398,-900.54876282,-937.1124534100001
155,-989.427628,34,4432,-900.5258770600001,-937.12087545
156,-988.363243,33,4465,-900.56129088,-937.11324131
157,-981.622598,43,4508,-900.4143793,-937.0133729699999
158,-986.813047,32,4540,-900.34390776,-942.01366955
159,-987.618917,31,4571,-910.39919422,-942.04557342
160,-491.951534,25,4596,-900.53763048,-938.0425504899999
161,-786.844432,33,4629,-896.57200736,-938.01475567
162,-986.199414,37,4666,-896.52208128,-937.95541541
163,-981.360021,37,4703,-896.38945218,-937.88343469
164,-987.618091,28,4731,-896.35303216,-937.8768456000001
165,-885.407427,28,4759,-896.4603453200001,-936.82435706
166,-985.786798,32,4791,-896.40141062,-936.78775327
167,-487.645852,27,4818,-886.55361758,-931.71775744
168,-488.035979,28,4846,-886.57825484,-926.71995241
169,-986.198701,26,4872,-886.5762347799999,-926.68563445
170,-989.001733,27,4899,-890.5517635599999,-926.69485987
171,-885.887648,33,4932,-898.4844477,-925.66352584
172,-989.738848,30,4962,-898.51042608,-925.68805945
173,-988.424058,27,4989,-908.4646305399999,-925.64311528
174,-388.800746,21,5010,-898.5231161,-919.6264686000001
175,-488.720267,29,5039,-900.61678248,-914.5892432
176,-491.868774,24,5063,-892.7970551,-909.5779337700001
177,-986.448835,29,5092,-894.7670497800001,-909.60458101
178,-990.470259,27,5119,-896.984333,-909.64878
179,-986.862446,29,5148,-897.05181752,-909.62486977
180,-987.71431,27,5175,-897.13525798,-909.58166392
181,-988.933308,26,5201,-899.36673018,-909.5804221700001
182,-887.031373,29,5230,-897.26461408,-908.58749113
183,-973.798797,58,5288,-896.9119647599999,-908.42259619
184,-988.490327,27,5315,-896.8293617,-908.4043000500001
185,-991.73616,28,5343,-897.18130936,-908.46758575
186,-991.383686,35,5378,-907.14734346,-908.4735023
187,-991.303389,26,5404,-911.2230535599999,-908.4875228999999
188,-987.23482,30,5434,-913.21915824,-908.45176459
189,-977.647461,42,5476,-915.02993514,-908.33671894
190,-986.914749,27,5503,-915.00173024,-908.30195861
191,-886.943596,32,5535,-912.96650706,-907.25748665
192,-989.36611,27,5562,-912.9503293800001,-907.24420138
193,-989.258425,25,5587,-913.01635228,-907.24066899
194,-883.332861,37,5624,-910.9526231399999,-906.17024064
195,-990.422173,23,5647,-910.94894406,-906.1773719900001
196,-989.312235,26,5673,-911.06841264,-906.18776579
197,-991.742212,23,5696,-911.1706022,-906.2113801400001
198,-989.153971,29,5725,-911.27440214,-906.1760682
199,-988.883325,28,5753,-911.23953984,-906.14416125
200,-872.889207,63,5816,-909.0090295,-904.9657600099999
201,-979.602781,40,5856,-908.8248243200001,-904.8690740299999
202,-888.994546,28,5884,-906.81935908,-903.8889110700001
203,-889.095112,25,5909,-904.83440852,-902.88632483
204,-883.99554,36,5945,-903.0459554000001,-901.79735911
205,-982.953869,41,5986,-902.9164802199999,-901.72117864
206,-887.892399,28,6014,-900.9070633399999,-900.73417711
207,-984.471856,36,6050,-900.9640485000001,-900.6892138999999
208,-984.730146,38,6088,-900.92239048,-900.63314912
209,-981.698736,40,6128,-900.80398686,-905.6015905400001
210,-486.688605,51,6179,-900.6987282800001,-900.6181793800001
211,-976.493904,60,6239,-904.49171772,-900.53186254
212,-987.873539,40,6279,-904.52520022,-900.52364075
213,-976.557977,51,6330,-904.4291593400001,-900.4093057599999
214,-486.658388,28,6358,-894.40996528,-895.38149872
215,-979.186175,42,6400,-896.2855402399999,-896.37294278
216,-881.00518,48,6448,-894.1899078800001,-895.29565925
217,-984.149857,48,6496,-904.11998798,-895.33680278
218,-976.148424,66,6562,-913.8822368799999,-900.23024586
219,-977.528982,39,6601,-913.7088425000001,-900.14253864
220,-878.873032,49,6650,-911.50626848,-901.02901602
221,-968.066851,71,6721,-913.14985254,-905.81715012
222,-877.841862,52,6773,-910.91191282,-904.71116945
223,-987.70985,46,6819,-910.89762866,-909.6811296
224,-976.095178,48,6867,-922.6435173,-910.5833167
225,-986.56341,31,6898,-932.6003801600001,-916.6085813200001
226,-982.106096,43,6941,-942.4051266000001,-917.6010908499999
227,-983.279007,42,6983,-942.34173004,-918.55438991
228,-980.1216,59,7042,-942.1347568599999,-919.55954493
229,-980.558827,45,7087,-942.0086844799999,-919.530251
230,-383.981944,39,7126,-929.93403716,-913.53464757
231,-980.528569,48,7174,-929.7659423800001,-914.56633628
232,-985.58818,42,7216,-931.73707852,-914.5008463000001
233,-887.954681,27,7243,-930.0201962000001,-913.46608048
234,-987.629755,43,7286,-930.0029847600001,-913.41617323
235,-982.155783,41,7327,-929.8113772199999,-913.49634329
236,-877.844705,60,7387,-927.5405976000001,-917.3439705300001
237,-973.747329,64,7451,-927.1894764,-919.2062649800001
238,-371.254954,66,7517,-914.8698790800001,-914.04451866
239,-981.376615,43,7560,-914.94446216,-914.9871986499999
240,-486.840916,33,7593,-904.9429855,-909.97235787
241,-880.194372,45,7638,-904.8080010200001,-908.88725404
242,-970.180153,68,7706,-904.4242818799999,-908.6873056300001
243,-873.110881,70,7776,-902.101331,-907.5588416400001
244,-384.205447,38,7814,-892.11878272,-901.5357029300001
245,-987.37959,47,7861,-892.05793106,-901.5034375600001
246,-977.713971,72,7933,-891.8259657799999,-901.44718921
247,-379.256654,58,7991,-879.5762546200001,-895.3734284100001
248,-974.927081,55,8046,-879.29171682,-895.2830594800001
249,-970.631841,62,8108,-878.92668714,-895.08311349
250,-980.69943,59,8167,-881.0828916,-895.0459605499999
251,-968.994563,72,8239,-880.87072724,-894.8477757799999
252,-975.021176,56,8295,-882.5912598400001,-894.70530946
253,-984.117874,53,8348,-884.49171508,-894.6630618
254,-974.497472,62,8410,-886.30175372,-894.6738545599999
255,-873.829789,59,8469,-884.11927212,-893.5178761700001
256,-682.660671,63,8532,-880.0146375600001,-890.46085045
257,-477.252807,56,8588,-869.8702565799999,-885.4171525400001
258,-983.871146,51,8639,-869.8530765799999,-885.38773353
259,-980.989671,52,8691,-869.83889528,-885.32144107
260,-970.080197,74,8765,-879.50672712,-890.1027277000001
261,-976.10299,62,8827,-879.4989088400001,-891.99531328
262,-972.475442,55,8882,-879.1909469,-891.8580735600001
263,-981.022047,68,8950,-879.2802282999999,-891.8546938200001
264,-882.932597,54,9004,-887.2057124800001,-890.80783888
265,-484.789812,43,9047,-877.3177852199999,-886.80166273
266,-883.942415,54,9101,-877.37652992,-885.7832189
267,-981.946922,69,9170,-877.33247122,-890.7262295999999
268,-479.225351,54,9224,-867.39400976,-890.63812332
269,-869.57225,69,9293,-865.23487512,-889.47185881
270,-981.185666,41,9334,-867.2811278000001,-889.3936981400001
271,-973.419548,53,9387,-867.38818174,-890.26901714
272,-484.522886,47,9434,-859.5218022199999,-885.2168575200001
273,-881.314238,44,9478,-857.3938899799999,-884.14575932
274,-877.793216,48,9526,-855.4278507400002,-889.0356840199998
275,-381.767871,46,9572,-843.33193996,-887.96616006
276,-976.435232,57,9629,-843.21852268,-892.8118246399999
277,-973.270112,68,9697,-843.01834478,-892.6800374100001
278,-978.514978,74,9771,-842.9862123400001,-892.5604845999999
279,-989.179177,68,9839,-843.15861934,-892.5836519100001
280,-968.464894,66,9905,-854.8482783400001,-892.3911577499999
281,-980.476544,75,9980,-854.84723784,-892.30659011
282,-969.600498,105,10085,-854.5274842,-893.1322813600001
283,-980.976629,53,10138,-856.3879231599999,-893.2040596799999
284,-974.455242,59,10197,-856.1244329,-893.06370883
285,-973.928533,52,10249,-855.9598879,-892.8856325600001
286,-872.329611,79,10328,-855.84958602,-891.69509181
287,-974.116817,61,10389,-855.8569757800001,-891.5232260900001
288,-974.860773,46,10435,-867.92909216,-891.39948562
289,-974.464389,52,10487,-867.7908476400002,-891.3676548999999
290,-771.816871,80,10567,-873.49036674,-889.2166761200001
291,-983.546043,39,10606,-875.5574001599999,-890.1827005899999
292,-983.321784,76,10682,-875.8202327800001,-890.12225733
293,-974.933985,68,10750,-877.85669486,-889.9790129300001
294,-981.660962,78,10828,-889.80580516,-890.96229394
295,-975.612044,68,10896,-889.57045424,-890.81419265
296,-975.309896,64,10960,-889.52237274,-890.6741692600001
297,-477.099653,67,11027,-891.47923272,-885.52774367
298,-972.757387,84,11111,-891.4358388400001,-885.36377783
299,-463.669198,103,11214,-881.2965859799999,-880.1116365600001
300,-966.1184,60,11274,-881.0049653799999,-881.04392849
301,-985.878246,50,11324,-881.3426390399999,-881.1066831400001
302,-854.146762,110,11434,-878.92515076,-880.7582053
303,-974.245859,78,11512,-878.7277104600001,-881.6097127699999
304,-962.113671,70,11582,-878.48003444,-882.39089408
305,-970.468876,88,11670,-880.41281618,-882.26604415
306,-957.458271,144,11814,-885.9087681799999,-882.96170287
307,-278.172355,74,11888,-881.92715914,-875.8987078600002
308,-872.048128,67,11955,-879.69069878,-874.7718876800001
309,-386.917701,51,12006,-867.80925938,-868.82407733
310,-665.930657,102,12108,-861.7262685799999,-870.61649785
311,-852.64653,135,12243,-859.25713938,-869.37802411
312,-971.061514,96,12339,-859.22886082,-869.20990386
313,-974.439796,83,12422,-859.0972158000001,-869.1887220499999
314,-969.450881,96,12518,-860.8275814799999,-874.0166469800001
315,-384.812846,52,12570,-858.82804216,-868.07291369
316,-980.511668,72,12642,-860.7594272199999,-869.0679785699999
317,-959.803461,105,12747,-860.3165580000001,-868.82451461
318,-469.89528,73,12820,-860.12995658,-863.76198317
319,-971.870046,85,12905,-862.1759125000001,-863.7053938099999
320,-969.950973,101,13006,-861.95121864,-864.61617322
321,-980.829009,91,13097,-862.09940786,-864.7437948
322,-470.771677,96,13193,-861.82438368,-860.67309295
323,-377.66118,77,13270,-851.7513225200001,-854.5726062499999
324,-969.520635,134,13404,-853.5858708999999,-854.50686082
325,-458.675518,131,13535,-855.1240238400001,-849.2279818999999
326,-968.961131,123,13658,-854.9745418199999,-849.09653225
327,-463.650367,111,13769,-844.78214692,-843.90024585
328,-953.981761,139,13908,-844.29148258,-843.63884746
329,-455.293641,158,14066,-833.6137718599999,-838.3861956000001
330,88.037002,240,14306,-812.48373394,-833.6660061399999
331,-480.416669,62,14368,-802.48253644,-828.66488714
332,-439.642203,178,14546,-791.88337054,-823.2054273699999
333,-933.784204,201,14747,-790.93952204,-823.6637226
334,-352.456895,133,14880,-778.4995551,-817.311994
335,-895.692548,240,15120,-776.9348354,-816.44736165
336,-954.444235,160,15280,-778.57712788,-817.21335695
337,-364.317321,72,15352,-766.3811379599999,-811.1190568699999
338,-986.822285,134,15486,-766.6203681999999,-817.27473018
339,-481.554314,59,15545,-756.7621667,-812.27650717
340,-925.733642,170,15715,-759.84050212,-816.66543443
341,-383.85992,45,15760,-747.84677966,-811.70208991
342,-936.540536,151,15911,-746.9111547,-811.36569374
343,-952.295913,132,16043,-746.45839326,-812.15754406
344,-420.17614,201,16244,-735.2286968200001,-812.5172509899999
345,207.166928,240,16484,-711.57311738,-800.57178581
346,-447.046447,145,16629,-701.0078484000001,-795.2651105699999
347,-478.860426,64,16693,-701.04306386,-796.2611482899999
348,-466.345785,106,16799,-690.91483182,-791.1753353299999
349,-840.392532,154,16953,-698.4492985,-789.8729422399999
350,-851.918629,157,17110,-696.1653030800001,-788.5851342300001
351,-461.811701,131,17241,-685.6839721800002,-783.5133056100001
352,98.054166,240,17481,-666.63995362,-772.7825521899999
353,-481.040191,52,17533,-656.77584026,-767.7517753599999
354,163.742955,240,17773,-634.25870774,-756.3693710900001
355,-842.308722,144,17917,-631.69550466,-756.05416042
356,-467.523354,86,18003,-621.89680632,-753.9027872500001
357,-256.835875,106,18109,-621.47007672,-751.6986179299998
358,-480.025518,59,18168,-613.6296245200001,-746.6601616500001
359,56.478783,240,18408,-604.76169484,-736.2854771100001
360,-377.502712,54,18462,-598.99313594,-730.35970226
361,104.60363,240,18702,-579.84813274,-719.5526360599999
362,-465.768462,152,18854,-569.7422717,-714.48556626
363,-344.074104,199,19053,-557.13495786,-708.11608683
364,-477.22703,55,19108,-547.29048084,-704.05903116
365,-278.683379,85,19193,-545.1678915,-701.9979668300001
366,-868.32625,117,19310,-542.92418314,-701.84180518
367,-359.183017,164,19474,-530.91177426,-695.61416613
368,-461.925281,205,19679,-530.75237428,-695.44116543
369,87.312992,240,19919,-509.56871352,-685.8723130100001
370,-474.756371,55,19974,-499.66482148,-680.80802006
371,-484.162589,92,20066,-489.73149308,-675.9154504700001
372,-812.737938,223,20289,-496.5708182999999,-679.1976009900001
373,209.618575,240,20529,-484.82522320000004,-668.28827286
374,-471.619852,71,20600,-474.86720754000004,-664.22653922
375,-960.812559,202,20802,-484.90994836,-670.0169861
376,-468.434409,133,20935,-474.89941392000003,-664.93697787
377,-943.759438,124,21059,-484.50159534000005,-664.6418711299999
378,-464.147122,176,21235,-474.70490256,-659.4981925699999
379,-468.726993,124,21359,-474.97356959999996,-654.29367073
380,-949.675843,124,21483,-495.7278265,-654.1057802199999
381,-949.892343,160,21643,-505.11733998000005,-653.7999382099999
382,-484.721287,61,21704,-506.01892166000005,-648.9511461
383,-483.601921,47,21751,-497.0152759999999,-643.97739902
384,-383.325636,61,21812,-497.63265082,-638.06610296
385,-350.118214,170,21982,-486.72116414,-631.82799977
386,-476.491528,65,22047,-477.16211000000004,-627.86961894
387,-459.975816,95,22142,-479.07527989999994,-622.7282089299999
388,-363.931393,109,22251,-466.61746206000004,-616.61891513
389,173.754218,240,22491,-453.51129141999996,-605.13672906
390,194.778018,240,22731,-431.10105821999997,-595.47078017
391,-908.803309,217,22948,-441.59992600000004,-594.72335283
392,-482.086818,64,23012,-432.51085164000006,-589.7110031699999
393,-950.399913,156,23168,-432.47293163999996,-589.46566245
394,112.575935,240,23408,-421.81789014000003,-578.52329348
395,-474.795367,64,23472,-435.45713603999997,-573.51512671
396,-484.516457,69,23541,-436.20653624,-568.6071923200001
397,-280.03988,51,23592,-432.23012531999996,-566.63659459
398,62.953959,240,23832,-421.64413044,-556.27948113
399,-961.7689,118,23950,-424.07165779999997,-561.26047815
400,-817.854314,215,24165,-423.39037149999996,-559.77783729
401,-479.516239,55,24220,-423.74446226,-554.71421722
402,-838.368312,180,24400,-442.4729118199999,-554.55643272
403,-485.07659,65,24465,-442.5536397999999,-549.66474003
404,-469.25928,138,24603,-455.2136845,-544.7361961199999
405,-477.91411,62,24665,-447.9257922599999,-539.81064846
406,-946.97793,205,24870,-457.51488378,-539.7058450500001
407,-378.245439,58,24928,-459.94307505999996,-540.7065758900001
408,-969.204541,123,25051,-469.72665552,-541.67814002
409,66.786888,240,25291,-469.52049342,-537.1410941299999
410,-446.229479,166,25457,-470.89502876,-534.94408235
411,-950.244581,134,25591,-491.99199298,-535.9200628599999
412,-927.007011,210,25801,-501.21676396000004,-535.4795178300001
413,-355.742682,188,25989,-501.45013552000006,-529.29254669
414,-322.45045,199,26188,-498.35460392,-522.82254238
415,-473.46073,65,26253,-502.25015094,-523.70902122
416,-446.238309,202,26455,-493.80839212,-518.36628763
417,-856.148315,162,26617,-503.74769807999996,-517.3297361699999
418,225.273455,240,26857,-490.00372336,-510.37804881999995
419,-448.718977,162,27019,-500.72436274,-505.14653812999995
420,-823.935776,170,27189,-507.70795083999997,-503.68638616
421,-476.305071,76,27265,-507.55080048,-498.64114678
422,-482.466442,57,27322,-500.94537056,-498.75809442999997
423,97.102064,240,27562,-503.19570078,-494.01046198999995
424,-909.364019,230,27792,-511.95058412,-493.40889583000006
425,258.312535,240,28032,-487.56808224,-486.2390153
426,-841.442815,160,28192,-495.02825036,-484.96383214
427,88.079196,240,28432,-474.39147768,-479.44653651
428,74.557653,240,28672,-463.61738218,-469.16114237
429,56.497754,240,28912,-453.11288723999996,-464.04322842
430,-413.995608,201,29113,-442.39928254,-469.06355451999997
431,-927.41621,215,29328,-441.94975988,-473.53354993
432,-960.396179,164,29492,-451.46325771999994,-478.74108969
433,92.740994,240,29732,-439.93639942000004,-468.47583771000006
434,-449.147552,225,29957,-441.25283774,-469.44274427999994
435,96.730267,240,30197,-432.31586812,-459.51851612999997
436,172.582157,240,30437,-419.33439441999997,-448.24825221
437,-955.125091,160,30597,-429.23737992,-454.15632991000007
438,-457.928701,173,30770,-431.11732608,-448.86739407
439,203.831746,240,31010,-430.51577552000003,-442.01353346999997
440,-476.718532,63,31073,-443.94570652000004,-437.52338237000004
441,124.56729,240,31313,-423.27829454,-432.43911026999996
442,-323.324354,173,31486,-420.10304526,-426.30694845
443,-445.82432,170,31656,-410.0115334,-421.24223252
444,-418.407376,239,31895,-420.63119961999996,-421.22454487999994
445,-133.297803,150,32045,-413.80124834000003,-424.62919218999997
446,-253.305489,159,32204,-409.17702898000005,-422.69178261
447,201.978654,240,32444,-399.53665830000006,-415.88339181
448,-481.804991,54,32498,-410.4318373,-416.03798387
449,64.186197,240,32738,-389.91273536,-406.99219658000004
450,-475.266539,60,32798,-383.06097986000003,-403.22567568000005
451,94.033413,240,33038,-371.58998682,-397.66722453999995
452,-385.303336,50,33088,-362.5286873,-402.50079956
453,-445.051403,218,33306,-361.72818356000005,-402.14091168
454,-446.304197,124,33430,-361.26908189999995,-408.2413832
455,-471.559128,64,33494,-361.14198226,-404.53388726
456,-377.894186,68,33562,-349.76030738000003,-403.63759558
457,-384.144222,59,33621,-349.87828304000004,-404.91067904999994
458,65.124861,240,33861,-329.191695,-399.45917526000005
459,184.416363,240,34101,-326.8391055,-398.17979945999997
460,80.474976,240,34341,-316.3050164,-393.60002258000003
461,-473.991021,64,34405,-306.7799452,-399.38596909
462,90.162484,240,34645,-286.4365553,-393.82665963
463,-420.020236,227,34872,-287.72210637999996,-394.58612094999995
464,-480.59103,51,34923,-290.88491798,-394.61976095000006
465,-471.819302,110,35033,-290.85208942,-396.55112018
466,81.130557,240,35273,-280.3047121,-387.05655211000004
467,88.859681,240,35513,-261.40455218,-382.57612513
468,-476.345346,70,35583,-275.4369282,-382.72032578
469,197.78506,240,35823,-262.50684746,-381.61560510000004
470,95.21373,240,36063,-244.12385734,-375.91590408999997
471,-479.656786,96,36159,-244.19089164000002,-375.87084605999996
472,-826.61428,207,36366,-251.07384839999997,-376.00960948
473,185.437083,240,36606,-249.30714802,-376.2514244
474,-369.977382,87,36693,-238.51941528,-375.23499969999995
475,-447.881123,204,36897,-252.64328844,-370.10568534
476,81.63336,240,37137,-234.18176494,-364.60500764999995
477,-467.429182,104,37241,-245.2919325,-359.84170508999995
478,-403.609891,209,37450,-254.85528338,-359.23633278
479,72.882818,240,37690,-254.5275821,-353.82023467
480,-478.53158,56,37746,-255.81830154,-349.10879204
481,77.086993,240,37986,-235.72823748,-338.83899868000003
482,126.291251,240,38226,-213.99448888000003,-332.72887330000003
483,87.090569,240,38466,-214.10749738,-327.0219484
484,94.283558,240,38706,-203.23887518,-322.24585645999997
485,181.694818,240,38946,-201.53958415999998,-316.92772614
486,-449.673988,144,39090,-213.98470706,-316.65955074
487,-473.984293,73,39163,-204.36189109999998,-316.79963551000003
488,-488.756111,40,39203,-204.9784393,-318.04788269
489,70.654684,240,39443,-207.64198054,-319.07887803
490,-444.91833,224,39667,-207.0059765,-325.47584151
491,-456.139305,184,39851,-218.6201084,-320.94920147
492,-377.698327,55,39906,-219.70758786000002,-319.90531656
493,85.992675,240,40146,-209.07124796,-309.54139068
494,99.133169,240,40386,-198.72043706,-309.67581834
495,-478.004869,48,40434,-205.61457838,-309.70791335999996
496,65.05141,240,40674,-199.24744040000002,-304.21223469
497,-426.214505,206,40880,-211.81130358000001,-305.67398094
498,-484.451809,46,40926,-211.86423994,-311.14803862
499,79.781431,240,41166,-211.55233526,-300.73253531
500,115.374288,240,41406,-199.73951872,-291.40024929
501,-253.102715,153,41559,-206.68224127999997,-289.13611405
502,88.574066,240,41799,-197.20469324,-279.86669027
503,167.569773,240,42039,-184.95226972,-273.34022664
504,-487.820141,48,42087,-185.78258859999997,-273.52583525
505,65.816268,240,42327,-175.03508068000002,-268.08853147
506,37.634547,240,42567,-166.72450602,-258.2424067
507,60.708397,240,42807,-157.82745364000002,-253.85286834000001
508,-479.465997,92,42899,-168.7192708,-248.9554829
509,-483.10214,65,42964,-182.06964086,-254.45437318
510,-483.885542,38,43002,-193.35685121999998,-254.83093380999998
511,-442.310312,156,43158,-192.72323704,-249.75159112
512,74.555944,240,43398,-193.03536784,-239.73596157
513,377.237429,240,43638,-177.09021454,-232.40616046
514,-460.055927,113,43751,-176.67951248,-233.78221523
515,-350.181802,199,43950,-174.24676248,-232.54942595
516,-434.889678,138,44088,-184.56716718000004,-232.43593964
517,183.882028,240,44328,-182.66672024000002,-222.03563621
518,81.978573,240,44568,-171.50024186000002,-223.46858502999999
519,-463.22524,125,44693,-184.72044786000004,-223.61364766
520,-482.673457,52,44745,-196.27819159999999,-220.20102447000002
521,-474.886631,65,44810,-196.18278850000002,-220.18684007
522,180.9881,240,45050,-176.03074089999998,-213.55229465
523,-475.019189,72,45122,-189.23986634000002,-219.27350718000002
524,-482.234254,51,45173,-191.48500378,-215.00220953
525,65.666721,240,45413,-181.2140469,-216.92866766999998
526,168.571999,240,45653,-179.47527412,-206.82851952999997
527,-479.339379,68,45721,-179.71347805999997,-212.50270528000001
528,-458.654453,181,45902,-180.8143693,-217.83482634
529,152.136394,240,46142,-179.22929777999997,-216.87843994
530,-479.572265,59,46201,-179.25011148000002,-217.53420651
531,-326.822892,190,46391,-187.32830918,-211.52827333000002
532,88.870408,240,46631,-188.07672603999998,-201.03560746
533,-438.584919,189,46820,-198.59023580000002,-206.34886659
534,-445.007261,218,47038,-209.37605218000002,-206.30746368
535,-379.346504,65,47103,-220.59687861999998,-211.06823139
536,-455.076306,188,47291,-220.70492498000004,-217.34481602000002
537,-464.688438,192,47483,-220.51900788,-212.44044949
538,57.253903,240,47723,-209.5988076,-207.28862345
539,-481.484087,53,47776,-220.64158301999998,-214.14178177999997
540,-472.904249,57,47833,-221.20130139999998,-214.10363894999998
541,-463.010046,113,47946,-221.33871622000004,-219.97941231000001
542,-461.997267,130,48076,-223.02469502,-221.36614143999998
543,202.60624,240,48316,-220.69242372,-214.88183583999998
544,55.203542,240,48556,-221.57101626000002,-210.14572666
545,-479.209029,92,48648,-221.59509946000003,-213.60483892
546,-435.75364,204,48852,-231.61120046,-215.42932043000002
547,-432.995208,174,49026,-231.74681452000002,-221.77905905
548,-383.68685,54,49080,-229.73151534000002,-220.79787764
549,-316.898096,176,49256,-237.66510588,-224.60872057
550,74.8536,240,49496,-238.47551964000002,-219.10751918000003
551,-483.166866,55,49551,-243.07680266,-224.87952197
552,194.350043,240,49791,-240.96128312000002,-219.08298818
553,-342.978353,223,50014,-251.17224564,-218.06225768000002
554,-819.134048,148,50162,-257.79852378,-221.79055619000002
555,-470.83035,125,50287,-268.53145614,-221.78326841
556,292.366097,240,50527,-263.43682514,-215.08066558
557,-372.510631,83,50610,-272.1012057,-214.96432967
558,-959.863939,91,50701,-281.70916453999996,-225.21421767
559,-486.951278,54,50755,-281.78614730000004,-231.92789408000002
560,-480.321678,49,50804,-281.71487002000003,-237.53586062
561,-952.936066,94,50898,-291.92738510000004,-242.32531107000003
562,-477.100507,53,50951,-302.96051412,-247.99794098
563,-474.539729,71,51022,-319.99605728,-248.54313591000002
564,-428.222737,160,51182,-319.35939348,-248.01945298
565,304.69557,240,51422,-306.26184604,-240.25430426000003
566,-340.169343,220,51642,-304.36743934,-244.46730326
567,-354.810844,162,51804,-315.14129677999995,-248.90400850999998
568,-484.22392,49,51853,-326.46534664,-248.98279425
569,-477.779227,52,51905,-326.75642638,-255.73843712000001
570,211.528671,240,52145,-312.87238382000004,-254.57528771
571,-384.53897,56,52201,-311.0654306,-253.62410955
572,87.436745,240,52441,-312.9364577,-244.48359929999998
573,-478.163269,63,52504,-312.9993393,-251.11960282
574,-427.39674,179,52683,-311.90258902,-251.69379640000002
575,-475.989539,65,52748,-322.73571422000003,-251.97488055999997
576,177.293807,240,52988,-322.56127806,-251.01827609
577,88.045049,240,53228,-311.2135895,-245.46353378
578,70.960479,240,53468,-300.62129086,-240.71783008
579,71.284031,240,53708,-302.23833812,-240.73381795
580,-484.26956,62,53770,-302.33228402000003,-240.79119775000004
581,73.521744,240,54010,-294.32539130000004,-240.82685024
582,-436.05547,176,54186,-304.82390886,-246.45031745
583,103.576395,240,54426,-293.98068258,-246.28545919
584,-449.655497,135,54561,-294.07364729999995,-251.72484974
585,-476.483784,65,54626,-296.01639289999997,-258.30663576
586,43.590885,240,54866,-286.04304908,-253.37398703000002
587,139.853863,240,55106,-273.95220306,-247.23560547
588,-426.371909,168,55274,-283.62471930000004,-246.61176345000004
589,-471.875378,93,55367,-283.43254512,-252.03706406999999
590,-479.157494,67,55434,-283.55761002,-252.37945571
591,-426.941868,227,55661,-282.83624646,-252.08748134
592,-961.500647,88,55749,-292.82631406,-257.92550454
593,-484.124445,64,55813,-306.56092776,-263.62667574000005
594,67.898004,240,56053,-306.30703852,-263.93902739000004
595,90.072396,240,56293,-294.92141002,-258.25825474
596,343.436748,240,56533,-279.33760226000004,-255.47440136
597,93.073442,240,56773,-268.81622926,-250.28152189
598,-485.226187,43,56816,-270.847016,-250.28926567
599,-804.730996,199,57015,-280.603674,-259.13438994
600,86.904315,240,57255,-280.3626597,-259.41908967
601,74.987614,240,57495,-269.1995701,-256.13818638
602,61.739003,240,57735,-271.8517909,-256.40653701
603,74.219912,240,57975,-263.5078256,-257.34003562000004
604,-480.551588,55,58030,-256.7361764,-257.26735009
605,-442.405125,143,58173,-256.16767189999996,-262.34956402
606,172.499258,240,58413,-258.56500868,-261.00091691
607,74.538393,240,58653,-249.62402820000003,-260.86261695
608,180.735448,240,58893,-226.81204046,-254.26060249999998
609,-386.516186,47,58940,-224.80333862,-253.29474296
610,-444.635788,190,59130,-224.08962082,-252.90224541999999
611,85.204103,240,59370,-203.32681743999999,-247.62710127
612,-386.245224,92,59462,-201.50971178,-252.23511295
613,-337.350982,190,59652,-198.76593684,-259.38099706
614,-469.618093,72,59724,-199.59384396000002,-259.47661872000003
615,-448.825275,176,59900,-214.66426085999998,-260.46305345
616,-423.37357,195,60095,-216.3283454,-260.34789237
617,-327.233149,221,60316,-215.7767915,-265.45904414
618,63.256854,240,60556,-204.82717602,-265.64626133
619,-424.979012,179,60735,-203.77117171999998,-265.26379905
620,192.880576,240,60975,-204.14413362,-258.50825872
621,-790.033927,217,61192,-212.25403276,-261.65973168
622,74.86992,240,61432,-212.50536926,-262.72091348000004
623,304.92799,240,61672,-196.84354408,-254.92144169
624,56.009246,240,61912,-187.17542436,-249.53900668999998
625,-458.342492,134,62046,-186.82248342,-254.77909882
626,-481.732487,64,62110,-200.00300929999997,-261.28214368
627,-456.541995,128,62238,-210.89475018000002,-261.05416984
628,129.182818,240,62478,-209.73030339999997,-255.17579712999998
629,-472.209132,83,62561,-220.60016665999999,-261.41925239
630,55.462411,240,62801,-209.80552724,-256.06890563
631,-333.987714,198,62999,-217.95571639999997,-256.14055385
632,-483.76933,83,63082,-218.9099936,-261.86695123000004
633,-457.326142,126,63208,-230.12804434,-262.05436346000005
634,-484.132603,68,63276,-230.81758646000003,-262.44561688
635,203.100067,240,63516,-217.22590944,-256.62115117
636,65.611411,240,63756,-216.78549891999998,-251.41427399999998
637,97.396894,240,63996,-217.6346383,-245.79342068000003
638,177.955476,240,64236,-205.5480906,-244.58640495000003
639,-920.480206,232,64468,-214.52018715999998,-248.97636613999998
640,-429.285073,189,64657,-213.52273874,-248.54017438000002
641,-379.320741,185,64842,-212.57031619999998,-247.70328132999998
642,189.601689,240,65082,-189.54826948000002,-241.18729177
643,115.065028,240,65322,-177.56448001999996,-242.06270389000002
644,78.674256,240,65562,-177.34895497999997,-241.82799674999998
645,-357.086153,118,65680,-186.29212595999996,-240.60676798999998
646,-474.488648,64,65744,-202.65063388,-240.99411807
647,209.755323,240,65984,-200.31699626000002,-234.56661276
648,89.420739,240,66224,-188.82405774,-229.83553687
649,196.334186,240,66464,-168.8027541,-224.70321404999999
650,-468.974265,111,66575,-179.9203257,-230.1414927
651,68.286075,240,66815,-180.05435648,-224.62696329
652,66.574698,240,67055,-179.95764258,-225.90471674
653,177.600917,240,67295,-177.89002248,-220.69892403999998
654,106.742865,240,67535,-166.14413342,-211.44015491
655,-481.081296,75,67610,-166.91765683999998,-211.54266436999998
656,-478.036058,124,67734,-179.92836316,-219.24668592
657,-485.292716,73,67807,-191.12498534000002,-220.37450677
658,-446.001304,161,67968,-203.65972038,-215.23588042
659,-457.182008,132,68100,-205.07303682000003,-214.93818771999997
660,105.936554,240,68340,-194.06158997999998,-209.07560539999997
661,-360.605122,132,68472,-202.97777447999997,-203.15229595999998
662,-369.127545,117,68589,-202.63542089999999,-202.07256633999998
663,-482.357959,64,68653,-205.53556043999998,-202.15074864
664,-349.2667,206,68859,-203.12853257999998,-201.36118826999999
665,177.334979,240,69099,-190.60532750000002,-202.63479418
666,196.502384,240,69339,-178.20780842,-197.26807691000002
667,105.715955,240,69579,-169.54882633999998,-192.66280892000003
668,91.367413,240,69819,-168.98661516,-186.90689559000003
669,115.140656,240,70059,-158.1842218,-180.97769676
670,184.757735,240,70299,-158.34667861999998,-181.24540611999998
671,126.87893,240,70539,-140.00842148,-176.13122712
672,-482.342668,87,70626,-151.15267324,-181.82902125
673,-212.03715,226,70852,-161.49197604,-179.16776006
674,64.958806,240,71092,-161.31298483999998,-174.2442046
675,-475.380812,76,71168,-161.65375124,-174.23811733000002
676,84.621947,240,71408,-150.32666256000002,-175.16483592999998
677,86.690692,240,71648,-139.46200882000002,-175.17837949999998
678,75.361537,240,71888,-140.53843444,-175.13436892000001
679,101.713843,240,72128,-129.05997494,-174.8300708
680,41.592531,240,72368,-129.33737254,-169.57144989
681,-483.173931,54,72422,-132.32109688,-175.13840664
682,81.4334,240,72662,-121.01704228,-169.96351794000003
683,-450.955649,231,72893,-120.88963242,-175.50883838000001
684,-452.36947,109,73002,-120.25436976,-175.53597811
685,65.493966,240,73242,-123.00649177999999,-170.11620061000002
686,73.039557,240,73482,-122.85792885999999,-169.82171388999998
687,107.26083,240,73722,-122.66065014,-170.14764422
688,50.827697,240,73962,-125.20320572,-165.37564815999997
689,-458.157207,148,74110,-115.95674574,-165.23846644999998
690,-474.628868,76,74186,-116.86362164,-165.19318019
691,36.230162,240,74426,-108.55260358000001,-160.56145989
692,276.046093,240,74666,-106.82371550000002,-148.18599249
693,-482.222698,64,74730,-118.76947002000001,-148.16697502
694,-468.536516,88,74818,-129.71368546,-153.53132022
695,-441.954161,138,74956,-131.41104562,-158.85158579
696,185.212131,240,75196,-118.21703004,-160.43383196000002
697,-329.52282,183,75379,-129.0025929,-164.65979457999998
698,64.878393,240,75619,-129.49343982,-159.15874878
699,59.739243,240,75859,-132.22533868,-150.51404639
700,-475.638402,64,75923,-132.35862142,-156.13947356
701,116.033924,240,76163,-131.40366444,-155.72901046
702,69.014689,240,76403,-131.35486462,-155.6562536
703,-369.605661,195,76598,-142.29899618,-160.09450933
704,-439.001376,149,76747,-153.21388100000001,-159.67900721
705,72.051254,240,76987,-142.15123,-154.53444342
706,-483.05388,52,77039,-142.25158643999998,-161.0899748
707,181.483038,240,77279,-128.91607136000002,-160.02052835
708,-467.508867,227,77506,-129.34622262,-166.50297149999997
709,53.501142,240,77746,-119.13255962,-162.10279822
710,80.252207,240,77986,-119.64624656,-156.85391827
711,-383.972386,67,78053,-120.11359184000001,-161.54568315999998
712,-436.398373,176,78229,-121.45900839999999,-162.04721465
713,118.058645,240,78469,-109.45067632,-157.49311838
714,-405.583795,225,78694,-110.57701822000001,-156.8527754
715,132.707494,240,78934,-111.46956791999999,-151.03744771
716,59.602788,240,79174,-114.20755983999999,-146.20768413
717,201.98226,240,79414,-112.28223374,-140.91553004
718,172.850367,240,79654,-110.65257465999998,-139.81959491
719,-369.860519,124,79778,-120.35259816,-139.26840998
720,-264.491958,102,79880,-129.33759202000002,-143.84213532
721,85.019286,240,80120,-130.17478490000002,-135.09160319
722,-454.503817,196,80316,-129.61800788,-140.38534055999997
723,104.152042,240,80556,-123.29422403999999,-142.39310003999998
724,-369.555548,106,80662,-131.98451112,-146.64874798
725,-453.991054,134,80796,-131.55671596,-146.6052336
726,57.212413,240,81036,-132.10490664,-141.2157846
727,-347.423233,168,81204,-140.78718514,-140.12459698
728,70.62201,240,81444,-140.88197567999998,-140.71020506
729,187.808096,240,81684,-139.16009062,-134.11003278
730,-427.421144,201,81885,-148.54036412000002,-138.93886833
731,-376.990905,63,81948,-146.4167036,-139.36890024000002
732,206.317324,240,82188,-143.91902512000001,-132.4680337
733,-364.690664,79,82267,-142.19372542000002,-131.54167891999998
734,107.856318,240,82507,-130.98920966,-125.62178970999999
735,-438.5055,209,82716,-141.06919898,-132.03784538
736,77.741216,240,82956,-140.97516579999998,-131.91654733
737,-488.813156,69,83025,-152.89664552,-137.77864783
738,58.722672,240,83265,-152.73874602,-138.97097587
739,62.990844,240,83505,-142.315785,-129.13626537
740,-377.786817,69,83574,-140.37894398,-128.62128281000003
741,-480.019258,69,83643,-150.70393238,-129.62826798
742,-431.284721,161,83804,-164.85054866,-135.83713208
743,-486.903201,44,83848,-164.94415872000002,-141.85681437
744,92.653074,240,84088,-153.72036692,-141.71702618999998
745,68.560698,240,84328,-143.51006974,-137.46055768
746,92.202445,240,84568,-145.37026346000002,-131.79364675
747,196.705454,240,84808,-134.84569798,-131.92414544
748,-477.48047,58,84866,-145.69287524,-137.59315752999998
749,82.645478,240,85106,-145.23475054,-138.73004461
750,164.451439,240,85346,-132.43295372,-132.39578757
751,77.154752,240,85586,-133.21053716,-132.3071008
752,62.218941,240,85826,-133.34645211999998,-132.35065837
753,78.716425,240,86066,-124.38001039999999,-133.33950329
754,300.87874,240,86306,-109.58240808000001,-131.39814454
755,105.319673,240,86546,-108.9170397,-125.53413485000002
756,40.053095,240,86786,-98.4549002,-120.35324331999999
757,-478.014991,80,86866,-111.64486078,-120.28046606999999
758,-478.154719,68,86934,-111.85777782000001,-120.60200022
759,-433.026439,142,87076,-121.58832944,-120.36044453000001
760,102.744892,240,87316,-121.13847573999999,-120.39236115
761,91.45348,240,87556,-111.62995842000001,-115.87177513
762,82.227081,240,87796,-101.25744934000001,-111.35822887
763,80.017286,240,88036,-102.01827652,-105.73447642000001
764,181.588658,240,88276,-90.27482746,-100.42592284
765,104.644123,240,88516,-90.83609488,-101.1528314
766,175.81178,240,88756,-88.51191504,-101.35973743999999
767,-479.396069,70,88826,-102.13948162000001,-107.21085768
768,-388.127759,53,88879,-113.35904414000001,-112.0058094
769,-284.642677,80,88959,-111.6546873,-116.00364273000001
770,199.48911,240,89199,-102.37506594,-115.85632898
771,195.83293,240,89439,-100.15879306,-115.16678898
772,84.939789,240,89679,-89.36992093999999,-109.49396441
773,-409.856618,220,89899,-99.65009414000001,-111.47215909
774,66.736381,240,90139,-90.92425556,-111.45438333999999
775,301.967318,240,90379,-75.80508812,-103.68090204
776,153.046561,240,90619,-73.88840515999999,-102.99665590000001
777,177.130987,240,90859,-63.39732075999999,-102.09225295
778,123.464359,240,91099,-62.340473779999996,-101.61122473000002
779,97.066122,240,91339,-64.15531326,-101.65770194000001
780,-473.302271,70,91409,-65.07293580000001,-106.80664996
781,85.765076,240,91649,-55.81781618,-101.11725988999999
782,-465.304343,119,91768,-69.25024952,-106.58463732
783,88.146252,240,92008,-60.193511199999996,-101.19361831
784,183.433277,240,92248,-58.68197202,-94.83559084000001
785,-480.35677,61,92309,-59.518997420000005,-100.29409820000001
786,167.603785,240,92549,-57.721746040000006,-99.34845591999999
787,75.974516,240,92789,-46.4259926,-99.66131905999998
788,199.601664,240,93029,-43.60841276,-98.17357939
789,-804.569787,173,93202,-60.959625380000006,-101.63770518999999
790,151.046228,240,93442,-50.38296448,-95.38095423
791,85.615199,240,93682,-39.07027534,-94.88710385999998
792,81.164919,240,93922,-28.821282540000002,-96.8359156
793,181.048572,240,94162,-15.462247080000003,-90.2032029
794,196.769595,240,94402,-13.379916660000003,-83.55014179000001
795,177.890663,240,94642,-11.193317360000005,-77.35169355
796,-468.020994,113,94755,-22.397786140000004,-83.8840248
797,-477.233933,79,94834,-35.87657388,-85.36113593
798,107.990115,240,95074,-24.167162180000002,-84.93001870999998
799,-446.043987,207,95281,-34.74095148000001,-89.98785101
800,69.469183,240,95521,-36.6405966,-84.53677516000002
801,97.026579,240,95761,-36.24316006,-84.72684860999999
802,182.553889,240,96001,-33.8364611,-83.59145661000001
803,205.300797,240,96241,-31.304773660000006,-77.84239203
804,128.153394,240,96481,-34.75928058,-72.17084433
805,88.895571,240,96721,-35.08776262000001,-72.00240116
806,122.502147,240,96961,-33.43878158,-65.94684088999999
807,124.16245,240,97201,-21.39523276,-66.52004677
808,-898.168399,189,97390,-29.795506360000005,-70.82664209
809,96.234566,240,97630,-19.210286260000004,-70.39930785
810,360.818291,240,97870,-14.048818280000004,-67.59364701
811,-477.14662,89,97959,-25.42082028,-68.52538935000001
812,135.704869,240,98199,-24.351264520000004,-62.804356930000004
813,75.22853,240,98439,-24.447039640000003,-63.23265808
814,47.577992,240,98679,-27.12725296,-58.70104021
815,180.309393,240,98919,-25.61394756,-58.22502122
816,117.792361,240,99159,-26.77433594,-57.64312549
817,188.021992,240,99399,-13.425974720000005,-57.78272817
818,219.016836,240,99639,-1.2830828200000013,-57.32106348
819,-475.843177,68,99707,-5.107092820000002,-58.38089006
820,513.226288,240,99947,1.167650739999997,-50.6037076
821,-414.047036,205,100152,-11.029948580000003,-55.594370819999995
822,281.380886,240,100392,-7.101126640000005,-48.235523789999995
823,207.822043,240,100632,5.252446579999996,-47.198823780000005
824,81.446749,240,100872,5.546653939999996,-42.688800810000004
825,313.606807,240,101112,5.779443719999997,-35.0128222
826,-480.409033,61,101173,-6.889668160000003,-40.389036659999995
827,93.926457,240,101413,-8.553758760000003,-35.97553976
828,-483.708193,39,101452,-20.6972098,-41.518841789999996
829,91.841478,240,101692,-20.801702680000002,-42.47850797
830,93.650004,240,101932,-9.462657180000003,-37.26779649
831,196.409492,240,102172,-7.249768860000004,-31.533792520000002
832,87.526199,240,102412,3.8068419799999957,-32.721703770000005
833,-281.735316,50,102462,-3.5907893800000044,-31.89215029
834,67.301848,240,102702,-5.913417960000005,-32.29769499
835,81.971893,240,102942,5.333155299999994,-27.09292106
836,173.458661,240,103182,5.450252819999995,-26.13574661
837,196.667903,240,103422,7.864120559999995,-19.280936020000002
838,96.945895,240,103662,5.811005179999995,-18.898703790000003
839,-402.993749,191,103853,13.842525939999996,-23.558549720000002
840,-468.171891,98,103951,1.4581635599999947,-24.462400460000005
841,223.379397,240,104191,4.2134475199999954,-17.428413910000003
842,-354.332204,144,104335,-4.496494940000003,-16.658888740000002
843,96.482743,240,104575,-6.187811520000002,-10.8250293
844,-465.636165,92,104667,-19.43592672,-16.407921690000002
845,88.635268,240,104907,-21.22103462,-16.20717599
846,104.333641,240,105147,-9.773941920000004,-16.085864030000003
847,173.686664,240,105387,3.2444700199999956,-16.31605193
848,92.705819,240,105627,2.938784099999996,-10.614189040000001
849,-886.042557,237,105864,-5.861187300000004,-20.30106939
850,-444.545422,132,105996,-16.1414794,-26.391038
851,205.47101,240,106236,-13.972590780000003,-25.10787542
852,92.916701,240,106476,-15.765334540000003,-24.80089782
853,89.347071,240,106716,-18.084409060000002,-24.694591360000004
854,-478.237122,62,106778,-30.21221938,-32.48574998
855,84.133317,240,107018,-30.307464460000002,-32.69761354
856,124.484673,240,107258,-30.267813940000007,-31.85329776
857,92.628623,240,107498,-30.89849048,-26.14686162
858,91.319841,240,107738,-11.108725680000003,-20.45211602
859,-487.783943,69,107807,-22.789095860000003,-20.99969106
860,101.680247,240,108047,-27.971856740000003,-21.01033751
861,415.324931,240,108287,-10.122425720000003,-17.771622999999998
862,78.603813,240,108527,-11.264446840000005,-17.80785568
863,187.649448,240,108767,-9.016028480000003,-16.731534059999998
864,62.306983,240,109007,-8.721448660000004,-17.92435081
865,59.792861,240,109247,-11.131779300000003,-18.37286343
866,312.811642,240,109487,-7.231393680000004,-17.00286481
867,113.303503,240,109727,-8.725763460000003,-11.075869090000001
868,108.831483,240,109967,-10.929470520000002,-6.10627667
869,178.293567,240,110207,2.153264359999997,-1.4769142299999993
870,175.366223,240,110447,-4.603936940000002,-1.7181430999999998
871,-429.449218,201,110648,-4.911980580000002,-7.9709645799999995
872,177.688013,240,110888,-6.985838040000002,-7.04348234
873,-471.299404,98,110986,-20.568266979999997,-7.657910199999999
874,201.855849,240,111226,-18.16008498,-6.306715519999998
875,137.843097,240,111466,-21.67535918,-7.947957729999998
876,79.552852,240,111706,-10.476121480000002,-8.68289482
877,-475.773391,64,111770,-21.870118440000002,-15.211938599999998
878,191.455138,240,112010,-8.36685182,-14.532030809999998
879,70.472906,240,112250,-8.79422326,-14.797962969999999
880,-476.715175,78,112328,-20.20152684,-14.832092009999998
881,-332.19881,202,112530,-30.77369288,-19.011730869999997
882,91.90077,240,112770,-30.686201460000003,-13.439679739999997
883,182.57899,240,113010,-21.399915339999996,-12.495352359999996
884,-474.349168,70,113080,-32.232935659999995,-19.07317681
885,185.43333,240,113320,-30.163706920000003,-12.415275809999999
886,52.119738,240,113560,-32.59048538,-13.570116279999997
887,168.598924,240,113800,-33.151864960000005,-12.643872199999999
888,-400.758705,202,114002,-43.10595696,-18.64747589
889,205.803648,240,114242,-30.930009020000004,-8.543741539999996
890,-144.224638,148,114390,-24.451063959999995,-11.496450199999996
891,197.870291,240,114630,-24.961246080000002,-10.373899279999998
892,82.312224,240,114870,-16.22835752,-10.362426229999997
893,93.625048,240,115110,-16.28551142,-11.236661469999996
894,125.451992,240,115350,-4.463748280000001,-11.949837499999996
895,-167.815889,95,115445,-9.59277142,-15.406903019999994
896,-469.405028,68,115513,-21.0675448,-15.420743359999996
897,160.746127,240,115753,-21.326355540000005,-9.040942759999997
898,-466.342934,117,115870,-32.5073306,-14.784273249999996
899,57.166787,240,116110,-13.643143720000001,-9.752165509999998
900,79.055932,240,116350,-3.1711166400000015,-9.656298019999998
901,-409.145307,207,116557,-15.463442980000002,-14.718016879999999
902,-476.192635,114,116671,-26.8456297,-21.305482119999997
903,-252.415067,137,116808,-33.68087246,-25.882640759999994
904,-457.511135,131,116939,-33.26635272,-31.739286049999997
905,-379.633033,58,116997,-42.541679720000005,-36.42457209
906,-221.734322,183,117180,-49.466059619999996,-39.866936779999996
907,183.514005,240,117420,-47.64835198,-39.27342123
908,80.607383,240,117660,-47.862601139999995,-29.485663409999994
909,83.982428,240,117900,-36.42727372,-29.608184789999996
910,282.452788,240,118140,-32.8118229,-30.391839819999994
911,394.828349,240,118380,-33.22175454,-21.672090129999997
912,194.042415,240,118620,-30.912982500000002,-21.088714669999998
913,-263.254,92,118712,-39.93105146,-24.473539969999997
914,96.623521,240,118952,-39.244720699999995,-23.983084679999997
915,67.974957,240,119192,-39.081078780000006,-25.106429039999995
916,63.525759,240,119432,-44.06679644,-25.64909506
917,-477.989518,87,119519,-55.89265686000001,-32.30921016
918,95.264171,240,119759,-56.1640031,-33.54673681
919,-478.720821,86,119845,-69.30429086,-33.57551325
920,84.296152,240,120085,-71.12569228000001,-37.864814609999996
921,202.097477,240,120325,-58.49475838,-31.703369479999996
922,-887.374551,232,120557,-79.79600966,-43.39092385
923,-442.080782,170,120727,-79.21163722,-49.8899521
924,149.364536,240,120967,-80.26146348,-49.21077423
925,182.961116,240,121207,-79.3591031,-50.51723113999999
926,188.991127,240,121447,-77.1703376,-43.82322953999999
927,98.618158,240,121687,-65.68250662,-43.77631253
928,73.738819,240,121927,-68.036833,-38.20184241
929,92.38437,240,122167,-67.59860372000001,-38.19641349
930,119.860608,240,122407,-55.66708806,-37.93430745
931,-479.434049,81,122488,-58.61179284,-44.692742859999996
932,-453.633616,116,122604,-69.52248055999999,-50.10434100999999
933,-806.380147,199,122803,-89.3016633,-55.350789320000004
934,57.413941,240,123043,-78.66640112,-55.449668389999985
935,32.088504,240,123283,-81.73329764,-55.94850228
936,282.676204,240,123523,-77.12216832,-54.856326849999995
937,195.372577,240,123763,-76.58669526,-54.86928010999999
938,111.490462,240,124003,-66.34171192,-54.72383444
939,-241.477524,155,124158,-75.28733536,-53.10867219
940,192.216151,240,124398,-68.55851958,-46.50479176999999
941,73.186304,240,124638,-71.05219932,-48.00672269999999
942,264.131041,240,124878,-67.41582297999999,-41.822090249999995
943,113.39569,240,125118,-67.02041014000001,-41.652960779999994
944,68.609267,240,125358,-68.15726464,-36.31050646
945,118.30421,240,125598,-62.43486266,-36.01381703999999
946,111.660357,240,125838,-50.81355495999999,-35.94054987999999
947,107.753605,240,126078,-51.8734054,-36.599880469999995
948,-982.203257,62,126140,-62.19061186,-47.34897123
949,-440.505257,152,126292,-72.14405273999999,-42.893598229999995
950,204.96765,240,126532,-69.62581838,-36.398467509999996
951,-465.402261,96,126628,-70.75095746,-43.107200219999996
952,123.75784,240,126868,-58.75194796000001,-42.79878883000001
953,123.646066,240,127108,-51.230725299999996,-42.45579888
954,-355.874253,160,127268,-49.197987659999995,-41.23217019
955,196.939599,240,127508,-37.66653502,-40.104107369999994
956,105.133152,240,127748,-31.129185539999998,-40.297622579999995
957,178.656438,240,127988,-31.226336879999998,-39.437344429999996
958,81.87845,240,128228,-31.20091554,-39.531758339999996
959,299.545328,240,128468,-26.889657539999998,-31.658465629999995
960,-970.985938,83,128551,-51.95843206000001,-42.38512748
961,-907.051134,188,128739,-77.99602172,-55.60888813
962,90.373455,240,128979,-80.06940091999999,-55.491191709999995
963,204.115113,240,129219,-70.72201866,-55.32653506
964,-442.994034,134,129353,-81.51436976,-60.379545230000005
965,-921.61847,198,129551,-101.3062383,-70.19365854
966,92.977797,240,129791,-100.71719754,-72.39199699
967,-473.685119,70,129861,-100.63110955999998,-78.26188321
968,320.091068,240,130101,-96.13457162,-76.14928736
969,100.960439,240,130341,-84.54094642000001,-76.92261864
970,-430.659906,176,130517,-94.84006758000001,-82.98287993
971,158.99978,240,130757,-95.70202152,-77.09838995
972,-478.597074,73,130830,-87.52647197999998,-83.66124082
973,-206.936728,191,131021,-82.8235909,-81.01761406
974,61.08015,240,131261,-84.58927862,-82.42537105000001
975,-441.329502,196,131457,-97.07509098,-88.21709703999998
976,206.195637,240,131697,-96.73100078000002,-86.95066919000001
977,174.383618,240,131937,-95.21569158,-80.4490991
978,117.407631,240,132177,-94.34231534,-81.18957417
979,-443.79653,154,132331,-105.06593333999999,-86.33226853000001
980,284.751101,240,132571,-101.76812348,-78.71760577
981,72.849698,240,132811,-90.72244854,-74.66712069
982,195.506817,240,133051,-77.73963988,-73.63106022
983,-347.21718,185,133236,-68.55638053999999,-78.92902192
984,221.353404,240,133476,-65.27759128,-71.97199619999999
985,-759.487476,103,133579,-81.10911088,-81.42120426000001
986,256.758549,240,133819,-81.62746397999999,-79.37481615
987,-442.364765,169,133988,-94.38221082,-85.48445303999999
988,98.919465,240,134228,-94.63363076,-80.48767133999999
989,97.268431,240,134468,-87.85871165999998,-81.57302351
990,-433.729929,184,134652,-100.37763326,-84.46807642
991,78.196959,240,134892,-100.27742016,-85.66480973999998
992,-328.12176,181,135073,-112.12247617999999,-89.76914957999999
993,187.191137,240,135313,-110.64656724000001,-88.83348869
994,-336.753431,227,135540,-118.75382119999999,-93.45554292000001
995,85.789287,240,135780,-119.40411965999999,-90.91949115999999
996,106.617257,240,136020,-119.50498166,-85.15926830999999
997,60.444307,240,136260,-120.45116761999999,-86.16228651
998,-361.4066,104,136364,-108.03523447999999,-85.11292316999999
999,92.672967,240,136604,-97.37167,-84.75786136999999
1000,61.381533,240,136844,-100.24339234000001,-84.93460535999999
1001,-482.696496,62,136906,-100.58927704,-85.67011724999999
1002,-982.444306,102,137008,-122.71331996,-90.73263396
1003,-437.204881,210,137218,-133.93033889999998,-92.5805321
1004,-439.516938,176,137394,-135.60319259999997,-92.40059013
1005,-378.213049,75,137469,-147.10624556,-92.38639029
1006,-346.735205,167,137636,-156.1436127,-93.63639912
1007,-482.793932,52,137688,-169.37262009999998,-100.29947849
1008,66.222703,240,137928,-169.68573504,-100.44332529000002
1009,-382.939825,69,137997,-183.3354381,-105.11254782
1010,117.863106,240,138237,-161.55845722,-106.75844464
1011,100.973627,240,138477,-141.39796199999998,-109.69699186
1012,203.934662,240,138717,-139.12673786,-109.59806939
1013,87.309773,240,138957,-141.46284466,-106.09243166
1014,73.804869,240,139197,-131.1268666,-106.32061818
1015,-936.377788,189,139386,-131.42205295999997,-116.36414563
1016,485.734381,240,139626,-123.56692128,-112.14205941
1017,149.396184,240,139866,-111.10529522,-105.86820239000001
1018,86.148862,240,140106,-115.78413934,-105.95935548
1019,170.519445,240,140346,-114.39295922,-99.46695282
1020,123.381358,240,140586,-103.31213393999998,-99.07610075999999
1021,176.731772,240,140826,-102.95749409999999,-99.32975781
1022,-368.359032,134,140960,-100.75273325999999,-94.13960261999999
1023,46.969677,240,141200,-95.67460516,-89.24909803
1024,-337.809855,216,141416,-103.65240526,-94.12084193999999
1025,-441.826158,205,141621,-103.66233838,-100.36871468
1026,297.38799,240,141861,-101.83849131999999,-99.28474605
1027,173.289468,240,142101,-101.86037431999999,-98.53803295
1028,176.761302,240,142341,-100.6733009,-97.50780812
1029,197.844278,240,142581,-87.84048474,-96.45320904
1030,200.085502,240,142821,-89.53379672,-95.65096009999999
1031,-382.511587,105,142926,-98.64102241999998,-94.68173548
1032,61.655247,240,143166,-101.31805382,-89.52884685
1033,71.590451,240,143406,-92.94190119999999,-80.74914087
1034,189.464189,240,143646,-93.5796855,-79.42863839
1035,-485.489414,107,143753,-88.09972426,-84.60441757000001
1036,381.836405,240,143993,-85.59816714,-83.61281556
1037,89.628751,240,144233,-74.95829682,-84.67025382
1038,277.375256,240,144473,-71.38918100000001,-83.01140587999998
1039,-418.365801,155,144628,-81.70186564000001,-84.78028865
1040,94.14974,240,144868,-71.14427226,-85.76095276
1041,198.515749,240,145108,-68.73789646,-84.50765830999998
1042,-364.593423,100,145208,-69.46732972,-90.79490295
1043,206.530453,240,145448,-69.08054340000001,-89.86355532000002
1044,186.537107,240,145688,-58.61473264,-88.68427692000002
1045,-445.996133,123,145811,-69.25044104,-94.32728034999998
1046,228.7603,240,146051,-66.80758018,-93.15628091999999
1047,201.354247,240,146291,-63.989381380000005,-92.2202745
1048,291.304365,240,146531,-50.93516208,-79.48519828
1049,106.960924,240,146771,-50.64940294,-74.01053646999999
1050,-819.98741,180,146951,-68.27678180000001,-84.26008707000001
1051,101.717852,240,147191,-56.58849484,-78.58888594
1052,-325.640972,220,147411,-43.45242816,-83.08287406
1053,-947.649681,117,147528,-53.66132416000001,-93.79583153
1054,174.152461,240,147768,-41.387936180000004,-88.49556439
1055,173.458087,240,148008,-30.35451346,-88.73037951
1056,84.296362,240,148248,-21.733882120000004,-88.93874740999999
1057,49.764856,240,148488,-11.08270636,-90.22766323
1058,144.381427,240,148728,-9.519531880000002,-89.60263345999999
1059,-432.123426,168,148896,-10.503203900000003,-96.919321
1060,-812.596041,214,149110,-29.112386840000003,-95.33542202999999
1061,-483.942318,59,149169,-40.81070574,-91.10433387
1062,122.828398,240,149409,-42.43283102,-90.77978443999999
1063,171.970114,240,149649,-40.73962420000001,-91.10123442999999
1064,181.250756,240,149889,-38.59070646000001,-84.85878653
1065,-950.852514,151,150040,-38.880200980000005,-85.15112696999999
1066,291.937169,240,150280,-42.75614522000001,-83.16153324999999
1067,-934.86067,190,150470,-64.4412823,-87.77328876
1068,-412.184387,210,150680,-74.40794728,-95.09604331
1069,-416.544891,190,150870,-86.14923399999999,-100.27109661
1070,-271.9065,98,150968,-94.05499115999999,-98.68356254999999
1071,50.380676,240,151208,-96.58201308,-99.76975359
1072,-381.590274,54,151262,-96.84663791999999,-98.79968559000001
1073,53.850348,240,151502,-96.7090245,-96.19181483
1074,70.57083,240,151742,-88.54141080000001,-96.09690803
1075,-377.66168,59,151801,-87.25812124,-95.46022981
1076,-274.362904,77,151878,-98.69313912,-100.26581522000001
1077,-346.106208,115,151993,-109.08105264,-105.47071348
1078,291.983971,240,152233,-106.77659926,-103.72495008
1079,-429.229521,211,152444,-119.31807524000001,-103.57927998999999
1080,-374.281681,67,152511,-130.8054189,-110.16960781
1081,203.617527,240,152751,-119.08283662000002,-108.86192951999999
1082,-347.307814,160,152911,-127.26209784000001,-114.29007582999999
1083,-477.069659,57,152968,-138.23530004,-115.58860062
1084,63.978724,240,153208,-140.74500934000002,-117.16234741999999
1085,166.208586,240,153448,-127.71104933999999,-107.90538680000002
1086,291.765934,240,153688,-129.51245876,-107.55531294999999
1087,170.60898,240,153928,-127.89285418,-101.42557550000001
1088,105.172416,240,154168,-131.33691098,-101.36304598999999
1089,564.653322,240,154408,-111.67652852,-96.68919708
1090,385.244056,240,154648,-105.8546422,-88.49945723
1091,86.843328,240,154888,-108.08809062,-88.41299354
1092,404.914043,240,155128,-92.6979413,-81.08263551
1093,82.015319,240,155368,-95.18824398000001,-82.13439369
1094,97.921332,240,155608,-96.96055948000001,-77.78764606
1095,93.439042,240,155848,-86.17185598,-77.71114851
1096,194.735141,240,156088,-86.85235915999999,-76.82996967
1097,185.453678,240,156328,-87.17037054000001,-75.57987596
1098,194.852784,240,156568,-89.09940216,-70.01728212
1099,-950.378702,144,156712,-110.24619468,-80.44779881000001
1100,163.599454,240,156952,-90.57445740000001,-79.4256196
1101,283.007628,240,157192,-86.94866188,-71.76857836
1102,-490.307239,118,157310,-90.24198722000001,-66.84720768999999
1103,68.848978,240,157550,-69.91201404,-61.7866691
1104,69.459993,240,157790,-72.0058634,-56.69689979
1105,286.712288,240,158030,-69.74077938,-50.04764642
1106,-473.300567,85,158115,-80.89271796,-51.313300039999994
1107,188.669375,240,158355,-78.11462758,-44.598666970000004
1108,-232.200566,166,158521,-85.64626744000002,-47.58289966
1109,-237.830332,174,158695,-81.76040556,-46.131804730000006
1110,-911.783701,207,158902,-83.74415876,-56.428272799999995
1111,-945.809759,150,159052,-92.98150758,-66.89610666
1112,-370.658647,117,159169,-102.85124848000001,-72.64203975
1113,-435.937392,215,159384,-115.0093986,-77.87451139999999
1114,188.90876,240,159624,-114.85623852,-76.72347249
1115,208.573255,240,159864,-91.66772314000002,-65.27396206
1116,64.279983,240,160104,-96.22086686,-69.48850603999999
1117,112.494149,240,160344,-75.27377048,-69.85752639
1118,-476.08639,76,160420,-76.55181053999999,-75.47987891
1119,194.226664,240,160660,-64.33637944,-75.24280672
1120,91.010729,240,160900,-57.078034859999995,-75.56651301
1121,186.562827,240,161140,-54.35439184,-75.46820246
1122,64.039804,240,161380,-45.44179027999999,-71.1442141
1123,299.340015,240,161620,-40.53199694,-68.62051072
1124,-377.419193,60,161680,-49.491797399999996,-69.0166041
1125,115.744284,240,161920,-39.623678119999994,-63.44089968
1126,40.927876,240,162160,-33.31786251999999,-66.00550082
1127,-375.103883,75,162235,-33.89781601999999,-71.48943433000001
1128,284.760123,240,162475,-34.04229298,-70.40944612
1129,99.376154,240,162715,-23.47017948,-71.39412736
1130,-348.516082,196,162911,-22.954867499999995,-76.8801432
1131,68.301067,240,163151,-25.6611967,-72.37201666
1132,181.607042,240,163391,-15.082899579999996,-71.17249871
1133,-413.879936,220,163611,-13.819105119999994,-76.02720258000001
1134,44.925473,240,163851,-14.200170139999997,-77.47258974
1135,-338.169226,199,164050,-24.287726379999995,-75.99938786
1136,103.785748,240,164290,-28.047330099999996,-78.77989443
1137,176.626403,240,164530,-27.926981639999994,-77.90991790999999
1138,93.331258,240,164770,-28.163804799999998,-79.75035788999999
1139,-410.04536,225,164995,-47.657778439999994,-79.66715348
1140,-360.117236,116,165111,-62.56500428,-84.20982324
1141,80.446369,240,165351,-62.692943459999995,-85.39051703999999
1142,192.274365,240,165591,-66.94573702,-79.82183916
1143,86.436159,240,165831,-66.85732021999999,-81.0227821
1144,163.111568,240,166071,-65.55351549999999,-81.25703749
1145,207.627797,240,166311,-63.2697404,-74.72079819
1146,181.739418,240,166551,-63.529654859999994,-75.19100700999999
1147,-942.498022,155,166706,-86.08868886,-86.6295297
1148,201.987387,240,166946,-85.94599679999999,-87.52269947999999
1149,-430.01773,198,167144,-75.53877736,-92.89248602000002
1150,194.722003,240,167384,-74.91632637999999,-82.74539189
1151,165.583738,240,167624,-77.26480418,-82.10673303000002
1152,-475.64398,76,167700,-76.97153899999999,-83.60676310999999
1153,284.911423,240,167940,-72.65029009999999,-71.28115207
1154,-482.206263,49,167989,-83.68361522,-77.84473931
1155,70.790385,240,168229,-88.00205327999998,-78.87141632999999
1156,505.374712,240,168469,-68.4285477,-74.66063283
1157,-476.229177,70,168539,-81.72651873999999,-79.92057316
1158,-260.848533,94,168633,-82.29947807999999,-83.97287275999999
1159,180.519767,240,168873,-73.93247609999999,-77.84644082999999
1160,282.402368,240,169113,-50.04875472,-66.89645673999999
1161,95.967069,240,169353,-29.213218159999993,-61.09736287
1162,386.899349,240,169593,-14.062058239999997,-58.45665336
1163,-468.023821,89,169682,-14.703786819999996,-64.85659271
1164,52.48769,240,169922,-17.432208219999996,-66.14422337
1165,-476.891817,56,169978,-31.141509659999993,-61.404616399999995
1166,-484.763218,53,170031,-42.12237368,-69.17162026999999
1167,-422.168815,207,170238,-52.81563296,-64.04470171999999
1168,-480.022872,68,170306,-52.894362599999994,-64.72308656999999
1169,67.570932,240,170546,-55.42747724,-59.881928339999995
1170,-471.943996,87,170633,-66.68657174,-61.8823033
1171,85.880988,240,170873,-68.70020851999999,-61.52730017999999
1172,84.430511,240,171113,-68.29239437999999,-56.86709233
1173,41.997192,240,171353,-73.43925084,-56.985623889999985
1174,-385.886098,111,171464,-73.60858893999999,-61.55019317
1175,-478.002498,52,171516,-85.48352458,-62.55360135
1176,-346.153644,167,171683,-93.22515497999999,-63.271508749999995
1177,-484.843537,67,171750,-95.41994805999998,-64.65888204
1178,383.508046,240,171990,-93.44498959999999,-63.74364129
1179,70.128016,240,172230,-94.02995236000001,-58.75006592
1180,104.766181,240,172470,-84.9643071,-53.9595873
1181,285.808601,240,172710,-80.61415641999999,-53.13767655999999
1182,-900.624062,219,172929,-102.25877849999999,-58.67083903999999
1183,57.877463,240,173169,-92.82363052000001,-53.32136782
1184,193.435369,240,173409,-89.85343259999999,-52.026801369999994
1185,-330.879854,192,173601,-89.70764516,-56.99768576999999
1186,288.310306,240,173841,-86.01715399999999,-57.032242049999994
1187,-440.800833,212,174053,-98.36569872,-63.146340179999996
1188,-227.742655,196,174249,-104.78717698,-66.47549088999999
1189,-469.777457,101,174350,-105.98181892000001,-76.81979867999999
1190,184.28362,240,174590,-95.0938018,-78.82940304
1191,190.077975,240,174830,-92.90116968000001,-77.79705657
1192,194.612798,240,175070,-92.85440101999998,-79.90006901999999
1193,-439.631426,162,175232,-103.37575272,-85.11653646999999
1194,-483.524046,44,175276,-116.308465,-90.93099025
1195,89.997534,240,175516,-118.66107026,-90.96540533
1196,89.483127,240,175756,-120.50619608,-92.01792547
1197,180.49003,240,175996,-98.04643503999999,-92.06756194999998
1198,94.830493,240,176236,-100.18957292,-93.06778485999999
1199,-371.191307,94,176330,-99.01304446,-87.27591090999998
1200,-223.04792,181,176511,-107.36844291999999,-91.14238465
1201,-885.941328,223,176734,-128.39894424,-102.83187420999998
1202,67.389619,240,176974,-117.53827226,-97.25490563
1203,305.016468,240,177214,-117.13617135999999,-94.89323073
1204,89.31782,240,177454,-105.70568969999998,-94.69465246
1205,101.66385,240,177694,-105.0882204,-96.54513684
1206,-382.30179,86,177780,-122.84175044,-95.63514906999998
1207,-954.656093,132,177912,-132.41028876000001,-107.06840375
1208,-918.002183,213,178125,-145.55336176,-113.92641991999999
1209,282.605516,240,178365,-143.51164677999998,-108.72206144
1210,113.938698,240,178605,-146.88092018,-98.46483744999999
1211,63.792436,240,178845,-147.52441284,-88.3688155
1212,-334.77471,233,179078,-161.95789402,-88.00997613
1213,184.019702,240,179318,-148.91702356,-81.81040519
1214,-464.324752,84,179402,-159.2532724,-88.34274031000001
1215,160.531575,240,179642,-146.50480456,-88.82315711
1216,133.001388,240,179882,-134.14951244,-88.13594306
1217,302.830469,240,180122,-119.64952675999999,-86.23257986
1218,72.132925,240,180362,-108.60641082000001,-80.75038671
1219,-474.855958,60,180422,-119.45494862,-87.44121293
1220,-154.508856,127,180549,-113.10624582,-89.89640877999999
1221,-483.639974,51,180600,-124.49666506,-96.59843679
1222,-926.255743,235,180835,-144.71039014,-106.50139225999999
1223,192.52827,240,181075,-141.69976858,-107.56950970999998
1224,99.503903,240,181315,-131.99196856,-102.80027875
1225,294.867717,240,181555,-116.53456426000001,-101.00904442
1226,86.241923,240,181795,-107.88665292000002,-100.55590394999999
1227,200.626069,240,182035,-94.17726079999998,-94.79860443
1228,-271.086866,65,182100,-107.26915903999999,-100.35707432
1229,278.206807,240,182340,-103.10758322,-98.56876778999998
1230,279.051369,240,182580,-99.62187946,-92.29309328
1231,161.793244,240,182820,-102.10218660000001,-91.35817150999999
1232,-459.818615,159,182979,-93.28607765999999,-97.77242808
1233,498.487788,240,183219,-84.47387116,-88.64875083999999
1234,331.198776,240,183459,-81.71860301999999,-85.78601780999999
1235,113.778614,240,183699,-72.82543366,-81.26653941
1236,781.764746,240,183939,-62.95634486,-74.48674942999999
1237,83.401055,240,184179,-52.472307099999995,-75.41900290999999
1238,-446.59177,162,184341,-56.849289399999996,-80.81823318999999
1239,113.482258,240,184581,-45.18409509999999,-75.58295700999999
1240,-829.986932,185,184766,-65.46950614,-80.28165397
1241,-934.208992,178,184944,-87.95524547999999,-90.42820757999999
1242,295.82042,240,185184,-85.93109304,-89.39274703
1243,96.036016,240,185424,-75.21774420000001,-89.29674846
1244,386.974373,240,185664,-57.80777582,-87.05812040999999
1245,54.301045,240,185904,-58.5217056,-88.59138792999998
1246,-119.065799,216,186120,-62.692684119999996,-91.5994401
1247,-239.05614,166,186286,-71.08360752,-84.56502128
1248,393.96264,240,186526,-65.10096458,-82.64526875
1249,404.606061,240,186766,-49.58501722,-74.29903084
1250,91.984996,240,187006,-43.2843589,-75.32640090999999
1251,100.673086,240,187246,-23.55207062,-75.97550743
1252,193.627429,240,187486,-21.027314420000003,-69.28279333999998
1253,83.144051,240,187726,-25.464762759999996,-71.30046706
1254,194.53912,240,187966,-23.36033676,-64.53301323
1255,184.785952,240,188206,-21.69789472,-63.393057559999995
1256,180.152583,240,188446,-10.448807259999999,-66.64527885
1257,183.0829,240,188686,12.305972600000002,-60.05215808
1258,90.351441,240,188926,32.47304508,-56.54015833999999
1259,90.488279,240,189166,28.630700339999997,-57.44047322
1260,-474.617471,60,189226,16.85957696,-65.01067161
1261,400.03021,240,189466,23.584332439999997,-61.97004019999999
1262,73.521632,240,189706,31.75025928,-65.10381737
1263,-474.097212,75,189781,18.587921,-65.16455128
1264,176.78102,240,190021,31.410036440000003,-63.92161798
1265,38.104956,240,190261,28.961504060000003,-58.77165025
1266,-371.30977,71,190332,18.875280900000003,-57.63711577
1267,282.174156,240,190572,18.46215464,-50.59368606
1268,494.974936,240,190812,26.91899486,-40.84370798
1269,93.730305,240,191052,38.29072012,-40.58211425
1270,-376.589886,98,191150,33.84909952,-39.628573149999994
1271,-473.398765,64,191214,34.0539237,-45.22137068
1272,584.152704,240,191454,64.26209264,-40.22414875
1273,-315.417785,210,191664,54.103171540000005,-43.798298519999996
1274,72.227463,240,191904,53.55764274,-39.21716291
1275,420.337399,240,192144,56.06703638000001,-30.233763939999996
1276,83.610116,240,192384,56.01440024000001,-25.936126339999998
1277,69.649533,240,192624,53.39486951999999,-20.391195639999992
1278,94.241649,240,192864,60.70143982,-23.283859609999993
1279,84.005324,240,193104,56.81741016,-23.14508653
1280,94.659905,240,193344,53.129580880000006,-23.246149289999998
1281,89.878154,240,193584,51.69127908,-25.20545376
1282,96.501598,240,193824,62.817683339999995,-15.234197159999997
1283,340.924476,240,194064,59.6664171,-12.403727029999997
1284,78.263592,240,194304,54.60771341999999,-13.555444799999998
1285,-471.901326,73,194377,42.89411462,-14.965659519999997
1286,361.079213,240,194617,34.480403960000004,-14.237970449999999
1287,106.02063,240,194857,34.93279546,-8.769755819999997
1288,278.863793,240,195097,49.44190672,-3.7036913399999976
1289,-452.647256,121,195218,38.11931643999999,-3.5323893299999973
1290,287.411024,240,195458,60.46727556,-2.5011152899999978
1291,78.421236,240,195698,80.71988012,-3.617682679999998
1292,192.53492,240,195938,78.65417012,-3.6384614599999976
1293,305.659904,240,196178,82.84664788,3.814451840000002
1294,122.36293,240,196418,77.55441902,9.873321600000002
1295,-938.830599,191,196609,57.691786140000005,-0.4149597299999982
1296,363.789572,240,196849,67.34889356,2.3281047200000025
1297,501.581769,240,197089,82.16165174,5.539022110000003
1298,102.093092,240,197329,76.32426078,5.611648100000002
1299,184.665289,240,197569,71.92544534000001,11.170214060000003
1300,208.462249,240,197809,74.2549904,15.485315750000002
1301,130.351558,240,198049,74.84855984,25.648244610000006
1302,92.617585,240,198289,72.82836296,25.900524270000005
1303,-467.721008,98,198387,61.81106178,18.173149510000005
1304,-468.697602,87,198474,48.54632734,12.592995290000003
1305,395.898749,240,198714,52.768583279999994,15.535344280000004
1306,-957.408864,95,198809,30.01735434,9.784273540000004
1307,79.367336,240,199049,27.943043059999994,20.124507830000006
1308,57.356229,240,199289,27.283138819999998,29.87809195
1309,-960.634261,112,199401,6.2606880199999955,17.44569418
1310,-878.054793,51,199452,-1.808058420000002,7.525759270000002
1311,93.380484,240,199692,-7.941052940000004,7.821639750000002
1312,99.441125,240,199932,-7.422663080000004,12.163798100000003
1313,-375.912398,71,200003,-5.4589668000000025,6.564477100000002
1314,163.167804,240,200243,-5.731231120000003,12.839402660000003
1315,-368.886284,82,200325,-13.871055920000003,7.5452240700000015
1316,577.2511,240,200565,5.100161479999996,11.987721190000002
1317,84.975321,240,200805,1.156184779999996,9.809169710000003
1318,82.149506,240,201045,-7.100323820000003,9.909335520000003
1319,91.289706,240,201285,-7.149135800000003,15.570792160000002
1320,338.539021,240,201525,7.153442339999995,20.50127093
1321,191.352063,240,201765,20.448458899999995,27.251191300000002
1322,502.893561,240,202005,18.823276039999996,41.542684339999994
1323,188.454915,240,202245,28.900730039999996,41.50195079
1324,-475.373912,68,202313,17.948702539999996,35.75317264
1325,408.189697,240,202553,17.705748499999995,36.88639244
1326,61.294965,240,202793,17.259445479999997,36.636922860000006
1327,-121.095976,202,202995,13.444535299999998,33.41970241
1328,-255.522233,97,203092,6.449257659999996,33.57534874
1329,187.697869,240,203332,8.523108559999995,32.67025936
1330,180.42668,240,203572,10.238444059999997,31.684012470000003
1331,83.488343,240,203812,10.110647839999997,30.900963460000003
1332,-957.041701,189,204001,-10.960218140000004,25.928732600000004
1333,-930.230243,181,204182,-36.383312520000004,11.641552290000002
1334,291.242691,240,204422,-32.123730540000004,11.241991440000001
1335,-340.451665,138,204560,-29.494737320000002,6.6996886500000015
1336,-376.191778,54,204614,-44.24015714000001,-4.879876589999998
1337,162.499678,240,204854,-43.11057618000001,-4.088890359999998
1338,124.939649,240,205094,-46.189059060000005,1.6264238300000022
1339,-981.58864,44,205138,-56.76788674,-9.324285149999998
1340,-179.895112,66,205204,-66.11400946,-2.8233669499999987
1341,127.59609,240,205444,-65.13051238000001,7.794683870000001
1342,190.245264,240,205684,-65.17630550000001,6.738932310000001
1343,-367.534643,111,205795,-78.64019644,2.103225720000001
1344,78.666989,240,206035,-79.51411526000001,-0.9798481199999992
1345,63.364126,240,206275,-59.47022076000001,-0.889217309999999
1346,601.08644,240,206515,-54.724283400000004,6.312305080000001
1347,286.681332,240,206755,-59.02229214000001,11.569679800000001
1348,-331.800501,218,206973,-67.700164,4.31204839
1349,131.352619,240,207213,-68.7664174,1.5795139700000005
1350,618.844768,240,207453,-60.55876702,6.8481116900000005
1351,59.275113,240,207693,-61.98029592000001,6.434131960000001
1352,469.465782,240,207933,-54.44333198,9.19251549
1353,174.814262,240,208173,-41.59262658000001,10.109217600000001
1354,-815.468105,235,208408,-48.52803664,0.009145350000000007
1355,219.064748,240,208648,-52.06471666,0.35193331
1356,303.090736,240,208888,-26.854724660000002,1.58131484
1357,188.977983,240,209128,-24.66251172,1.64026567
1358,307.457042,240,209368,-19.660495460000003,3.81132168
1359,180.470773,240,209608,3.161605219999999,4.711146619999999
1360,57.793537,240,209848,21.878571819999998,10.0352567
1361,110.26203,240,210088,22.21620274,7.1375749
1362,266.311064,240,210328,25.55360152,9.06546922
1363,-476.178494,86,210414,23.548279599999997,9.0446564
1364,-467.427074,89,210503,10.936382039999998,2.6025754599999997
1365,-343.222605,173,210676,11.449655619999998,-1.2107001500000008
1366,72.281748,240,210916,1.3502685799999994,3.2252150299999993
1367,293.061892,240,211156,5.512,3.3340923899999995
1368,285.236083,240,211396,9.573731539999999,1.2367038599999995
1369,87.653093,240,211636,9.500999279999998,1.1759317399999996
1370,87.734403,240,211876,4.484906919999999,5.81917463
1371,91.605632,240,212116,2.4899782999999998,11.469218600000001
1372,318.323767,240,212356,-1.2014175799999998,8.81092923
1373,88.565242,240,212596,-3.1992110400000002,12.850759499999999
1374,-463.941604,98,212694,-2.9705648799999995,7.489068829999999
1375,188.953793,240,212934,-7.355282959999999,5.17523277
1376,75.191063,240,213174,-7.077361,5.09104224
1377,92.95257,240,213414,-2.7963900800000006,5.324072609999999
1378,75.85715,240,213654,3.8311975799999995,5.140227619999999
1379,185.44304,240,213894,3.7861009999999995,6.15460478
1380,63.572824,240,214134,1.4490238799999993,5.84373397
1381,146.82019,240,214374,2.715660819999999,6.41315433
1382,195.52395,240,214614,25.766973840000002,7.403377849999999
1383,93.124893,240,214854,46.234076560000005,4.925382019999999
1384,-263.900322,107,214961,35.1312163,1.5037428799999986
1385,80.379838,240,215201,43.547846359999994,7.0265545199999995
1386,105.539724,240,215441,53.1824764,4.471159629999999
1387,277.744111,240,215681,55.48736506,6.188394439999999
1388,205.165493,240,215921,57.09188193999999,5.451411439999998
1389,-478.456381,75,215996,67.15452712,5.19332019
1390,87.554538,240,216236,72.50352011999999,3.1947553299999987
1391,203.22561,240,216476,74.01611052,4.442799069999999
1392,385.650193,240,216716,77.92420910000001,6.3739517999999995
1393,-475.350634,85,216801,75.76788928,-1.4361535800000007
1394,107.911299,240,217041,76.35277548,-1.580669890000001
1395,376.087697,240,217281,82.60724689999999,11.56851307
1396,79.156373,240,217521,72.16864556,8.722181079999999
1397,90.23008,240,217761,68.23962051999999,4.608664189999998
1398,183.544848,240,218001,78.5465275,5.423181749999999
1399,79.681537,240,218241,77.51310586,4.373344229999998
1400,189.800363,240,218481,68.93221776,4.186725369999998
1401,173.397906,240,218721,71.21467362,4.617188849999998
1402,-476.033064,86,218807,52.304696699999994,-1.0693176400000022
1403,273.723498,240,219047,54.282881419999995,6.345127419999998
1404,77.074829,240,219287,72.1337401,11.802851729999997
1405,207.369673,240,219527,71.8998386,9.917560969999997
1406,170.263114,240,219767,69.24328616,21.194280749999997
1407,-339.626235,171,219938,58.6712018,17.004345039999997
1408,380.704194,240,220178,60.13614484,20.237824689999997
1409,287.044626,240,220418,62.267621899999995,32.71461356
1410,-226.000381,230,220648,56.59174353999999,39.23515768
1411,84.948063,240,220888,56.0854642,39.150833469999995
1412,-371.17477,75,220963,43.33574752,34.44467451999999
1413,199.559587,240,221203,56.85050913999999,40.19939436999999
1414,-348.247951,174,221377,59.23409159999999,35.08523682
1415,-318.656796,165,221542,59.72540778,35.5875317
1416,-936.170338,151,221693,39.556366059999995,20.453317319999996
1417,156.172242,240,221933,36.81857305999999,21.16528653
1418,98.194254,240,222173,33.07773647999999,21.325734009999998
1419,72.676533,240,222413,32.778205279999995,21.13960228
1420,215.016314,240,222653,35.323843499999995,19.904375209999998
1421,56.347752,240,222893,34.618685899999996,18.554332099999996
1422,206.690404,240,223133,32.386018639999996,15.59230053
1423,180.765203,240,223373,34.23001786,15.51540341
1424,106.334578,240,223613,45.6355415,21.33248831
1425,-752.275549,190,223803,26.810954659999997,9.727835849999996
1426,79.192497,240,224043,26.89098334,9.906811169999997
1427,-368.86733,94,224137,17.654585339999993,7.429097629999997
1428,298.44428,240,224377,22.106327939999996,12.968762759999999
1429,286.993954,240,224617,24.137346219999994,13.961723609999996
1430,117.315126,240,224857,25.21219225999999,13.330608069999997
1431,-231.164178,157,225014,17.652504899999997,10.184082859999997
1432,107.032151,240,225254,15.882668919999997,20.82482138
1433,208.763515,240,225494,18.195441359999997,32.21475896
1434,-112.198402,221,225715,21.229479759999993,28.18034803
1435,-982.3659,59,225774,-0.02543500000000222,21.76120568
1436,-435.964644,142,225916,-10.855522360000004,21.163477019999995
1437,-349.606553,159,226075,-23.402535640000007,16.04241471
1438,174.903806,240,226315,-24.007769380000003,16.542056279999997
1439,369.794045,240,226555,-7.042760860000005,30.055883129999994
1440,-475.424775,85,226640,-18.302347120000004,27.100586499999995
1441,303.439309,240,226880,-16.298073140000007,28.85901869
1442,400.612139,240,227120,-15.998834220000003,30.96268744
1443,-320.038746,157,227277,-12.892596460000004,31.43764641
1444,215.389534,240,227517,-10.743031760000006,32.80487186
1445,-477.83235,49,227566,-27.821432700000006,27.3929071
1446,-452.285892,198,227764,-38.450278000000004,16.859183779999995
1447,66.402888,240,228004,-38.92682184,14.656399339999998
1448,595.512086,240,228244,-30.687477080000008,23.929525209999998
1449,181.737612,240,228484,-28.64635558000001,24.433375139999995
1450,-485.139597,92,228576,-42.145154780000006,13.393531489999996
1451,-328.007279,177,228753,-52.17325848,9.520707569999995
1452,70.103433,240,228993,-41.250528540000005,5.527084079999995
1453,72.047933,240,229233,-45.284039840000005,4.499420789999995
1454,95.284182,240,229473,-44.91985278,13.606943659999997
1455,67.770562,240,229713,-47.71183500000001,12.094001799999994
1456,392.647096,240,229953,-43.264155360000004,12.989565399999995
1457,43.496415,240,230193,-35.60170236000001,11.534749719999995
1458,492.204184,240,230433,-33.37170256000001,13.382221139999995
1459,376.705521,240,230673,-31.578484660000004,15.344568619999995
1460,181.862803,240,230913,-23.421220980000008,16.585261279999994
1461,183.594406,240,231153,-21.448294120000003,17.318585039999995
1462,-379.580996,82,231235,-21.616418640000006,10.859664439999992
1463,90.056208,240,231475,-23.806486220000007,16.522011459999998
1464,318.370441,240,231715,-10.474118380000007,24.379986609999996
1465,-449.251087,158,231873,-13.086004200000007,23.319701789999996
1466,-127.012072,234,232107,3.0971611199999938,21.326763589999995
1467,201.864083,240,232347,4.010997939999993,20.414785499999994
1468,167.999838,240,232587,5.407109619999995,19.242423049999992
1469,89.784207,240,232827,5.749263099999994,19.263734189999994
1470,192.452374,240,233067,5.297984299999993,20.310913899999996
1471,-477.436622,52,233119,-5.377703180000008,14.620491359999995
1472,172.883001,240,233359,-6.053851240000008,13.166083699999994
1473,-215.570532,195,233554,-13.980565940000009,10.124725959999996
1474,589.451136,240,233794,-4.318234780000007,20.658653359999995
1475,180.818615,240,234034,14.343648499999993,20.577301579999993
1476,106.294976,240,234274,14.885698079999992,20.888340709999998
1477,299.774427,240,234514,28.25853321999999,22.956559279999993
1478,-307.967644,192,234706,16.13029473999999,19.118311339999995
1479,391.132161,240,234946,18.213058879999995,21.175202549999995
1480,72.172436,240,235186,17.310205079999992,21.261198669999995
1481,-331.796164,222,235408,15.297565359999991,16.475035129999995
1482,-443.087248,137,235545,4.295177379999992,10.088923149999996
1483,317.015114,240,235785,6.460209359999992,12.327825359999995
1484,174.179933,240,236025,12.187776059999992,16.708627909999997
1485,115.151382,240,236265,34.13812169999999,17.056343349999995
1486,-456.964438,135,236400,33.71812582,11.431301729999996
1487,-334.32241,206,236606,34.023808679999995,5.310636519999996
1488,325.519563,240,236846,37.03612381999999,6.514177219999997
1489,83.312912,240,237086,31.306501159999993,12.131870149999996
1490,174.93107,240,237326,44.31361805999999,13.005635469999994
1491,-445.646407,148,237474,29.331903739999998,6.516915299999996
1492,325.263885,240,237714,27.824938659999994,5.913052219999996
1493,300.053094,240,237954,40.22677545999999,13.667089499999998
1494,-925.735499,207,238161,17.404274799999992,3.3306215199999953
1495,328.08654,240,238401,33.522652599999994,2.8506099499999964
1496,491.459517,240,238641,52.397560780000006,6.9736413899999965
1497,289.037306,240,238881,56.850249139999995,8.961713649999997
1498,396.069851,240,239121,52.861404439999994,11.086963679999997
1499,-836.005818,208,239329,32.50653584,1.9300901299999975
1500,-476.151171,58,239387,32.686304359999994,-4.729425210000002
1501,390.346896,240,239627,47.05338786,-2.559935310000002
1502,108.543233,240,239867,47.822183859999996,3.2858276599999976
1503,395.104919,240,240107,54.283323579999994,4.499641869999998
1504,-977.26112,83,240190,32.832417539999994,-6.0437176200000025
1505,-370.030421,112,240302,24.076397879999995,-11.817718560000003
1506,423.107328,240,240542,24.685602519999996,-9.289276420000004
1507,88.193915,240,240782,25.579552519999996,-5.011074920000002
1508,-460.889225,106,240888,6.517684339999997,-13.427009110000004
1509,-426.808804,238,241126,-9.552602160000003,-20.56554341
1510,222.953744,240,241366,-8.730783340000002,-16.07600216
1511,-181.595158,44,241410,-16.034574620000004,-18.741434370000004
1512,-826.169581,238,241648,-24.966346320000003,-23.291382480000003
1513,-273.044748,70,241718,-32.22836544,-28.01742583
1514,294.879557,240,241958,-32.69818312,-21.58615075
1515,-473.723325,67,242025,-33.18762788,-23.136816040000003
1516,477.125412,240,242265,-21.104878199999998,-9.003858540000003
1517,-464.776686,93,242358,-34.43769358,-15.213347820000001
1518,54.593862,240,242598,-36.7058131,-15.649351740000002
1519,166.561762,240,242838,-35.170262,-14.710499450000002
1520,174.652673,240,243078,-35.52625602,-15.114135860000001
1521,-313.983783,198,243276,-32.25719924,-18.81745121
1522,88.956688,240,243516,-33.935725500000004,-19.994788370000002
1523,167.200818,240,243756,-26.280298500000004,-20.130432220000003
1524,186.757688,240,243996,-34.33416746,-19.32620112
1525,-372.240637,77,244073,-45.3953525,-15.525852000000002
1526,95.222758,240,244313,-45.61679686,-15.365549390000002
1527,187.607006,240,244553,-47.86014528,-9.80080603
1528,66.379169,240,244793,-40.373209020000004,-12.12145714
1529,-477.354297,57,244850,-57.74293818,-19.764939650000002
1530,-292.569167,208,245058,-65.03777024,-23.863782580000002
1531,-481.570676,49,245107,-68.03326048,-26.36784756
1532,183.255723,240,245347,-55.50640106000001,-25.605611840000005
1533,80.717359,240,245587,-60.23235616,-26.8860734
1534,83.330691,240,245827,-62.049341000000005,-24.93078247
1535,291.010977,240,246067,-58.5321491,-12.197013700000003
1536,209.21128,240,246307,-45.20863474,-5.745254460000001
1537,-470.356897,109,246416,-47.929324480000005,-6.952757900000002
1538,86.459223,240,246656,-52.710531280000005,-7.837203730000002
1539,174.150743,240,246896,-50.89377466,-9.793636750000001
1540,201.629863,240,247136,-50.3597988,-3.0230903700000016
1541,482.023421,240,247376,-31.806402240000008,-1.237249250000001
1542,96.504448,240,247616,-36.381590980000006,-4.2783261600000015
1543,103.906197,240,247856,-40.30452892000001,-0.03887673000000163
1544,209.737386,240,248096,-17.595071220000005,-0.0953982100000016
1545,-977.108501,69,248165,-43.69897204000001,-5.088159720000002
1546,-867.74019,116,248281,-70.88296618000001,-9.242702700000002
1547,-488.70199,104,248385,-86.4377521,-14.793751480000001
1548,485.00882,240,248625,-84.65897272000001,-15.898784139999998
1549,166.996496,240,248865,-64.59892644,-16.0461953
1550,-356.555672,124,248989,-62.207016460000006,-14.76035605
1551,165.855473,240,249229,-66.69684492,-9.821728530000003
1552,-478.577144,64,249293,-78.43925246,-15.308534300000002
1553,97.377136,240,249533,-84.39380812000002,-15.05524227
1554,86.886542,240,249773,-63.110854880000005,-15.139218670000002
1555,-352.528838,144,249917,-62.76082322000001,-19.342212670000002
1556,75.789028,240,250157,-69.70718922,-22.51079335
1557,-953.063666,98,250255,-90.53234084000002,-32.47639416
1558,-254.419273,163,250418,-86.40294180000001,-39.94262873
1559,199.442289,240,250658,-73.87791994000001,-41.71526105
1560,110.676881,240,250898,-76.1234572,-42.42712027
1561,162.62897,240,251138,-69.23897464000001,-42.63677463
1562,108.353219,240,251378,-50.54851864000001,-37.757432480000006
1563,74.203078,240,251618,-43.60356212000001,-37.91596378
1564,295.828752,240,251858,-43.584578220000004,-38.14138067
1565,303.229204,240,252098,-28.045527640000003,-30.61657776
1566,414.194172,240,252338,-29.304152440000006,-25.20451532
1567,403.026494,240,252578,-11.948088840000004,-23.19289121
1568,307.194448,240,252818,-6.896077120000005,-21.80094511
1569,-345.647186,136,252954,-17.140256080000004,-26.15525904
1570,386.819038,240,253194,-12.896928780000007,-24.211592400000004
1571,312.531088,240,253434,-0.3666313600000046,-16.3119153
1572,-372.607989,97,253531,-9.597924900000004,-21.766825200000003
1573,84.994129,240,253771,-11.242058680000003,-18.76117859
1574,216.663692,240,254011,-10.643938600000004,-22.48905303
1575,184.183856,240,254251,0.4845512599999961,-22.45540062
1576,-435.270975,180,254431,-10.125323400000005,-27.87106013
1577,-837.36032,191,254622,-30.624669920000006,-39.2424076
1578,-870.307096,116,254738,-49.358395220000006,-44.86580212
1579,-371.00316,75,254813,-47.23137248000001,-52.48715533000001
1580,267.408047,240,255053,-36.0318282,-50.534799220000004
1581,385.914297,240,255293,-18.682128740000007,-43.357694609999996
1582,403.336663,240,255533,-14.280509940000007,-34.8934555
1583,-853.775227,202,255735,-32.97036166000001,-46.60135891
1584,89.430288,240,255975,-32.84836972000001,-47.44885536000001
1585,183.636138,240,256215,-34.995866500000005,-46.7640078
1586,-469.50337,89,256304,-48.57015950000001,-46.889397120000005
1587,168.749752,240,256544,-35.78802652,-41.85867550000001
1588,179.015733,240,256784,-33.93689632,-43.32371380000001
1589,99.11116,240,257024,-35.43768798000001,-43.16573131999999
1590,119.023533,240,257264,-37.08981458000001,-43.72480669000001
1591,391.746912,240,257504,-38.89534476000001,-35.350873500000006
1592,-916.58349,228,257732,-59.15710352,-47.76934725
1593,172.310298,240,257972,-57.7890215,-49.04677520999999
1594,-869.576537,87,258059,-79.37529996,-48.48518559
1595,592.265633,240,258299,-47.98781728,-45.84339466
1596,-378.233003,68,258367,-38.197673540000004,-54.54031986
1597,185.205273,240,258607,-24.719528280000006,-55.57864019000001
1598,96.831343,240,258847,-32.483077820000005,-58.57102527
1599,179.622771,240,259087,-32.23055232,-48.41473938
1600,201.013038,240,259327,-21.079178120000005,-41.64309729000001
1601,-375.691436,62,259389,-31.91011630000001,-49.30348061000001
1602,265.004521,240,259629,-17.038483000000006,-47.73886773000001
1603,200.936018,240,259869,-14.967305360000005,-49.68055674
1604,192.546854,240,260109,-12.854099120000006,-37.982477
1605,99.682316,240,260349,-3.809876040000004,-33.285349630000006
1606,402.067697,240,260589,2.7156973399999957,-33.49574594
1607,380.794266,240,260829,29.392855979999993,-30.569742430000005
1608,-253.005503,113,260942,29.42113138,-28.490905210000005
1609,-250.289855,142,261084,20.426488499999994,-26.725715720000004
1610,187.376025,240,261324,21.960471379999998,-27.08149291
1611,273.216793,240,261564,24.172227839999994,-22.533373400000006
1612,-474.741974,64,261628,12.510323979999995,-19.019097330000005
1613,393.762645,240,261868,18.901515319999998,-12.3510234
1614,-455.990509,124,261992,3.8651300999999965,-19.85972406
1615,60.783772,240,262232,-0.983778540000003,-14.514653090000001
1616,-369.676031,116,262348,-16.661182600000004,-22.982667520000003
1617,305.276683,240,262588,-18.616178820000002,-15.282133830000003
1618,117.185332,240,262828,-22.416361140000003,-14.656219130000004
1619,177.014343,240,263068,-11.963130560000003,-14.551693320000002
1620,-360.842251,198,263266,-26.916356340000004,-19.90664256
1621,-308.578129,228,263494,-39.33854068000001,-19.852586020000004
1622,34.886387,240,263734,-31.188653160000005,-20.393289030000002
1623,174.507737,240,263974,-29.398381000000004,-20.320219840000004
1624,-468.604781,103,264077,-43.10375046,-26.873844530000007
1625,672.960535,240,264317,-33.32821688000001,-16.42183281
1626,395.402886,240,264557,-16.71473966,-13.420031530000001
1627,177.674234,240,264797,3.585951419999999,-13.519359250000003
1628,154.139162,240,265037,24.07487658,-12.64175932
1629,-468.405091,107,265144,22.126837959999992,-12.552267260000002
1630,296.057025,240,265384,22.699817519999996,-6.666005340000002
1631,-965.429856,84,265468,-4.327065540000003,-11.504597140000001
1632,104.984609,240,265708,-10.294106620000003,-12.28730828
1633,98.807905,240,265948,8.757556019999997,-12.106402820000001
1634,302.449817,240,266188,13.017946599999998,-9.915211560000001
1635,-372.182166,71,266259,1.9015805199999989,-16.54714299
1636,296.899706,240,266499,17.229642039999998,-15.67025873
1637,164.089245,240,266739,17.136431899999998,-9.32579731
1638,-823.59879,151,266890,-2.9158585600000015,-18.42637744
1639,274.488544,240,267130,0.5916891199999975,-17.42299943
1640,197.478623,240,267370,2.160790919999997,-17.464511830000003
1641,-930.710266,146,267516,-24.288352640000003,-31.5918487
1642,228.475993,240,267756,-1.3871629800000034,-30.272133250000003
1643,-484.296777,181,267937,-14.519304480000002,-36.15416299
1644,172.282598,240,268177,6.317878219999998,-36.52871087
1645,-371.639274,106,268283,-12.960219920000002,-30.4740186
1646,-871.640897,146,268429,-22.828377800000002,-30.513025669999998
1647,106.895569,240,268669,-24.394571880000004,-24.55705008
1648,65.491593,240,268909,-25.021366880000006,-28.75222235
1649,274.18659,240,269149,-23.1300905,-27.68032141
1650,288.106701,240,269389,-21.388217240000003,-21.23369768
1651,-356.639242,89,269478,-21.007173360000007,-26.458644829999997
1652,-874.893984,75,269553,-43.80514346000001,-30.421813229999998
1653,303.646798,240,269793,-41.750927860000004,-28.35911661
1654,215.439252,240,270033,-41.29307990000001,-27.073589509999998
1655,311.818575,240,270273,-37.05035472,-20.430115380000004
1656,65.02184,240,270513,-43.79127186000001,-20.537787259999995
1657,-800.486607,223,270736,-67.41688932,-19.01201667
1658,279.835575,240,270976,-56.76006776,-13.66946819
1659,296.337746,240,271216,-45.82751574000001,-12.700513619999999
1660,83.544071,240,271456,-47.90415482,-12.97184172
1661,121.85478,240,271696,-50.93139508000001,-13.37958362
1662,-452.773073,215,271911,-50.49201706000001,-18.990846540000003
1663,93.989081,240,272151,-56.48748834,-18.792986510000002
1664,69.280466,240,272391,-45.98206884000001,-21.058469369999997
1665,-204.415992,239,272630,-51.28606412,-26.13492133
1666,209.659744,240,272870,-39.69934862,-28.180265610000003
1667,-971.561327,115,272985,-65.23610882000001,-41.92614382
1668,-815.193391,204,273189,-83.88368328,-53.15002221
1669,296.777138,240,273429,-81.48842738,-46.72577897
1670,-451.962133,128,273557,-83.31082502000001,-55.11359068000001
1671,284.738156,240,273797,-71.44449932,-55.39152
1672,213.238135,240,274037,-67.87746436,-49.53305876
1673,376.814388,240,274277,-63.831331340000006,-46.61485617
1674,139.925709,240,274517,-51.660721540000004,-47.382236000000006
1675,63.007957,240,274757,-63.85977310000001,-48.59399499000001
1676,-157.387825,120,274877,-74.91558732,-45.81516349
1677,81.682645,240,275117,-76.83541910000001,-36.624733840000005
1678,173.099171,240,275357,-76.45621892,-26.190671170000005
1679,-442.826911,147,275504,-75.94465532,-26.908908680000003
1680,-870.566038,92,275596,-99.27711658,-38.28864953
1681,220.120152,240,275836,-75.56611642000001,-39.94659098
1682,-482.471238,51,275887,-87.31523336000002,-48.80466999
1683,-382.943728,63,275950,-96.95026602,-44.096355
1684,100.130777,240,276190,-100.99664682000002,-43.98935011
1685,68.803328,240,276430,-92.17693694000002,-45.13767821
1686,-214.853222,235,276665,-102.41199550000002,-42.59117673000001
1687,-167.446393,88,276753,-109.04270826000001,-45.953138179999996
1688,86.89773,240,276993,-90.83277786000001,-46.87431821
1689,-347.934094,182,277175,-103.28123062,-51.34477075000001
1690,48.514094,127,277302,-106.2605212,-52.04986514
1691,67.659327,240,277542,-86.29312934000001,-55.29074099
1692,197.914059,240,277782,-86.90436802,-44.14576550000001
1693,384.949811,240,278022,-69.51943626,-42.01937037
1694,-328.09552,183,278205,-79.52699862000001,-36.6045602
1695,96.039165,240,278445,-70.17342984000001,-41.566824880000006
1696,170.240018,240,278685,-49.33581154,-36.082094670000004
1697,55.916273,240,278925,-50.35539746000001,-37.37498467
1698,179.301769,240,279165,-48.07919394000001,-36.550280410000006
1699,79.768477,240,279405,-51.96755620000001,-37.54882335
1700,-339.789233,187,279592,-64.52547488,-42.95684606
1701,167.093395,240,279832,-54.05082214000001,-37.52899775
1702,94.528041,240,280072,-34.66238164000001,-39.23376255000001
1703,-362.717208,108,280180,-47.98966176000001,-44.870294810000004
1704,193.848992,240,280420,-48.42146696000002,-44.857273430000006
1705,391.98484,240,280660,-46.81814166000001,-41.93424819
1706,582.147603,240,280900,-36.4756264,-40.13344913
1707,103.921471,240,281140,-18.38746484000001,-42.90217708000001
1708,175.276353,240,281380,-20.47864928000001,-38.619358520000006
1709,498.395298,240,281620,-16.43749824000001,-31.132506990000003
1710,271.698762,240,281860,-12.674404420000009,-30.289279620000006
1711,491.553222,240,282100,-5.28043558000001,-28.105915330000006
1712,111.656917,240,282340,6.008164219999992,-22.241926420000006
1713,-481.927425,52,282392,-5.5101659000000085,-30.99882712
1714,268.881528,240,282632,-1.5181446600000084,-23.750106750000004
1715,-458.239186,101,282733,-6.594608540000009,-28.940336330000004
1716,-473.230056,76,282809,-20.252404540000008,-29.975876580000005
1717,498.040662,240,283049,9.139635239999992,-28.048236790000004
1718,394.166826,240,283289,33.32683958,-25.278421850000004
1719,-376.983631,77,283366,19.851624199999993,-30.818401590000004
1720,175.992242,240,283606,32.41071169999999,-25.45005666
1721,-332.872351,203,283809,20.058501559999993,-25.69299888
1722,308.722348,240,284049,21.968185819999988,-22.95463927
1723,-381.644688,42,284091,6.799004299999992,-28.516163520000006
1724,169.47697,240,284331,7.390029519999992,-22.13534601
1725,200.293092,240,284571,10.135732219999992,-26.862020440000002
1726,201.714592,240,284811,17.317780559999992,-28.798903380000006
1727,-479.990051,66,284877,6.084326639999992,-35.37554623
1728,-460.290327,128,285005,-6.583463320000008,-41.51984112
1729,275.269339,240,285245,7.778461679999992,-34.08309682000001
1730,178.970919,240,285485,28.769200819999995,-35.25395788
1731,-435.244651,178,285663,15.661904759999992,-29.95210583
1732,189.553996,240,285903,29.10240943999999,-29.106411960000006
1733,-476.751178,56,285959,27.226260439999997,-34.862002790000005
1734,201.196294,240,286199,29.247570779999993,-35.87453802
1735,85.030535,240,286439,29.572114919999994,-31.30241101
1736,82.878453,240,286679,35.52674842,-33.44262354000001
1737,197.777189,240,286919,42.831220059999985,-33.10574410000001
1738,208.740454,240,287159,45.268074539999986,-22.782351660000003
1739,-477.160088,81,287240,42.68355465999999,-30.298837980000002
1740,91.347896,240,287480,43.540230699999995,-31.360145250000002
1741,103.536696,240,287720,44.25777808,-21.01767563
1742,69.302352,240,287960,41.685543939999995,-22.609412040000002
1743,91.627747,240,288200,35.81910265999999,-16.8501668
1744,194.055965,240,288440,46.262132359999995,-16.632433130000003
1745,176.742037,240,288680,47.87618979999999,-11.148620020000003
1746,386.383093,240,288920,52.199051299999994,1.4316198799999973
1747,163.866223,240,289160,54.35805029999999,2.001326419999997
1748,223.930514,240,289400,55.250625199999995,3.5857156299999975
1749,139.962098,240,289640,56.45449761999999,2.243470709999997
1750,-452.427449,150,289790,54.201733299999994,-5.161870790000003
1751,-284.601814,42,289832,45.16782911999999,-4.441496510000003
1752,203.669625,240,290072,47.35066079999999,6.344139579999998
1753,-433.624744,209,290281,45.93251007999999,-1.0285758400000027
1754,-860.208295,157,290438,24.85136433999999,-11.785051310000004
1755,260.076301,240,290678,22.213193559999993,-12.302474050000002
1756,151.667356,240,290918,13.603588619999993,-11.436018890000003
1757,158.05993,240,291158,14.686357799999994,-1.8505535200000016
1758,398.259434,240,291398,19.146019419999995,-0.6663149300000015
1759,94.469744,240,291638,11.067508339999995,-2.684994950000002
1760,198.749775,240,291878,9.608528599999994,-1.5329379100000018
1761,182.739497,240,292118,3.432254099999995,-0.9240907400000018
1762,127.127904,240,292358,3.7416738399999954,4.874919029999998
1763,-348.90597,107,292465,6.402102939999995,0.44596851999999787
1764,95.365012,240,292705,2.931772619999995,0.7068139799999977
1765,-472.149954,132,292837,2.6535572599999955,-1.970525640000002
1766,63.614843,240,293077,13.390455239999994,-3.4309746500000022
1767,233.2718,240,293317,8.095077999999996,8.617356619999999
1768,212.902354,240,293557,4.469788559999995,18.898314069999998
1769,-835.253272,173,293730,-4.695604260000005,7.578009969999997
1770,-481.767772,58,293788,-17.850804540000002,7.279953579999999
1771,199.538428,240,294028,-7.202588960000005,6.427956299999998
1772,-355.486669,102,294130,-20.486769300000006,0.7407082599999978
1773,-838.975537,207,294337,-29.633386280000003,-11.417190990000003
1774,300.332998,240,294577,-27.016265720000007,-9.813118100000004
1775,-372.90215,85,294662,-38.480170560000005,-14.172219170000004
1776,203.609594,240,294902,-38.44227052000001,-10.562244980000004
1777,-921.489701,161,295063,-47.27226352,-20.593968440000005
1778,296.617608,240,295303,-32.134104820000005,-19.358784070000006
1779,159.017599,240,295543,-34.45913962,-13.340338970000005
1780,283.608678,240,295783,-32.366384440000004,-1.7985918100000027
1781,197.262288,240,296023,-19.716245660000006,-2.027170450000002
1782,210.658521,240,296263,-19.294155160000006,4.904127139999997
1783,85.630081,240,296503,-8.046529980000006,9.589865229999997
1784,181.218405,240,296743,-8.446087760000006,10.400741509999998
1785,191.286749,240,296983,-6.320963480000007,11.625575719999997
1786,169.723986,240,297223,-4.584052820000007,15.471347799999998
1787,121.174364,240,297463,-6.116109320000008,18.357555369999996
1788,375.188314,240,297703,-2.7871521200000076,21.24046121
1789,111.519878,240,297943,8.986447199999992,25.835000929999996
1790,33.788767,240,298183,7.835264619999992,25.68774766
1791,-362.698541,112,298295,-1.4894401200000074,21.384168979999995
1792,268.60219,240,298535,2.4965566399999926,22.09105029
1793,-984.558887,44,298579,-19.027176040000008,8.395963309999997
1794,189.714756,240,298819,-19.11400022000001,13.574066069999999
1795,284.091778,240,299059,-16.96700540000001,15.454592199999997
1796,91.239731,240,299299,-22.86987264000001,14.664589329999998
1797,188.036186,240,299539,-22.386473380000012,15.985788459999998
1798,103.679327,240,299779,-24.79149712000001,15.229564039999996
1799,102.111384,240,300019,-25.548511400000006,15.452993109999998
1800,-420.674226,185,300204,-24.913446940000007,14.644143179999999
1801,404.218323,240,300444,-11.137044200000009,17.015392459999997
1802,104.729704,240,300684,-13.11584262000001,17.11740909
1803,-864.884025,94,300778,-21.741028240000006,12.095740919999999
1804,298.819295,240,301018,1.4395235599999934,13.145443949999999
1805,205.088944,240,301258,0.3397764199999932,11.276484989999998
1806,186.756441,240,301498,1.0415581199999928,7.322573369999998
1807,299.91051,240,301738,3.8785697199999927,9.282463759999999
1808,87.232847,240,301978,-2.3419620200000075,8.402028699999999
1809,-438.017174,208,302186,-12.991700380000006,-0.9620960200000019
1810,190.965547,240,302426,-13.14738494000001,-1.7694281700000019
1811,-35.383883,170,302596,-17.509852540000008,-7.038799220000002
1812,188.820958,240,302836,-16.275991460000007,-6.267158810000003
1813,83.178481,240,303076,-7.634302440000007,-0.6160997500000022
1814,80.837577,240,303316,-7.924851140000007,-2.496539260000002
1815,93.056861,240,303556,3.3792851599999927,3.016421209999998
1816,177.841116,240,303796,5.6638106199999925,9.527132929999999
1817,173.59815,240,304036,4.4703376199999925,6.282707809999998
1818,291.036572,240,304276,6.033021979999992,5.251405269999998
1819,28.568208,240,304516,23.30945157999999,9.306923659999999
1820,178.912486,240,304756,36.523056739999994,9.336126099999998
1821,209.377849,240,304996,36.71984516,14.758628099999996
1822,164.363594,240,305236,47.11685041999999,13.31504056
1823,145.168653,240,305476,66.79973422,18.583173969999997
1824,201.279714,240,305716,64.81866853999999,18.90120141
1825,215.397924,240,305956,76.58467001999999,19.052249729999996
1826,290.39508,240,306196,78.32037973999999,19.93905461
1827,-375.328967,63,306259,89.24359442,20.985665450000003
1828,396.036061,240,306499,91.23196347999999,29.548929329999996
1829,488.348253,240,306739,97.81857656,31.679718469999997
1830,390.185331,240,306979,99.95010962,33.79186259
1831,299.653392,240,307219,101.99793170000001,41.140843020000005
1832,81.263626,240,307459,99.41003380000001,40.057939319999996
1833,293.806866,240,307699,103.57356949999999,47.76351976
1834,286.294588,240,307939,105.67509316,48.6145027
1835,187.796664,240,308179,105.60529146,49.64216399
1836,46.888663,240,308419,103.148585,49.28226608999999
1837,80.856557,240,308659,102.34222885999999,48.11305977
1838,272.532737,240,308899,100.28911731999999,48.7509826
1839,191.366858,240,309139,101.88605691999999,55.436252059999994
1840,164.073436,240,309379,104.49175029999998,56.16350746
1841,481.177959,240,309619,121.36928029999999,59.939920089999994
1842,-436.241148,229,309848,107.27241354,54.88448509
1843,387.304039,240,310088,134.70967206,57.84124801
1844,278.935052,240,310328,136.49407798,58.69003888
1845,65.118208,240,310568,132.11460658,57.57380059
1846,49.429762,240,310808,131.2784072,54.204267279999996
1847,-480.104887,58,310866,117.91558573999998,47.76455618
1848,289.00834,240,311106,121.62216599999999,48.415334439999995
1849,-241.090793,162,311268,114.75812246,44.60480553
1850,389.500122,240,311508,130.96160942,53.024081239999994
1851,226.336084,240,311748,127.40396464,58.133460219999996
1852,-932.814154,159,311907,106.65308748,46.76862242999999
1853,490.227897,240,312147,133.75532592,56.00714883999999
1854,-461.088616,121,312268,118.5571677,59.99834563
1855,285.808824,240,312508,120.17156529999998,60.25567086
1856,183.526402,240,312748,120.10696451999998,60.57426132
1857,312.115555,240,312988,120.35106542,62.11481756999999
1858,62.94745,240,313228,119.86535747999999,58.761697729999995
1859,285.17392,240,313468,134.32917936,60.66873949
1860,168.101338,240,313708,133.87189518,60.36225512
1861,299.192369,240,313948,140.56342021999998,61.526783839999986
1862,-940.212527,191,314139,117.98275052,50.85337952999999
1863,114.23274,240,314379,118.60383569999998,55.48476663
1864,46.859907,240,314619,117.9242823,54.99971558
1865,307.540795,240,314859,122.21396098,62.796623069999995
1866,-459.988671,127,314986,109.45736523999999,57.560587930000004
1867,-458.907101,106,315092,96.80726021999999,50.63879891999999
1868,64.900132,240,315332,92.28453141999998,49.1587767
1869,195.541703,240,315572,95.62400132,59.466726449999996
1870,172.495363,240,315812,95.49565886,66.0093578
1871,145.354641,240,316052,94.2151947,65.46751993
1872,80.194492,240,316292,92.53181266,69.82433153999999
1873,464.059024,240,316532,98.90962007999998,82.85467715
1874,353.467591,240,316772,101.95337762,83.38602308
1875,312.265929,240,317012,103.89073772,90.23770387
1876,-480.257837,57,317069,88.47767937999998,83.39902956
1877,128.396169,240,317309,98.5521821,93.89788826
1878,602.224932,240,317549,102.67595951999999,96.9539615
1879,63.310984,240,317789,94.17521414,95.99689534999999
1880,172.446766,240,318029,89.82044284,94.88527623
1881,-481.848399,41,318070,74.19040702,88.09416936
1882,-354.547392,157,318227,65.47418666,82.44211023
1883,79.332149,240,318467,61.184692319999996,82.37913091
1884,97.918625,240,318707,57.41717305999999,81.54613311
1885,175.183046,240,318947,57.16490069999999,81.38509608
1886,524.981434,240,319187,66.72675611999999,84.93767055999999
1887,310.196886,240,319427,71.31356269999999,86.82789578
1888,401.081145,240,319667,73.88453086,87.08682409
1889,89.788315,240,319907,71.85296,86.86950845999999
1890,293.163044,240,320147,74.43475216,89.46325122999998
1891,84.16439,240,320387,66.49448077999999,93.93188054000001
1892,194.908436,240,320627,79.11747246,93.19494299999998
1893,-382.373859,41,320668,63.72391449999999,99.21679328
1894,-738.274656,222,320890,43.37972033999999,89.93689916
1895,506.177346,240,321130,52.200903099999984,92.15775484000001
1896,286.441341,240,321370,56.94113468,94.10977094
1897,91.259607,240,321610,68.36842456,93.14200515
1898,96.869849,240,321850,64.52565474,93.07391037
1899,188.713714,240,322090,73.12174488,93.93993367000002
1900,-264.390495,88,322178,60.04393253999999,95.50277097999998
1901,92.902961,240,322418,57.37527007999999,92.38961736000002
1902,215.263773,240,322658,80.33682861999999,93.49495804999998
1903,71.508761,240,322898,71.96244589999999,102.85888591000001
1904,64.254591,240,323138,82.46931004,100.51323886999998
1905,87.911789,240,323378,78.51136934,99.34146731999999
1906,303.875644,240,323618,80.91835418000001,100.51265935
1907,104.293674,240,323858,76.76191655999999,98.55649099
1908,641.81487,240,324098,88.33926496,104.10231121999999
1909,386.119969,240,324338,90.35818594,112.34368265
1910,76.878779,240,324578,88.53373475999999,111.20281497
1911,160.555038,240,324818,85.76098814000001,113.16220417999999
1912,689.314675,240,325058,118.35153217999999,118.16714135000001
1913,158.959812,240,325298,119.24607362,118.92495466
1914,179.384667,240,325538,121.89656882000001,119.91042556000001
1915,190.873484,240,325778,119.56322259999999,120.88859179
1916,178.522824,240,326018,132.3334525,120.89540887000001
1917,-959.427135,113,326131,122.32305182,109.56515601999999
1918,-958.225345,137,326268,101.86054227999999,97.07253684999999
1919,52.687057,240,326508,99.00344935999999,97.31372534
1920,184.066075,240,326748,99.23486359999998,97.36526123
1921,83.010127,240,326988,97.98797332,96.10158401000001
1922,92.666439,240,327228,98.23741226,95.38461245999999
1923,276.873371,240,327468,94.49369920000001,96.70165964000002
1924,287.171393,240,327708,93.16777524,97.56057643
1925,699.562955,240,327948,100.91371576,102.40222674
1926,-252.017858,144,328092,105.47851534,96.97809735999999
1927,80.217414,240,328332,104.51494024,101.53356117000001
1928,489.599762,240,328572,102.26243683999999,102.46919818
1929,191.941168,240,328812,104.83504052,99.50512733
1930,104.890027,240,329052,103.48390574000001,96.65217429
1931,-454.788224,147,329199,104.02510924,89.10775813000001
1932,151.156407,240,329439,114.13918522,89.80668594
1933,-339.941775,160,329599,105.75370674,83.46919953000001
1934,-449.533306,135,329734,94.80466812,76.11092058999999
1935,176.730931,240,329974,94.83562582,76.00026326
1936,224.939377,240,330214,88.83478468,77.78077040000001
1937,67.188149,240,330454,83.97460994,77.64408632
1938,498.282328,240,330694,85.91863359999999,79.90158223
1939,391.094092,240,330934,91.94474914,81.89885457
1940,515.753301,240,331174,96.39655428,85.41565322000001
1941,-474.621065,88,331262,85.22084518,75.85766298
1942,171.227657,240,331502,84.74722960000001,81.93235103
1943,101.185098,240,331742,94.41840874000002,79.07116162
1944,-157.846305,144,331886,106.02697576,74.70334805
1945,181.957284,240,332126,99.54257452000002,75.87173881000001
1946,156.278968,240,332366,96.93932706,76.94023087000001
1947,187.568685,240,332606,98.86550862,83.61696658999999
1948,282.891542,240,332846,102.58594248,83.55579861
1949,-946.902219,146,332992,79.87362381999999,76.49768435
1950,-261.572456,108,333100,79.92998460000001,69.98695857000001
1951,301.128429,240,333340,84.09449396,70.73488202
1952,398.556406,240,333580,87.76034662,84.04858761999999
1953,298.034481,240,333820,92.29086102,82.12665346
1954,-962.070542,126,333946,71.76435836,77.11683420000001
1955,59.140554,240,334186,71.18893366,74.8501515
1956,-451.89207,153,334339,56.07357938,68.49596678
1957,202.048505,240,334579,58.028676,67.39529628
1958,103.254564,240,334819,47.25746988,67.79836742
1959,278.730232,240,335059,45.10967514,67.73393054
1960,680.769024,240,335299,57.18748003999999,72.86060739999999
1961,774.704136,240,335539,69.47046199999998,77.61572507000001
1962,101.604765,240,335779,57.7162638,88.03389799
1963,291.889188,240,336019,60.37485132,89.81046247
1964,115.653007,240,336259,59.100218119999994,90.49839347000001
1965,180.33423,240,336499,58.88943304,89.22632782000001
1966,225.819639,240,336739,59.83536934,96.08441092000001
1967,288.123252,240,336979,84.78637708000001,103.55471444999999
1968,79.788868,240,337219,105.54666133999999,103.70360181
1969,289.225475,240,337459,110.2774297,104.64043953000001
1970,485.884524,240,337699,116.31379868,107.77433114
1971,574.85827,240,337939,126.15076153999999,112.06936743
1972,56.560425,240,338179,125.42864125999999,111.83302676
1973,169.610457,240,338419,123.28338298,108.88854109
1974,138.117058,240,338659,120.30229628,106.73503576000002
1975,392.689174,240,338899,114.16482065999999,107.53926820999999
1976,191.035304,240,339139,123.0258839,114.25219962000001
1977,400.33751,240,339379,129.42828581999999,116.97161302999999
1978,116.320301,240,339619,121.9626966,112.11256671999999
1979,106.054373,240,339859,120.2449607,112.54000061
1980,-480.498498,48,339907,108.5371902,106.01054796999999
1981,-122.557782,192,340099,115.18179903999999,109.60345414
1982,95.845675,240,340339,114.07558439999998,114.10738481
1983,-436.801631,213,340552,112.13838727999999,108.94604701
1984,185.998566,240,340792,124.84902471999997,109.82684642
1985,364.749966,240,341032,128.60940542,111.72251562
1986,92.41892,240,341272,125.95899628,107.39689048
1987,-484.995822,47,341319,114.91531685999999,99.44496339999999
1988,282.237628,240,341559,110.59442286,98.25652823
1989,284.966818,240,341799,108.47187737999998,100.20831326
1990,284.748079,240,342039,103.85177293999999,100.12416361
1991,-863.919549,153,342192,96.06580326,90.64332422
1992,59.87935,240,342432,93.83883712,89.29303336000001
1993,367.459192,240,342672,99.16431899999999,96.79136387
1994,281.223912,240,342912,107.94572333999999,106.98634955
1995,311.064376,240,343152,110.52786517999999,105.03521984999999
1996,82.722734,240,343392,109.05674049999999,102.99803377999999
1997,85.717264,240,343632,107.01971207999999,102.94261035
1998,83.044707,240,343872,103.02277537999998,102.80435892999999
1999,381.88194,240,344112,129.59845856,104.73604119
2000,193.183752,240,344352,138.69358272,109.31178366
2001,404.573572,240,344592,140.76248558,112.42848977
2002,392.867916,240,344832,140.64871577999997,114.2045312
2003,300.818006,240,345072,140.70438628,116.49762364999998
2004,-462.685659,86,345158,150.69208394,111.22822115000001
2005,292.482178,240,345398,155.35891641999999,113.27392504000001
2006,-883.926342,121,345519,146.71823098,101.39590517999999
2007,105.908028,240,345759,144.79542143999998,101.41204872
2008,-213.124684,202,345961,138.46783648,92.86265318
2009,65.66454,240,346201,134.20652263999997,89.65809888999998
2010,59.242373,240,346441,121.77598962,89.48173483000001
2011,181.331149,240,346681,109.90852987999999,89.68949594
2012,184.326585,240,346921,111.56296628,84.63961504000001
2013,193.600823,240,347161,109.59719897999999,84.98602514999999
2014,102.211528,240,347401,109.32836939999999,84.21429375999998
2015,591.219942,240,347641,117.54608363999999,88.21775834
2016,120.059631,240,347881,115.43088347999999,87.63312641
2017,306.727274,240,348121,115.80296391999998,100.2946705
2018,-320.687717,220,348341,107.79343222,106.67004678
2019,397.754981,240,348581,109.96402233999999,110.12072602
2020,587.885603,240,348821,112.00404391999999,114.1589213
2021,221.98846,240,349061,104.94664772,115.54870462999999
2022,106.707604,240,349301,105.9495913,115.68911628
2023,94.367196,240,349541,104.44472607999998,113.86405452999999
2024,183.517287,240,349781,105.35273065999999,112.82751347
2025,105.246237,240,350021,99.60387191999999,106.88434629
2026,-423.700027,175,350196,87.30916529999999,105.1675246
2027,86.030772,240,350436,81.02303054,105.22565818
2028,196.734406,240,350676,82.63131263999999,102.29700462
2029,379.058189,240,350916,88.09138895999999,104.16817483000001
2030,395.02716,240,351156,105.60190211999999,107.06954615999999
2031,294.171746,240,351396,113.93649267999999,114.55914585999999
2032,587.107816,240,351636,123.7617355,118.91865995
2033,77.533614,240,351876,134.0484404,123.09341384
2034,183.6963,240,352116,134.00239507999999,129.4257099
2035,91.70126,240,352356,128.54142095999998,128.57541318999998
2036,102.445659,240,352596,128.74195573999998,127.35047601000001
2037,111.840237,240,352836,140.67867692,127.79699689
2038,379.997562,240,353076,142.63387559999998,126.61414922999998
2039,93.763769,240,353316,138.80981462,123.640846
2040,246.848697,240,353556,138.05182698,120.95179995999999
2041,97.561757,240,353796,157.2814531,126.67362818
2042,169.728046,240,354036,159.47842702,126.65863206999998
2043,258.542682,240,354276,157.30009682,128.23220791
2044,113.190791,240,354516,153.93943439999998,130.94257887
2045,-954.150873,123,354639,128.63512942,119.58149730000001
2046,177.888787,240,354879,130.53845048,119.79759549
2047,411.390877,240,355119,137.05192273999998,122.03581740999999
2048,390.67665,240,355359,143.2045616,123.11366849
2049,168.452,240,355599,138.9359628,134.26721067999998
2050,292.926886,240,355839,140.93082548,139.8122041
2051,583.780533,240,356079,144.51496469999998,142.63872514
2052,387.913365,240,356319,144.41587367999998,142.53229473
2053,695.173618,240,356559,152.30298592,146.50368609999998
2054,155.781293,240,356799,164.67232496,157.68220445
2055,198.147335,240,357039,162.7856281,159.07227226
2056,95.295394,240,357279,182.37006282000002,164.54414690000002
2057,357.425317,240,357519,187.40040860000002,166.09791502
2058,289.881617,240,357759,197.46053462,167.96418555
2059,89.154966,240,357999,197.93034313999996,166.06843289
2060,381.210115,240,358239,204.36969797999998,163.0728438
2061,68.314116,240,358479,202.10935732000002,156.0089436
2062,117.820479,240,358719,200.77923520000002,156.17110074
2063,378.805925,240,358959,204.48333723999997,157.04026811
2064,380.786295,240,359199,210.05483257999995,159.69160098999998
2065,100.816034,240,359439,200.24675442,158.89641903
2066,145.623949,240,359679,200.75804078,158.09446212999998
2067,169.43457,240,359919,198.01218670000003,156.90757531
2068,75.302155,240,360159,205.93198414,156.86270818
2069,286.793301,240,360399,203.71275053999997,156.83838644
2070,281.704188,240,360639,197.58912224,154.79658308
2071,210.565272,240,360879,197.36065847999998,151.15365309999999
2072,276.403161,240,361119,200.75456962,153.35208046
2073,259.366325,240,361359,204.0545522,154.24963914
2074,495.436595,240,361599,210.29293835999997,157.82283451
2075,198.96808,240,361839,212.16737522,155.88562357
2076,158.559138,240,362079,223.81255852,155.56086191
2077,198.654484,240,362319,226.06503276,153.54403165
2078,315.892569,240,362559,228.44819602000004,155.53975433
2079,114.480924,240,362799,223.15665072,155.62401984
2080,97.880073,240,363039,217.21370898,161.40780555
2081,300.363738,240,363279,217.33754882000002,165.63702075
2082,170.591771,240,363519,209.00722792,166.38448171
2083,530.832217,240,363759,218.07319998,176.06082019
2084,162.723849,240,363999,217.65375096,175.82807302
2085,293.763765,240,364239,221.69500106000004,175.11821101
2086,487.564434,240,364479,229.39737656,179.06966615000002
2087,132.567439,240,364719,229.81192059999998,185.24529876
2088,224.818033,240,364959,226.70833002,184.67110280999998
2089,109.985208,240,365199,227.0327588,182.92128671000003
2090,374.556077,240,365439,229.5869064,183.81936669000004
2091,192.184184,240,365679,231.47935493999998,194.38040402
2092,271.710615,240,365919,233.51900632000002,196.49871667
2093,392.222016,240,366159,236.192593,196.74634491
2094,63.73621,240,366399,235.20350138,194.57146788999998
2095,-353.592219,168,366567,247.21467446,187.92490194
2096,287.865283,240,366807,249.41420437999997,189.97632742999997
2097,133.411353,240,367047,243.8546139,190.45326831999998
2098,-973.191981,88,367135,216.57724128,179.89090144
2099,107.888009,240,367375,215.36596145999997,177.15096213
2100,79.841101,240,367615,211.10424575999997,176.01753562
2101,79.594787,240,367855,201.02053084,172.76774777000003
2102,293.076889,240,368095,199.12380131999998,171.7698375
2103,91.642321,240,368335,187.05317538,169.67808065
2104,117.850879,240,368575,186.2945671,175.48344603
2105,237.277134,240,368815,187.07716308,174.93139559000002
2106,79.432505,240,369055,186.75990529999999,184.56498406
2107,108.143985,240,369295,181.77427866,184.58734363
2108,276.403528,240,369535,181.50471688,189.48262575
2109,197.602424,240,369775,183.67366604000003,190.80200459
2110,-337.696678,159,369934,169.29553018,186.83261408
2111,77.885613,240,370174,169.48696012,185.79815872
2112,68.726525,240,370414,168.50508104,184.64215812000003
2113,157.339206,240,370654,164.07574666,184.27954195
2114,485.598868,240,370894,166.17199811999998,188.11341535
2115,113.073851,240,371134,166.41715446,183.33195444
2116,-755.294599,154,371288,148.39878349999998,174.57841214
2117,-366.007037,90,371378,137.68995135999998,167.85106903
2118,274.771537,240,371618,141.679339,173.80566157
2119,-926.022263,184,371802,117.42302772000001,160.56788913
2120,487.17246,240,372042,121.53239316,159.56075769999998
2121,149.020253,240,372282,120.30149277999999,158.83107563
2122,-476.891061,85,372367,105.23560834,152.99508898
2123,-51.307536,117,372484,99.02213112,151.53834166
2124,197.583952,240,372724,93.06507825999999,151.67900831
2125,288.877172,240,372964,94.8632601,153.51531766
2126,406.264653,240,373204,99.81737039999999,161.81496446
2127,302.128879,240,373444,101.88685829999999,163.97594553
2128,305.489027,240,373684,101.67878746000001,165.06349174
2129,305.48115,240,373924,105.49879198,164.32772135
2130,274.223895,240,374164,109.02566841999999,163.1196887
2131,66.053738,240,374404,104.33946842000002,160.83850862
2132,230.54931,240,374644,105.5386192,157.27292356
2133,-419.141927,174,374818,86.53913632,152.30616815
2134,111.509201,240,375058,85.51484336,151.58429716
2135,480.023418,240,375298,89.24003642,155.46751874
2136,501.564228,240,375538,89.5200323,159.45870443
2137,394.471426,240,375778,94.75811204,162.28501631999998
2138,288.270089,240,376018,96.02715316,161.36774159
2139,287.522257,240,376258,99.57789413999998,163.30532647
2140,190.269389,240,376498,95.89216037999999,162.73953339
2141,383.484124,240,376738,99.71815918,165.59875706000003
2142,293.170251,240,376978,100.14735189999999,166.83317911000003
2143,-858.556138,142,377120,75.13178881999998,155.66219091000002
2144,-70.899793,78,377198,72.43906876,153.82128507000002
2145,195.442535,240,377438,83.41976384,165.31721914999997
2146,90.837226,240,377678,79.4792027,164.44670354
2147,-476.926191,72,377750,67.27245182,155.56353286
2148,70.087814,240,377990,88.13804772000002,152.3576445
2149,-282.378824,42,378032,80.33271106000001,147.84933626
2150,196.980736,240,378272,82.67550376,146.88987476
2151,191.835721,240,378512,84.92032244,142.97042664
2152,84.20234,240,378752,80.74283145999999,139.93331639
2153,300.217214,240,378992,84.91432932,135.98375235
2154,388.242614,240,379232,90.32216402,138.30836556
2155,268.057784,240,379472,90.93777702000001,139.00747005
2156,92.891674,240,379712,91.20696039999999,138.98343284999999
2157,64.562611,240,379952,90.33533292,136.05480579
2158,596.88256,240,380192,96.74491356,139.12481522
2159,-382.40579,42,380234,85.14474928000001,134.40920766000002
2160,250.369991,240,380474,96.90608266,133.10080642
2161,291.411267,240,380714,101.17659574000001,135.33177793
2162,479.398104,240,380954,109.39002732,138.94755418
2163,-812.526832,225,381179,89.99270655999999,127.03422661
2164,590.132705,240,381419,92.08338330000001,129.12769071
2165,190.630687,240,381659,93.63452002,130.02583724
2166,67.893586,240,381899,110.09828372,129.24853361
2167,381.768928,240,382139,125.05380301999999,131.37187719
2168,299.639942,240,382379,125.55117111999999,133.61525506
2169,108.815871,240,382619,146.2479338,131.83548076
2170,287.114874,240,382859,142.24678208,131.88958762000001
2171,93.675368,240,383099,141.13988438,130.72068858
2172,273.293701,240,383339,156.14357962,130.68959398
2173,82.312609,240,383579,158.81598252,128.91905682
2174,376.68051,240,383819,162.39791368,127.73149597
2175,313.124152,240,384059,162.88285328,128.87305669
2176,271.591323,240,384299,160.18938667999998,130.00337854
2177,119.832118,240,384539,156.54345146,129.21515488
2178,-483.141852,44,384583,140.77083388,121.22481067000001
2179,-472.555773,94,384677,125.21009542,115.35444369999999
2180,179.448676,240,384917,123.31459104,116.17012972999999
2181,-652.477976,127,385044,108.94395676,106.64171258999998
2182,-303.654043,223,385267,98.2598897,101.89925445
2183,308.943847,240,385507,112.82160517999999,99.68037075000001
2184,-474.087394,65,385572,101.10967327999998,93.31225832
2185,314.259565,240,385812,97.79439622,93.51721631999999
2186,53.136401,240,386052,88.82583967999999,89.17293598999998
2187,287.494651,240,386292,86.68630418,90.72220811000001
2188,99.512022,240,386532,82.91114284,89.46914799999999
2189,-767.951019,121,386653,61.801677319999996,80.68978573
2190,85.359636,240,386893,59.70348226,77.79782132
2191,104.251275,240,387133,54.11882528,76.91849223
2192,56.643045,240,387373,49.38828116,74.76781652999999
2193,72.354843,240,387613,68.00650078,71.56914479999999
2194,377.552772,240,387853,76.97555208,74.70731042
2195,277.342548,240,388093,78.61355234,81.01665809
2196,278.748773,240,388333,82.37178328,80.92549299000001
2197,-961.712396,119,388452,72.67605918,69.9742555
2198,188.452974,240,388692,75.04336237999999,81.59070505000001
2199,-166.756511,97,388789,77.35580864,78.84425985
2200,100.14221,240,389029,75.41903812000001,79.04727094
2201,104.100018,240,389269,73.66432405999998,79.29232325
2202,297.279731,240,389509,77.92587187999999,79.33435167
2203,503.214532,240,389749,81.98581824000001,83.45007378
2204,-380.22014,67,389816,66.61656316,78.46936359
2205,-479.827049,128,389944,51.658866499999995,71.29832176000001
2206,82.922256,240,390184,51.459478139999995,71.33321927000001
2207,197.22651,240,390424,54.11275612,72.22404451999999
2208,198.628929,240,390664,46.1476835,71.44629853
2209,-365.788234,125,390789,46.48003462,65.81239195
2210,-273.818635,58,390847,35.996262099999996,66.45117238
2211,82.912259,240,391087,31.826281939999998,66.50143884
2212,-167.656196,113,391200,18.88519594,64.13761163
2213,-260.297112,91,391291,29.92979034,59.96124845
2214,-467.997901,110,391401,8.76717822,50.42528076000001
2215,-462.058539,141,391542,-4.2866063,44.673956860000004
2216,266.605471,240,391782,-0.3123685999999998,54.892957560000006
2217,241.176855,240,392022,-3.1242100600000002,60.964796480000004
2218,586.542944,240,392262,2.61384998,64.08251055000001
2219,180.796511,240,392502,4.05346278,75.15069829
2220,-71.047738,85,392587,-3.1097894599999996,69.56849631
2221,-37.038863,173,392760,-5.724074079999999,67.70790515
2222,265.31737,240,393000,-5.8836007,75.12998945999999
2223,107.114559,240,393240,-5.3875617,76.71421041
2224,285.343708,240,393480,-7.214297739999999,77.59180797
2225,143.329371,240,393720,-10.610193359999998,76.13632996
2226,295.569641,240,393960,-10.130627000000002,75.02937984
2227,207.844183,240,394200,-8.3703857,74.08653288000001
2228,193.021153,240,394440,5.152874399999998,72.96185414
2229,-424.428928,184,394624,6.115411299999998,65.66275336000001
2230,296.371514,240,394864,8.45386806,65.88422955
2231,282.868692,240,395104,27.16080142,68.05237908999999
2232,60.960351,240,395344,34.453089299999995,66.35648950000001
2233,-851.531723,146,395490,11.2435779,62.032591540000006
2234,-960.028506,123,395613,1.5247556599999985,51.317214469999996
2235,297.845206,240,395853,1.1964684799999987,49.49543235
2236,54.419621,240,396093,1.2221328799999986,45.02398628
2237,174.526355,240,396333,-1.037233040000001,42.824535569999995
2238,281.552839,240,396573,2.603583299999999,42.757363070000004
2239,-378.418669,81,396654,10.394230299999997,36.09795381
2240,282.324951,240,396894,14.333536599999997,37.01850943
2241,58.696107,240,397134,13.42243324,33.77062926
2242,-134.28123,206,397340,9.603947739999999,29.49611445
2243,486.175353,240,397580,17.88035794,42.94342936
2244,312.982152,240,397820,16.58894554,46.78224881
2245,96.982032,240,398060,12.981735219999996,45.79764378
2246,64.827638,240,398300,8.703312519999997,45.5375479
2247,-242.87694,172,398472,23.080021639999995,47.87804041
2248,-1.769596,232,398704,19.275570239999997,47.15946631
2249,212.660397,240,398944,26.863908399999996,52.10985852000001
2250,202.894147,240,399184,28.91894714,52.168992630000005
2251,-379.593896,62,399246,19.245068859999996,46.454696459999994
2252,506.775511,240,399486,23.434984459999995,50.68042817
2253,51.831483,240,399726,14.407323479999997,48.19657086
2254,254.428929,240,399966,27.100304859999998,46.85843401
2255,214.565443,240,400206,40.988154699999996,46.3235106
2256,193.567975,240,400446,43.201069079999996,47.33027360999999
2257,73.884663,240,400686,40.734232139999996,47.42349413
2258,286.472449,240,400926,42.49110253999999,44.31939302000001
2259,277.375554,240,401166,55.3543783,50.917206459999996
2260,-365.525325,118,401284,53.52024449999999,44.7582533
2261,82.012581,240,401524,53.502250939999996,42.66426644
2262,591.933402,240,401764,68.6940429,43.78961942
2263,152.004569,240,402004,76.94007651999999,53.43493343
2264,-459.471072,150,402154,77.1106131,42.93889566
2265,76.745933,240,402394,87.88670253999999,41.80004812
2266,198.564525,240,402634,86.52588361999999,43.106757509999994
2267,188.695454,240,402874,85.4762556,41.17602277
2268,395.522844,240,403114,81.6558536,42.13485179
2269,187.360645,240,403354,81.78713628,42.92029953
2270,-417.258454,232,403586,74.86292196,35.87656625
2271,281.292605,240,403826,81.22955132,37.75273862
2272,-916.712319,214,404040,57.588957539999996,25.852678420000004
2273,-372.813779,82,404122,47.99039078,21.30141454
2274,-445.279856,153,404275,33.3779195,13.08181088
2275,273.568395,240,404515,35.98269998,12.686253310000001
2276,173.309326,240,404755,33.53749368,11.703433340000002
2277,-871.923776,64,404819,11.942134499999998,1.7858744000000013
2278,203.183348,240,405059,12.1453784,8.649126400000002
2279,488.953129,240,405299,30.413019539999997,18.26421542
2280,-439.256575,175,405474,15.700457759999997,12.077162910000002
2281,392.744327,240,405714,17.897970459999996,22.52938594
2282,580.249053,240,405954,28.283744499999997,31.368416900000003
2283,-967.661807,115,406069,25.961142819999996,18.602360360000002
2284,86.980668,240,406309,46.9013263,24.213040980000006
2285,74.568972,240,406549,42.43580162,21.816135050000003
2286,55.402038,240,406789,42.455449959999996,21.838791420000003
2287,93.100538,240,407029,40.82693362,19.894850290000004
2288,263.524385,240,407269,40.46636454,21.534973920000002
2289,187.904016,240,407509,51.792818239999995,31.093524270000003
2290,380.936927,240,407749,53.76505776,34.04929718
2291,56.75983,240,407989,53.72633222,33.57438273
2292,90.744938,240,408229,58.22685558,33.91540166
2293,-929.594395,218,408447,29.911460620000003,23.895909280000005
2294,167.688731,240,408687,27.005592200000002,21.797268870000003
2295,208.848486,240,408927,29.242921280000004,21.112328250000004
2296,75.588809,240,409167,29.458144700000002,19.080728610000005
2297,140.138118,240,409407,37.11844586,30.099233750000003
2298,155.102222,240,409647,40.255882220000004,29.765726230000006
2299,97.188058,240,409887,37.94643544,32.40517192
2300,299.869881,240,410127,39.885950120000004,34.40244863
2301,95.600102,240,410367,49.38983008,34.31744947
2302,170.99352,240,410607,42.67419026,33.05458736
2303,389.011314,240,410847,49.41778688,31.912555180000005
2304,297.52225,240,411087,50.2796533,38.68997908
2305,200.543253,240,411327,49.9992095,45.49368210000001
2306,82.670717,240,411567,47.78126434000001,45.49116671000001
2307,189.99824,240,411807,50.10353588000001,45.41888401
2308,90.866422,240,412047,46.191415340000006,44.341258939999996
2309,195.225057,240,412287,44.5484054,49.95139185
2310,92.348904,240,412527,53.70588998000001,53.61306724
2311,-13.105009,218,412745,51.803538180000004,52.65289456000001
2312,178.33909,240,412985,43.53165194,56.11284742
2313,493.428295,240,413225,50.360126460000004,63.650101490000004
2314,502.297787,240,413465,69.59550364,73.35305837
2315,-298.198916,232,413697,62.096606660000006,74.9916546
2316,-249.567729,152,413849,53.13396158,69.8299226
2317,210.012527,240,414089,53.56030304000001,69.51827932
2318,300.570008,240,414329,51.661246320000004,66.65854996
2319,95.075465,240,414569,49.81554272,65.8013395
2320,264.888058,240,414809,63.45847296000001,69.16069746
2321,210.927614,240,415049,62.05117314,71.64036223
2322,204.683935,240,415289,84.47909822,71.03402788
2323,309.976432,240,415529,98.13490244,73.06264661
2324,116.003794,240,415769,109.36057543999999,71.36924747
2325,-965.993819,100,415869,84.56933116,60.27601557
2326,190.062933,240,416109,84.9044033,59.22094849
2327,382.136099,240,416349,109.98560079999999,60.963867650000005
2328,183.332092,240,416589,109.58857567999999,60.86697704
2329,387.138061,240,416829,107.55227432,68.98264693
2330,167.181524,240,417069,119.6810363,67.69074703
2331,498.150808,240,417309,121.78916592,69.84356819
2332,193.81372,240,417549,114.06045926,71.17210188000001
2333,-875.862429,99,417648,115.89644681999998,70.92879482000001
2334,213.907937,240,417888,118.4349922,82.66815925
2335,-312.856074,222,418110,110.68649127999998,76.56114645000001
2336,-383.375302,72,418182,101.91094448,72.18319722
2337,96.238516,240,418422,101.97370403999999,71.40031883
2338,214.366952,240,418662,100.99055538,70.72845996
2339,185.321842,240,418902,100.93891189999998,76.36586507
2340,365.934849,240,419142,100.63887034,77.20196405
2341,62.732928,240,419382,100.7583323,77.24233226
2342,183.458645,240,419622,102.61260644,80.41973101
2343,-275.259842,89,419711,115.6992975,72.80537906
2344,196.739519,240,419951,116.28031326,71.64295272999999
2345,193.149906,240,420191,115.96634166,72.60463147
2346,-228.33674,162,420353,109.88783068000001,69.67298769000001
2347,681.108172,240,420593,120.70723176,78.91283881
2348,272.065006,240,420833,123.04648744,81.65118482999999
2349,158.057045,240,421073,124.26386717999999,81.10515131
2350,-380.34274,44,421117,110.65961475999998,75.27278244
2351,-812.782574,216,421333,92.49196123999998,70.94089566000001
2352,404.758209,240,421573,97.16725502,69.92072264000001
2353,379.412374,240,421813,96.97527622,73.19653155
2354,173.626129,240,422053,94.4973538,72.38850355000001
2355,188.51158,240,422293,94.25672033999999,72.12796492000001
2356,163.484858,240,422533,95.87300316000001,71.82713374999999
2357,201.481474,240,422773,96.10266784,73.10310186
2358,-948.441763,187,422960,75.31650413999999,60.75395974
2359,194.91777,240,423200,75.31035839999998,59.929381899999996
2360,-451.037317,165,423365,64.44263398,59.07426198
2361,290.989842,240,423605,70.52453099999998,61.16403459
2362,283.290975,240,423845,72.62356869999999,58.07761031999999
2363,99.602853,240,424085,64.74705986,57.55359316
2364,121.893245,240,424325,57.13896902,63.367236330000004
2365,231.010627,240,424565,67.72315988,64.90988327
2366,128.945276,240,424805,75.29341998,64.21369078000001
2367,283.687146,240,425045,76.76691235999999,65.1636077
2368,173.823339,240,425285,74.23197898,62.94661265
2369,387.707469,240,425525,80.08461906,64.95008089
2370,290.64182,240,425765,80.5996943,72.02908363
2371,87.74759,240,426005,78.13609381999999,70.09363348
2372,197.081264,240,426245,77.9840404,81.23156931
2373,196.20598,240,426485,75.70863135999998,86.92176690000001
2374,472.066067,240,426725,82.82987682,96.09522613000001
2375,-452.958779,153,426878,93.09057762,88.82995439
2376,891.856035,240,427118,107.12643966,96.01542148
2377,290.652196,240,427358,105.2967616,107.64118119999999
2378,65.942061,240,427598,102.94896098,106.26876833
2379,93.756725,240,427838,97.08133425999999,102.31680429
2380,313.028514,240,428078,99.99827405999999,109.83965518000001
2381,-813.118793,213,428291,73.77288204,97.78102398000001
2382,66.161383,240,428531,71.2198353,92.64014728000001
2383,206.825623,240,428771,92.87359633999999,104.38502158
2384,491.890996,240,429011,98.43325751999998,108.43412486
2385,701.53141,240,429251,118.72100719999999,114.70374924
2386,87.372307,240,429491,128.13595938,115.02345193
2387,280.013587,240,429731,131.8114608,116.89258242
2388,-472.438742,78,429809,118.07534691999999,109.53295115
2389,391.504731,240,430049,122.1990047,111.56895829999999
2390,88.64014,240,430289,116.65311051999998,108.64599043
2391,376.496749,240,430529,122.92838693999998,111.84335962000002
2392,113.713687,240,430769,121.53348778,112.07304711
2393,213.461959,240,431009,131.3079238,123.50361065000001
2394,391.91949,240,431249,135.21152322,125.74591824000001
2395,376.73776,240,431489,138.8832803,127.42481098
2396,98.191799,240,431729,145.41385107999997,127.65084088000002
2397,198.040273,240,431969,135.75249309999998,128.22986243
2398,-425.391781,167,432136,121.80335735999999,122.4249224
2399,93.713699,240,432376,120.51649044,122.39017881000001
2400,289.76304,240,432616,133.91860604000001,122.28911040000001
2401,223.096389,240,432856,154.6361853,123.56407327
2402,-376.22164,67,432923,139.01658831999998,118.09192166999999
2403,292.045782,240,433163,137.26925648,117.12226635
2404,171.331161,240,433403,137.22335712,115.86035546000001
2405,205.095065,240,433643,137.55502682,115.90587358
2406,164.384739,240,433883,137.57302443999998,116.72301379999999
2407,277.112754,240,434123,139.08565004,117.59415894
2408,300.324449,240,434363,164.06097428,119.68873921000001
2409,111.948082,240,434603,162.40158052,118.85596946
2410,196.007219,240,434843,175.34247123999998,119.89255261
2411,73.011908,240,435083,170.98291256000002,120.75372178000002
2412,187.715406,240,435323,169.07140118000004,120.84748494
2413,-137.05351,185,435508,164.33827392,114.54266689
2414,94.993386,240,435748,163.80027674000002,110.46962288
2415,494.01598,240,435988,169.06038379999998,118.39177184
2416,209.042877,240,436228,170.66233581999998,122.97787790000001
2417,164.807716,240,436468,168.28474722,122.52582978999999
2418,-483.384927,70,436538,155.1405819,114.68628044
2419,309.625555,240,436778,153.57894362,116.83178133999999
2420,-249.440175,130,436908,142.77730372,111.68849901
2421,64.552814,240,437148,142.3134082,110.22475101
2422,283.7793,240,437388,144.04736892,111.01570466000001
2423,399.242047,240,437628,148.10809025999998,111.90836080999999
2424,396.417058,240,437868,146.59511007999998,114.71249344999998
2425,472.871537,240,438108,165.1117164,129.10114701
2426,167.03411,240,438348,150.6152779,128.87085878
2427,201.769174,240,438588,148.83761746,127.06718953
2428,74.739611,240,438828,149.01356846,125.98126472
2429,152.353558,240,439068,150.18550512,123.63341969
2430,188.247832,240,439308,147.68989148,123.84408277
2431,293.434688,240,439548,169.82096109999998,121.79692157
2432,404.987458,240,439788,176.59748259999998,123.90865894999999
2433,78.774719,240,440028,174.03646452,133.45503043
2434,38.801648,240,440268,164.97467756000003,131.70396754
2435,195.484941,240,440508,154.85374818,136.78737769
2436,-32.929444,206,440714,152.44771316,140.29183627
2437,85.666027,240,440954,148.56076196,140.18611138
2438,243.826593,240,441194,162.88606866,140.48070779
2439,-452.603748,209,441403,146.00389908,134.10145189000002
2440,505.83384,240,441643,154.34777308,135.50044179999998
2441,266.82456,240,441883,152.1543293,137.54135812
2442,498.642995,240,442123,159.85291546,140.69320162
2443,290.750522,240,442363,161.39868672,146.35330525999998
2444,390.791438,240,442603,161.37612567999997,148.29382445000002
2445,364.205275,240,442843,161.12547598,150.00437814
2446,288.304671,240,443083,164.92773342,155.17079225
2447,281.432302,240,443323,166.59557400000003,151.17403355
2448,282.274545,240,443563,180.74890051999998,151.27612894
2449,474.402222,240,443803,188.36267098,154.43958071
2450,218.841198,240,444043,186.94423414000002,160.43142009
2451,108.885516,240,444283,184.66001668,169.64810099000002
2452,-456.625109,123,444406,183.0519473,161.03426781000002
2453,283.013904,240,444646,182.87130974,160.07028311
2454,274.43075,240,444886,184.93330152000001,161.07832932
2455,-435.18252,186,445072,172.12774982,154.84138832
2456,183.320842,240,445312,172.50647188,155.03974816
2457,307.348948,240,445552,173.11119576000002,156.09842289999997
2458,291.041292,240,445792,172.92553262,168.49325345
2459,399.459323,240,446032,178.67575743999998,170.53866898
2460,183.405671,240,446272,178.42372648,176.88309886
2461,122.743489,240,446512,179.4183581,175.20063533
2462,490.670951,240,446752,185.47746899999999,177.27443509
2463,301.535605,240,446992,194.2492513,179.29376261
2464,79.038708,240,447232,193.93015774,178.86521724
2465,199.719242,240,447472,188.04422298,178.55230339000002
2466,-378.903126,57,447529,176.28530292,173.47381937000003
2467,183.910725,240,447769,176.6673631,172.47605516
2468,170.086478,240,448009,189.7367912,172.43868654999997
2469,301.010496,240,448249,189.56449002000002,171.57171681999998
2470,385.689454,240,448489,202.26708259999998,172.52219316000003
2471,73.778545,240,448729,202.45159721999997,172.38250270999998
2472,-480.132764,79,448808,187.17335594,165.61036243
2473,240.735728,240,449048,184.00322955999997,166.05565991
2474,388.734256,240,449288,183.84957352,165.22234179999998
2475,94.258825,240,449528,176.27731927999997,170.69451784
2476,158.728749,240,449768,176.11121205999999,163.36324498
2477,172.835388,240,450008,175.53253633999998,162.1850769
2478,303.393369,240,450248,180.1056115,164.55958998000003
2479,478.04159,240,450488,186.61937213999997,168.40243863
2480,276.798166,240,450728,188.39037882,168.04013515000003
2481,289.112879,240,450968,188.30394263999997,179.06245187000002
2482,76.343777,240,451208,181.73106902,179.16427581
2483,287.725219,240,451448,185.91007901999998,179.97327177
2484,-439.135156,199,451647,176.35134294,170.66301025
2485,271.135404,240,451887,177.86435219999998,166.35905019
2486,181.759669,240,452127,182.15813445999996,167.30292380999998
2487,293.061009,240,452367,186.3060341,167.43339803000003
2488,288.625177,240,452607,187.20200578,175.04403721999998
2489,174.527617,240,452847,199.74463307999997,172.87426607999998
2490,164.113822,240,453087,192.91023271999998,173.6290029
2491,189.834915,240,453327,191.37043982,171.76238456000002
2492,388.814705,240,453567,189.17387401999997,174.51339474
2493,225.202266,240,453807,187.8629089,174.63079781
2494,180.188379,240,454047,183.65084772000003,172.5134867
2495,-258.681008,146,454193,171.19312205999998,166.15929902
2496,218.134914,240,454433,169.78972692,167.35873017000003
2497,199.62213,240,454673,168.15352347999996,167.37454874
2498,225.127597,240,454913,167.01058452,173.87974252
2499,37.524373,240,455153,158.27302754000002,173.31784926
2500,-441.479284,169,455322,145.0666179,166.00542602
2501,98.064403,240,455562,144.85019564,164.75510616
2502,215.374917,240,455802,158.29019615999997,170.67107173
2503,87.254579,240,456042,154.37500966,168.6231597
2504,293.946607,240,456282,154.7653268,169.84931416
2505,386.549101,240,456522,171.19995921999998,171.66385451999997
2506,118.245399,240,456762,169.89845036000003,171.20246111999998
2507,80.473297,240,457002,165.36093734,169.23606655
2508,-470.151764,64,457066,150.13707622,161.53130442000003
2509,89.169606,240,457306,143.93128188,161.30351966
2510,199.869315,240,457546,144.26055476,161.34214061999998
2511,-469.549484,89,457635,132.4146953,155.9165267
2512,276.566151,240,457875,128.1325993,156.80503414999998
2513,-470.781867,114,457989,112.68624985999999,153.46775058
2514,122.599884,240,458229,113.55747337999999,153.74381555999997
2515,262.342641,240,458469,114.80994136,151.42708217
2516,-384.387503,42,458511,114.70025382,145.49277837
2517,253.40105,240,458751,116.09006032,146.37871171
2518,53.043815,240,458991,113.74920706,151.74299913
2519,300.466856,240,459231,113.73833426000002,151.65141214000002
2520,111.552894,240,459471,108.25560306,155.26134283
2521,487.733377,240,459711,116.5346997,159.49314846
2522,289.015733,240,459951,131.91766963999999,159.54551279
2523,285.978018,240,460191,132.82251544000002,158.4128725
2524,-427.743788,199,460390,116.49295456,150.17126404
2525,64.916609,240,460630,115.90611023999998,146.09171476
2526,269.237084,240,460870,118.11627693999999,147.1137445
2527,174.760724,240,461110,118.15478365999999,146.84366
2528,183.319844,240,461350,115.75331316,147.92946232999998
2529,310.573818,240,461590,112.40395772,149.51166493
2530,209.247881,240,461830,111.05295201999999,149.72166542
2531,-217.525306,208,462038,100.92018832,144.61206548
2532,361.597591,240,462278,106.62526460000001,144.17816681
2533,501.112592,240,462518,110.89301206,148.40154554
2534,67.754386,240,462758,121.0308029,148.69107292
2535,294.520255,240,462998,121.49849992,149.68142606
2536,70.694813,167,463165,119.2772028,150.71766863
2537,295.930984,240,463405,119.3346023,152.8203182
2538,391.572305,240,463645,121.39354486,154.29777532
2539,181.076018,240,463885,121.52451288,160.63457298
2540,587.832523,240,464125,129.9988869,161.45455981
2541,695.038915,240,464365,140.10296689999998,165.73670335999998
2542,-376.242632,94,464459,124.80182015999999,156.98784709
2543,198.403288,240,464699,124.26584059999999,156.06437474999998
2544,-971.436925,105,464804,101.23333452000001,142.44209112
2545,-339.303879,174,464978,99.6208771,135.40699958000002
2546,295.96242,240,465218,101.17742721999998,135.48357707
2547,510.259912,240,465458,107.39018286000001,137.77185316999999
2548,-258.953957,110,465568,97.70855178,132.35956815
2549,311.586297,240,465808,103.18979026000001,130.73140890000002
2550,-477.87217,81,465889,102.46193253999999,123.76427522000002
2551,197.280878,240,466129,104.44626204000001,124.64822884000002
2552,284.495655,240,466369,105.8286768,132.05943648000002
2553,-479.347379,87,466456,94.49663764,124.43582365
2554,-374.501455,84,466540,81.12767640000001,117.9465016
2555,183.793911,240,466780,77.0725726,124.13626591
2556,173.698848,240,467020,78.18164157999999,124.04004597
2557,218.111254,240,467260,80.93440072,123.14766903
2558,208.328028,240,467500,94.50399655999999,122.32053639000002
2559,587.353584,240,467740,104.46767612,124.199479
2560,293.787546,240,467980,106.34604073999999,125.30329775
2561,385.274008,240,468220,123.44251058,127.92860294
2562,285.838753,240,468460,123.62796262,125.88028096
2563,61.765627,240,468700,134.2789125,123.48258118
2564,387.94647,240,468940,139.58584422,126.57165880000001
2565,297.570615,240,469180,140.2904037,127.55017253
2566,471.162169,240,469420,157.40139714,136.05082548000001
2567,713.907287,240,469660,166.61152188,141.3507911
2568,169.648093,240,469900,168.94360744000002,141.34640725
2569,72.551171,240,470140,164.38529373999998,139.061814
2570,380.437556,240,470380,169.76298698,139.00929502
2571,59.395303,240,470620,161.19622549999997,138.8654626
2572,372.017511,240,470860,162.85626106,147.38696535
2573,493.152917,240,471100,166.99975904,149.91113724
2574,193.767205,240,471340,179.42997889999998,147.96146672999998
2575,309.208334,240,471580,184.3158134,150.11096182
2576,393.529128,240,471820,186.80165427999998,152.45896561
2577,409.048483,240,472060,191.48740945999998,154.82109656
2578,103.844791,240,472300,189.89790839999998,152.82561078
2579,-345.789404,157,472457,176.77064395999997,144.58730083999998
2580,170.125073,240,472697,175.9881878,143.52056991
2581,70.302954,240,472937,181.74475299999997,141.33247066
2582,285.809407,240,473177,180.22898932,143.42712696
2583,393.689288,240,473417,178.08052324,144.48676765
2584,-154.826934,117,473534,173.62889683999998,147.32984987
2585,96.796247,240,473774,169.67441668,145.5864583
2586,-254.830819,143,473917,163.16390404,141.22055342
2587,181.365662,240,474157,160.87259759999998,140.10359995000002
2588,200.931316,240,474397,157.05977782,139.22666134000002
2589,493.016897,240,474637,163.29859539999998,142.41155414000002
2590,410.570749,240,474877,159.75335992,144.87612341
2591,-364.476703,78,474955,138.56304756,139.33300723
2592,54.750141,240,475195,147.18290302,135.99236159
2593,-382.142159,65,475260,135.57199408,129.91891733999998
2594,177.886951,240,475500,158.5584716,129.89590306
2595,-384.9653,41,475541,157.64524318,128.63306014
2596,-952.122367,102,475643,132.68354744,116.93048732999999
2597,265.989128,240,475883,127.79813175999999,117.59415730999999
2598,73.254465,240,476123,134.44230019999998,116.07542599
2599,291.257167,240,476363,134.0357176,118.61275393
2600,376.8691,240,476603,151.130543,126.79623776999999
2601,310.884364,240,476843,153.40261271999998,128.92443738
2602,196.386788,240,477083,151.64043537999999,128.73455609
2603,-316.472606,190,477273,154.89793084,124.69728423999999
2604,282.373401,240,477513,168.03542796,124.58155218
2605,384.839472,240,477753,172.05633918,124.56445588999999
2606,172.374373,240,477993,172.02984968,125.10574563
2607,311.979746,240,478233,173.90721951999996,127.42081011999998
2608,110.314759,240,478473,171.94695413999997,133.22547535
2609,160.627744,240,478713,163.41243734,133.94005673
2610,-376.434669,67,478780,150.00799303999997,128.17701689
2611,186.243991,240,479020,146.0273927,134.73495164
2612,291.503088,240,479260,146.14067939999998,134.88432101
2613,173.374356,240,479500,148.37285397999997,141.32588324
2614,463.283494,240,479740,149.87959446,144.73271934000002
2615,-378.884394,68,479808,136.35049428,138.32044899000002
2616,284.726274,240,480048,132.62177638,145.01158676
2617,217.144422,240,480288,122.68651907999998,144.64902048
2618,-226.58047,217,480505,114.76194781999999,141.85277763
2619,393.929384,240,480745,121.18951207999999,142.78740290999997
2620,176.694734,240,480985,117.11465564,143.43882131
2621,681.950315,240,481225,129.56575587999998,145.38099069
2622,82.572281,240,481465,123.77685127999999,143.31655617
2623,291.566459,240,481705,119.74512211999999,143.37244058
2624,67.774439,240,481945,117.22526679999999,148.32762285
2625,403.459509,240,482185,119.1102903,151.71305185
2626,180.404993,240,482425,114.8478076,150.82473094
2627,171.745433,240,482665,110.10174659999998,150.79457803
2628,386.356224,240,482905,115.75197526,152.82494183
2629,785.724715,240,483145,138.38225763999998,157.5764508
2630,209.056924,240,483385,139.16089466,157.57454123
2631,174.736986,240,483625,141.2495753,161.49716415
2632,-17.750831,227,483852,135.17837053999997,157.70367993
2633,-374.703306,83,483935,119.81051866,148.94552095
2634,167.706625,240,484175,126.26118983999999,149.94504333999998
2635,296.01561,240,484415,130.24557710000002,149.95999689
2636,-380.628928,43,484458,127.72961492,145.44675948
2637,-964.816557,125,484583,104.80597054,132.83928407
2638,792.602763,240,484823,116.63939948,136.84958865000002
2639,177.927421,240,485063,110.33760996000001,136.81810268
2640,288.940845,240,485303,107.90501188,133.8291859
2641,-470.19321,74,485377,105.79068174,122.17686465000001
2642,-439.908539,231,485608,95.89750813999999,121.54020558
2643,-368.794906,76,485684,96.16445319999998,115.86822364
2644,601.019216,240,485924,104.62709849999999,131.59278505
2645,188.937275,240,486164,116.10515,136.87519659
2646,193.459288,240,486404,139.0167831,135.85016527
2647,-352.299736,191,486595,126.65100582,127.22456878999999
2648,280.438038,240,486835,130.79467728,132.61848874
2649,365.628306,240,487075,132.28210006,133.15890883
2650,-827.940855,240,487315,108.18590096,129.65822197999998
2651,395.348637,240,487555,109.87518641999999,131.63889957
2652,403.557164,240,487795,114.01859393999999,132.82951466
2653,377.444284,240,488035,127.89693174,141.39743129
2654,-413.199347,185,488220,113.98547678000001,141.01045237
2655,267.979684,240,488460,111.64828102,141.85231009999998
2656,-269.513873,80,488540,102.8105161,137.42018289
2657,396.565787,240,488780,104.50223692,139.20472822
2658,-257.914468,150,488930,97.13765238,134.54230325999998
2659,178.471393,240,489170,97.49452535999998,130.45348135
2660,204.956417,240,489410,109.12234708,129.56517005999999
2661,77.438669,240,489650,106.94624064,126.48681667000001
2662,91.191676,240,489890,102.9400124,124.5403459
