{
    "gamma": 0.9584881692287385,
    "learning_rate": 0.0002556859356712967,
    "buffer_size": 100000,
    "tau": 0.01,
    "batch_size": 64
}