episode,reward,length,success,success_rate_100,timestep
1,-0.10000000149011612,0,False,0.0,44
2,-0.10000000149011612,0,False,0.0,74
3,-0.10000000149011612,0,False,0.0,109
4,0.8999999985098839,1,True,0.25,134
5,-0.10000000149011612,0,False,0.2,162
6,-0.10000000149011612,0,False,0.16666666666666666,213
7,-0.10000000149011612,0,False,0.14285714285714285,245
8,-0.10000000149011612,0,False,0.125,300
9,-0.10000000149011612,0,False,0.1111111111111111,327
10,0.8999999985098839,1,True,0.2,360
11,-0.10000000149011612,0,False,0.18181818181818182,395
12,-0.10000000149011612,0,False,0.16666666666666666,425
13,0.8999999985098839,1,True,0.23076923076923078,473
14,-0.10000000149011612,0,False,0.21428571428571427,502
15,-0.10000000149011612,0,False,0.2,538
16,-0.10000000149011612,0,False,0.1875,563
17,-0.10000000149011612,0,False,0.17647058823529413,607
18,-0.10000000149011612,0,False,0.16666666666666666,628
19,-0.10000000149011612,0,False,0.15789473684210525,655
20,-0.10000000149011612,0,False,0.15,693
21,0.8999999985098839,1,True,0.19047619047619047,722
22,-0.10000000149011612,0,False,0.18181818181818182,757
23,-0.10000000149011612,0,False,0.17391304347826086,790
24,-0.10000000149011612,0,False,0.16666666666666666,812
25,-0.10000000149011612,0,False,0.16,843
26,-0.10000000149011612,0,False,0.15384615384615385,891
27,-0.10000000149011612,0,False,0.14814814814814814,921
28,-0.10000000149011612,0,False,0.14285714285714285,950
29,0.8999999985098839,1,True,0.1724137931034483,971
30,-0.10000000149011612,0,False,0.16666666666666666,996
31,-0.10000000149011612,0,False,0.16129032258064516,1037
32,-0.10000000149011612,0,False,0.15625,1063
33,-0.10000000149011612,0,False,0.15151515151515152,1094
34,-0.10000000149011612,0,False,0.14705882352941177,1130
35,-0.10000000149011612,0,False,0.14285714285714285,1155
36,-0.10000000149011612,0,False,0.1388888888888889,1183
37,-0.10000000149011612,0,False,0.13513513513513514,1218
38,0.8999999985098839,1,True,0.15789473684210525,1249
39,-0.10000000149011612,0,False,0.15384615384615385,1276
40,-0.10000000149011612,0,False,0.15,1304
41,-0.10000000149011612,0,False,0.14634146341463414,1332
42,0.8999999985098839,1,True,0.16666666666666666,1365
43,-0.10000000149011612,0,False,0.16279069767441862,1406
44,0.8999999985098839,1,True,0.18181818181818182,1446
45,-0.10000000149011612,0,False,0.17777777777777778,1473
46,-0.10000000149011612,0,False,0.17391304347826086,1501
47,-0.10000000149011612,0,False,0.1702127659574468,1521
48,0.8999999985098839,1,True,0.1875,1541
49,-0.10000000149011612,0,False,0.1836734693877551,1561
50,-0.10000000149011612,0,False,0.18,1581
51,-0.10000000149011612,0,False,0.17647058823529413,1601
52,-0.10000000149011612,0,False,0.17307692307692307,1621
53,0.8999999985098839,1,True,0.18867924528301888,1641
54,-0.10000000149011612,0,False,0.18518518518518517,1661
55,-0.10000000149011612,0,False,0.18181818181818182,1681
56,-0.10000000149011612,0,False,0.17857142857142858,1701
57,-0.10000000149011612,0,False,0.17543859649122806,1721
58,-0.10000000149011612,0,False,0.1724137931034483,1741
59,0.8999999985098839,1,True,0.1864406779661017,1761
60,0.8999999985098839,1,True,0.2,1781
61,-0.10000000149011612,0,False,0.19672131147540983,1801
62,-0.10000000149011612,0,False,0.1935483870967742,1821
63,-0.10000000149011612,0,False,0.19047619047619047,1841
64,-0.10000000149011612,0,False,0.1875,1861
65,-0.10000000149011612,0,False,0.18461538461538463,1882
66,-0.10000000149011612,0,False,0.18181818181818182,1904
67,-0.10000000149011612,0,False,0.1791044776119403,1929
68,0.8999999985098839,1,True,0.19117647058823528,1957
69,-0.10000000149011612,0,False,0.18840579710144928,1985
70,-0.10000000149011612,0,False,0.18571428571428572,2013
71,0.8999999985098839,1,True,0.19718309859154928,2036
72,-0.10000000149011612,0,False,0.19444444444444445,2064
73,0.8999999985098839,1,True,0.2054794520547945,2092
74,0.8999999985098839,1,True,0.21621621621621623,2120
75,-0.10000000149011612,0,False,0.21333333333333335,2145
76,-0.10000000149011612,0,False,0.21052631578947367,2167
77,-0.10000000149011612,0,False,0.2077922077922078,2195
78,-0.10000000149011612,0,False,0.20512820512820512,2223
79,-0.10000000149011612,0,False,0.20253164556962025,2251
80,-0.10000000149011612,0,False,0.2,2279
81,-0.10000000149011612,0,False,0.19753086419753085,2307
82,0.8999999985098839,1,True,0.2073170731707317,2335
83,-0.10000000149011612,0,False,0.20481927710843373,2363
84,-0.10000000149011612,0,False,0.20238095238095238,2391
85,-0.10000000149011612,0,False,0.2,2419
86,-0.10000000149011612,0,False,0.19767441860465115,2447
87,-0.10000000149011612,0,False,0.19540229885057472,2475
88,-0.10000000149011612,0,False,0.19318181818181818,2498
89,-0.10000000149011612,0,False,0.19101123595505617,2526
90,-0.10000000149011612,0,False,0.18888888888888888,2554
91,-0.10000000149011612,0,False,0.18681318681318682,2582
92,1.8999999985098839,2,True,0.1956521739130435,2610
93,-0.10000000149011612,0,False,0.1935483870967742,2638
94,-0.10000000149011612,0,False,0.19148936170212766,2661
95,-0.10000000149011612,0,False,0.18947368421052632,2689
96,-0.10000000149011612,0,False,0.1875,2717
97,-0.10000000149011612,0,False,0.18556701030927836,2745
98,-0.10000000149011612,0,False,0.1836734693877551,2773
99,-0.10000000149011612,0,False,0.18181818181818182,2801
100,-0.10000000149011612,0,False,0.18,2829
101,-0.10000000149011612,0,False,0.18,2857
102,-0.10000000149011612,0,False,0.18,2879
103,0.8999999985098839,1,True,0.19,2904
104,-0.10000000149011612,0,False,0.18,2932
105,0.8999999985098839,1,True,0.19,2960
106,-0.10000000149011612,0,False,0.19,2985
107,-0.10000000149011612,0,False,0.19,3012
108,-0.10000000149011612,0,False,0.19,3040
109,0.8999999985098839,1,True,0.2,3068
110,-0.10000000149011612,0,False,0.19,3092
111,-0.10000000149011612,0,False,0.19,3119
112,0.8999999985098839,1,True,0.2,3147
113,0.8999999985098839,1,True,0.2,3175
114,0.8999999985098839,1,True,0.21,3197
115,-0.10000000149011612,0,False,0.21,3225
116,-0.10000000149011612,0,False,0.21,3253
117,0.8999999985098839,1,True,0.22,3277
118,-0.10000000149011612,0,False,0.22,3305
119,-0.10000000149011612,0,False,0.22,3333
120,-0.10000000149011612,0,False,0.22,3361
121,0.8999999985098839,1,True,0.22,3389
122,-0.10000000149011612,0,False,0.22,3414
123,-0.10000000149011612,0,False,0.22,3436
124,-0.10000000149011612,0,False,0.22,3464
125,-0.10000000149011612,0,False,0.22,3492
126,-0.10000000149011612,0,False,0.22,3520
127,-0.10000000149011612,0,False,0.22,3542
128,-0.10000000149011612,0,False,0.22,3570
129,-0.10000000149011612,0,False,0.21,3598
130,-0.10000000149011612,0,False,0.21,3621
131,-0.10000000149011612,0,False,0.21,3649
132,-0.10000000149011612,0,False,0.21,3677
133,0.8999999985098839,1,True,0.22,3705
134,-0.10000000149011612,0,False,0.22,3733
135,-0.10000000149011612,0,False,0.22,3761
136,-0.10000000149011612,0,False,0.22,3789
137,-0.10000000149011612,0,False,0.22,3817
138,0.8999999985098839,1,True,0.22,3845
139,-0.10000000149011612,0,False,0.22,3873
140,-0.10000000149011612,0,False,0.22,3901
141,0.8999999985098839,1,True,0.23,3924
142,0.8999999985098839,1,True,0.23,3952
143,-0.10000000149011612,0,False,0.23,3980
144,0.8999999985098839,1,True,0.23,4008
145,-0.10000000149011612,0,False,0.23,4036
146,-0.10000000149011612,0,False,0.23,4064
147,-0.10000000149011612,0,False,0.23,4086
148,0.8999999985098839,1,True,0.23,4114
149,-0.10000000149011612,0,False,0.23,4142
150,-0.10000000149011612,0,False,0.23,4170
151,-0.10000000149011612,0,False,0.23,4195
152,-0.10000000149011612,0,False,0.23,4217
153,-0.10000000149011612,0,False,0.22,4244
154,-0.10000000149011612,0,False,0.22,4266
155,0.8999999985098839,1,True,0.23,4288
156,0.8999999985098839,1,True,0.24,4316
157,-0.10000000149011612,0,False,0.24,4344
158,-0.10000000149011612,0,False,0.24,4372
159,-0.10000000149011612,0,False,0.23,4400
160,-0.10000000149011612,0,False,0.22,4428
161,-0.10000000149011612,0,False,0.22,4453
162,1.8999999985098839,2,True,0.23,4481
163,-0.10000000149011612,0,False,0.23,4509
164,-0.10000000149011612,0,False,0.23,4537
165,-0.10000000149011612,0,False,0.23,4565
166,-0.10000000149011612,0,False,0.23,4593
167,-0.10000000149011612,0,False,0.23,4621
168,-0.10000000149011612,0,False,0.22,4643
169,-0.10000000149011612,0,False,0.22,4671
170,-0.10000000149011612,0,False,0.22,4693
171,-0.10000000149011612,0,False,0.21,4721
172,-0.10000000149011612,0,False,0.21,4749
173,-0.10000000149011612,0,False,0.2,4771
174,-0.10000000149011612,0,False,0.19,4799
175,0.8999999985098839,1,True,0.2,4827
176,-0.10000000149011612,0,False,0.2,4855
177,-0.10000000149011612,0,False,0.2,4883
178,-0.10000000149011612,0,False,0.2,4911
179,0.8999999985098839,1,True,0.21,4933
180,-0.10000000149011612,0,False,0.21,4957
181,-0.10000000149011612,0,False,0.21,4979
182,-0.10000000149011612,0,False,0.2,5007
183,-0.10000000149011612,0,False,0.2,5030
184,-0.10000000149011612,0,False,0.2,5058
185,-0.10000000149011612,0,False,0.2,5086
186,-0.10000000149011612,0,False,0.2,5114
187,-0.10000000149011612,0,False,0.2,5142
188,-0.10000000149011612,0,False,0.2,5170
189,-0.10000000149011612,0,False,0.2,5194
190,0.8999999985098839,1,True,0.21,5222
191,-0.10000000149011612,0,False,0.21,5250
192,0.8999999985098839,1,True,0.21,5278
193,-0.10000000149011612,0,False,0.21,5306
194,-0.10000000149011612,0,False,0.21,5334
195,-0.10000000149011612,0,False,0.21,5362
196,1.8999999985098839,2,True,0.22,5390
197,-0.10000000149011612,0,False,0.22,5412
198,0.8999999985098839,1,True,0.23,5440
199,-0.10000000149011612,0,False,0.23,5468
200,-0.10000000149011612,0,False,0.23,5496
201,-0.10000000149011612,0,False,0.23,5524
202,-0.10000000149011612,0,False,0.23,5546
203,-0.10000000149011612,0,False,0.22,5568
204,-0.10000000149011612,0,False,0.22,5596
205,-0.10000000149011612,0,False,0.21,5624
206,-0.10000000149011612,0,False,0.21,5652
207,-0.10000000149011612,0,False,0.21,5680
208,-0.10000000149011612,0,False,0.21,5708
209,0.8999999985098839,1,True,0.21,5736
210,-0.10000000149011612,0,False,0.21,5764
211,-0.10000000149011612,0,False,0.21,5787
212,0.8999999985098839,1,True,0.21,5815
213,-0.10000000149011612,0,False,0.2,5838
214,0.8999999985098839,1,True,0.2,5866
215,-0.10000000149011612,0,False,0.2,5894
216,0.8999999985098839,1,True,0.21,5922
217,-0.10000000149011612,0,False,0.2,5950
218,0.8999999985098839,1,True,0.21,5978
219,-0.10000000149011612,0,False,0.21,6002
220,-0.10000000149011612,0,False,0.21,6024
221,-0.10000000149011612,0,False,0.2,6052
222,-0.10000000149011612,0,False,0.2,6080
223,-0.10000000149011612,0,False,0.2,6108
224,1.8999999985098839,2,True,0.21,6136
225,0.8999999985098839,1,True,0.22,6164
226,-0.10000000149011612,0,False,0.22,6192
227,-0.10000000149011612,0,False,0.22,6220
228,-0.10000000149011612,0,False,0.22,6242
229,-0.10000000149011612,0,False,0.22,6270
230,-0.10000000149011612,0,False,0.22,6298
231,-0.10000000149011612,0,False,0.22,6320
232,-0.10000000149011612,0,False,0.22,6348
233,-0.10000000149011612,0,False,0.21,6376
234,-0.10000000149011612,0,False,0.21,6404
235,0.8999999985098839,1,True,0.22,6432
236,-0.10000000149011612,0,False,0.22,6460
237,-0.10000000149011612,0,False,0.22,6488
238,0.8999999985098839,1,True,0.22,6516
239,0.8999999985098839,1,True,0.23,6544
240,-0.10000000149011612,0,False,0.23,6572
241,-0.10000000149011612,0,False,0.22,6600
242,-0.10000000149011612,0,False,0.21,6628
243,-0.10000000149011612,0,False,0.21,6656
244,-0.10000000149011612,0,False,0.2,6678
245,-0.10000000149011612,0,False,0.2,6706
246,-0.10000000149011612,0,False,0.2,6734
247,-0.10000000149011612,0,False,0.2,6762
248,-0.10000000149011612,0,False,0.19,6790
249,-0.10000000149011612,0,False,0.19,6818
250,-0.10000000149011612,0,False,0.19,6846
251,-0.10000000149011612,0,False,0.19,6874
252,-0.10000000149011612,0,False,0.19,6902
253,-0.10000000149011612,0,False,0.19,6930
254,-0.10000000149011612,0,False,0.19,6954
255,-0.10000000149011612,0,False,0.18,6982
256,-0.10000000149011612,0,False,0.17,7010
257,-0.10000000149011612,0,False,0.17,7032
258,-0.10000000149011612,0,False,0.17,7060
259,-0.10000000149011612,0,False,0.17,7088
260,-0.10000000149011612,0,False,0.17,7110
261,-0.10000000149011612,0,False,0.17,7138
262,-0.10000000149011612,0,False,0.16,7166
263,-0.10000000149011612,0,False,0.16,7194
264,-0.10000000149011612,0,False,0.16,7222
265,-0.10000000149011612,0,False,0.16,7250
266,-0.10000000149011612,0,False,0.16,7272
267,-0.10000000149011612,0,False,0.16,7300
268,0.8999999985098839,1,True,0.17,7328
269,-0.10000000149011612,0,False,0.17,7356
270,-0.10000000149011612,0,False,0.17,7384
271,-0.10000000149011612,0,False,0.17,7412
272,-0.10000000149011612,0,False,0.17,7440
273,-0.10000000149011612,0,False,0.17,7468
274,-0.10000000149011612,0,False,0.17,7496
275,-0.10000000149011612,0,False,0.16,7524
276,0.8999999985098839,1,True,0.17,7552
277,-0.10000000149011612,0,False,0.17,7580
278,-0.10000000149011612,0,False,0.17,7608
279,0.8999999985098839,1,True,0.17,7636
280,-0.10000000149011612,0,False,0.17,7664
281,-0.10000000149011612,0,False,0.17,7692
282,0.8999999985098839,1,True,0.18,7720
283,-0.10000000149011612,0,False,0.18,7748
284,-0.10000000149011612,0,False,0.18,7776
285,-0.10000000149011612,0,False,0.18,7802
286,-0.10000000149011612,0,False,0.18,7830
287,-0.10000000149011612,0,False,0.18,7858
288,-0.10000000149011612,0,False,0.18,7886
289,1.8999999985098839,2,True,0.19,7914
290,-0.10000000149011612,0,False,0.18,7942
291,-0.10000000149011612,0,False,0.18,7970
292,-0.10000000149011612,0,False,0.17,7998
293,-0.10000000149011612,0,False,0.17,8026
294,-0.10000000149011612,0,False,0.17,8054
295,-0.10000000149011612,0,False,0.17,8082
296,-0.10000000149011612,0,False,0.16,8110
297,-0.10000000149011612,0,False,0.16,8138
298,0.8999999985098839,1,True,0.16,8166
299,-0.10000000149011612,0,False,0.16,8194
300,0.8999999985098839,1,True,0.17,8222
301,-0.10000000149011612,0,False,0.17,8250
302,-0.10000000149011612,0,False,0.17,8276
303,-0.10000000149011612,0,False,0.17,8304
304,-0.10000000149011612,0,False,0.17,8332
305,-0.10000000149011612,0,False,0.17,8360
306,0.8999999985098839,1,True,0.18,8388
307,0.8999999985098839,1,True,0.19,8416
308,-0.10000000149011612,0,False,0.19,8444
309,-0.10000000149011612,0,False,0.18,8472
310,-0.10000000149011612,0,False,0.18,8497
311,-0.10000000149011612,0,False,0.18,8525
312,-0.10000000149011612,0,False,0.17,8553
313,0.8999999985098839,1,True,0.18,8581
314,0.8999999985098839,1,True,0.18,8609
315,-0.10000000149011612,0,False,0.18,8637
316,-0.10000000149011612,0,False,0.17,8665
317,1.8999999985098839,2,True,0.18,8687
318,-0.10000000149011612,0,False,0.17,8709
319,-0.10000000149011612,0,False,0.17,8731
320,0.8999999985098839,1,True,0.18,8759
321,-0.10000000149011612,0,False,0.18,8787
322,0.8999999985098839,1,True,0.19,8811
323,-0.10000000149011612,0,False,0.19,8839
324,-0.10000000149011612,0,False,0.18,8867
325,-0.10000000149011612,0,False,0.17,8895
326,-0.10000000149011612,0,False,0.17,8917
327,-0.10000000149011612,0,False,0.17,8945
328,1.8999999985098839,2,True,0.18,8973
329,-0.10000000149011612,0,False,0.18,9001
330,-0.10000000149011612,0,False,0.18,9029
331,-0.10000000149011612,0,False,0.18,9057
332,-0.10000000149011612,0,False,0.18,9085
333,-0.10000000149011612,0,False,0.18,9113
334,0.8999999985098839,1,True,0.19,9141
335,-0.10000000149011612,0,False,0.18,9169
336,-0.10000000149011612,0,False,0.18,9197
337,0.8999999985098839,1,True,0.19,9225
338,0.8999999985098839,1,True,0.19,9253
339,-0.10000000149011612,0,False,0.18,9281
340,-0.10000000149011612,0,False,0.18,9309
341,-0.10000000149011612,0,False,0.18,9332
342,-0.10000000149011612,0,False,0.18,9360
343,-0.10000000149011612,0,False,0.18,9388
344,-0.10000000149011612,0,False,0.18,9416
345,-0.10000000149011612,0,False,0.18,9444
346,-0.10000000149011612,0,False,0.18,9472
347,-0.10000000149011612,0,False,0.18,9500
348,0.8999999985098839,1,True,0.19,9528
349,-0.10000000149011612,0,False,0.19,9556
350,-0.10000000149011612,0,False,0.19,9584
351,-0.10000000149011612,0,False,0.19,9612
352,-0.10000000149011612,0,False,0.19,9640
353,-0.10000000149011612,0,False,0.19,9668
354,-0.10000000149011612,0,False,0.19,9696
355,-0.10000000149011612,0,False,0.19,9724
356,-0.10000000149011612,0,False,0.19,9752
357,-0.10000000149011612,0,False,0.19,9780
358,1.8999999985098839,2,True,0.2,9808
359,-0.10000000149011612,0,False,0.2,9830
360,-0.10000000149011612,0,False,0.2,9858
361,-0.10000000149011612,0,False,0.2,9880
362,0.8999999985098839,1,True,0.21,9908
363,-0.10000000149011612,0,False,0.21,9930
364,-0.10000000149011612,0,False,0.21,9958
365,-0.10000000149011612,0,False,0.21,9986
366,-0.10000000149011612,0,False,0.21,10014
367,-0.10000000149011612,0,False,0.21,10042
368,-0.10000000149011612,0,False,0.2,10070
369,-0.10000000149011612,0,False,0.2,10098
370,-0.10000000149011612,0,False,0.2,10126
371,-0.10000000149011612,0,False,0.2,10154
372,-0.10000000149011612,0,False,0.2,10182
373,-0.10000000149011612,0,False,0.2,10210
374,-0.10000000149011612,0,False,0.2,10238
375,-0.10000000149011612,0,False,0.2,10266
376,-0.10000000149011612,0,False,0.19,10294
377,-0.10000000149011612,0,False,0.19,10322
378,-0.10000000149011612,0,False,0.19,10350
379,-0.10000000149011612,0,False,0.18,10372
380,-0.10000000149011612,0,False,0.18,10400
381,0.8999999985098839,1,True,0.19,10428
382,-0.10000000149011612,0,False,0.18,10450
383,-0.10000000149011612,0,False,0.18,10478
384,-0.10000000149011612,0,False,0.18,10506
385,-0.10000000149011612,0,False,0.18,10534
386,-0.10000000149011612,0,False,0.18,10562
387,-0.10000000149011612,0,False,0.18,10590
388,-0.10000000149011612,0,False,0.18,10614
389,-0.10000000149011612,0,False,0.17,10642
390,-0.10000000149011612,0,False,0.17,10670
391,-0.10000000149011612,0,False,0.17,10698
392,-0.10000000149011612,0,False,0.17,10720
393,-0.10000000149011612,0,False,0.17,10748
394,-0.10000000149011612,0,False,0.17,10776
395,-0.10000000149011612,0,False,0.17,10804
396,-0.10000000149011612,0,False,0.17,10832
397,-0.10000000149011612,0,False,0.17,10860
398,-0.10000000149011612,0,False,0.16,10888
399,-0.10000000149011612,0,False,0.16,10916
400,-0.10000000149011612,0,False,0.15,10938
401,-0.10000000149011612,0,False,0.15,10966
402,-0.10000000149011612,0,False,0.15,10994
403,-0.10000000149011612,0,False,0.15,11022
404,0.8999999985098839,1,True,0.16,11050
405,-0.10000000149011612,0,False,0.16,11075
406,-0.10000000149011612,0,False,0.15,11103
407,0.8999999985098839,1,True,0.15,11130
408,-0.10000000149011612,0,False,0.15,11158
409,-0.10000000149011612,0,False,0.15,11186
410,1.8999999985098839,2,True,0.16,11214
411,-0.10000000149011612,0,False,0.16,11242
412,-0.10000000149011612,0,False,0.16,11270
413,-0.10000000149011612,0,False,0.15,11298
414,-0.10000000149011612,0,False,0.14,11326
415,-0.10000000149011612,0,False,0.14,11354
416,0.8999999985098839,1,True,0.15,11382
417,-0.10000000149011612,0,False,0.14,11410
418,-0.10000000149011612,0,False,0.14,11438
419,-0.10000000149011612,0,False,0.14,11466
420,-0.10000000149011612,0,False,0.13,11494
421,0.8999999985098839,1,True,0.14,11516
422,-0.10000000149011612,0,False,0.13,11544
423,-0.10000000149011612,0,False,0.13,11572
424,0.8999999985098839,1,True,0.14,11594
425,0.8999999985098839,1,True,0.15,11622
426,0.8999999985098839,1,True,0.16,11647
427,-0.10000000149011612,0,False,0.16,11675
428,0.8999999985098839,1,True,0.16,11703
429,-0.10000000149011612,0,False,0.16,11731
430,-0.10000000149011612,0,False,0.16,11759
431,-0.10000000149011612,0,False,0.16,11787
432,-0.10000000149011612,0,False,0.16,11815
433,0.8999999985098839,1,True,0.17,11843
434,-0.10000000149011612,0,False,0.16,11871
435,-0.10000000149011612,0,False,0.16,11899
436,0.8999999985098839,1,True,0.17,11927
437,-0.10000000149011612,0,False,0.16,11955
438,-0.10000000149011612,0,False,0.15,11983
439,-0.10000000149011612,0,False,0.15,12011
440,-0.10000000149011612,0,False,0.15,12039
441,-0.10000000149011612,0,False,0.15,12067
442,-0.10000000149011612,0,False,0.15,12095
443,-0.10000000149011612,0,False,0.15,12123
444,-0.10000000149011612,0,False,0.15,12151
445,0.8999999985098839,1,True,0.16,12179
446,-0.10000000149011612,0,False,0.16,12207
447,-0.10000000149011612,0,False,0.16,12235
448,1.8999999985098839,2,True,0.16,12263
449,-0.10000000149011612,0,False,0.16,12291
450,-0.10000000149011612,0,False,0.16,12319
451,0.8999999985098839,1,True,0.17,12347
452,-0.10000000149011612,0,False,0.17,12375
453,-0.10000000149011612,0,False,0.17,12403
454,0.8999999985098839,1,True,0.18,12431
455,-0.10000000149011612,0,False,0.18,12459
456,0.8999999985098839,1,True,0.19,12487
457,-0.10000000149011612,0,False,0.19,12509
458,-0.10000000149011612,0,False,0.18,12537
459,0.8999999985098839,1,True,0.19,12565
460,-0.10000000149011612,0,False,0.19,12593
461,0.8999999985098839,1,True,0.2,12621
462,-0.10000000149011612,0,False,0.19,12649
463,-0.10000000149011612,0,False,0.19,12671
464,-0.10000000149011612,0,False,0.19,12699
465,-0.10000000149011612,0,False,0.19,12727
466,0.8999999985098839,1,True,0.2,12755
467,0.8999999985098839,1,True,0.21,12783
468,0.8999999985098839,1,True,0.22,12811
469,1.8999999985098839,2,True,0.23,12839
470,0.8999999985098839,1,True,0.24,12867
471,-0.10000000149011612,0,False,0.24,12895
472,-0.10000000149011612,0,False,0.24,12918
473,-0.10000000149011612,0,False,0.24,12946
474,-0.10000000149011612,0,False,0.24,12974
475,-0.10000000149011612,0,False,0.24,13002
476,2.899999998509884,3,True,0.25,13030
477,-0.10000000149011612,0,False,0.25,13052
478,-0.10000000149011612,0,False,0.25,13074
479,-0.10000000149011612,0,False,0.25,13102
480,0.8999999985098839,1,True,0.26,13126
481,-0.10000000149011612,0,False,0.25,13154
482,-0.10000000149011612,0,False,0.25,13182
483,-0.10000000149011612,0,False,0.25,13210
484,-0.10000000149011612,0,False,0.25,13238
485,-0.10000000149011612,0,False,0.25,13266
486,-0.10000000149011612,0,False,0.25,13294
487,-0.10000000149011612,0,False,0.25,13322
488,-0.10000000149011612,0,False,0.25,13350
489,-0.10000000149011612,0,False,0.25,13378
490,-0.10000000149011612,0,False,0.25,13406
491,-0.10000000149011612,0,False,0.25,13434
492,-0.10000000149011612,0,False,0.25,13462
493,-0.10000000149011612,0,False,0.25,13486
494,-0.10000000149011612,0,False,0.25,13514
495,-0.10000000149011612,0,False,0.25,13542
496,-0.10000000149011612,0,False,0.25,13570
497,0.8999999985098839,1,True,0.26,13598
498,-0.10000000149011612,0,False,0.26,13626
499,0.8999999985098839,1,True,0.27,13654
500,0.8999999985098839,1,True,0.28,13682
501,0.8999999985098839,1,True,0.29,13704
502,-0.10000000149011612,0,False,0.29,13732
503,-0.10000000149011612,0,False,0.29,13760
504,-0.10000000149011612,0,False,0.28,13782
505,-0.10000000149011612,0,False,0.28,13810
506,-0.10000000149011612,0,False,0.28,13838
507,-0.10000000149011612,0,False,0.27,13866
508,-0.10000000149011612,0,False,0.27,13894
509,-0.10000000149011612,0,False,0.27,13922
510,-0.10000000149011612,0,False,0.26,13950
511,-0.10000000149011612,0,False,0.26,13978
512,-0.10000000149011612,0,False,0.26,14000
513,1.8999999985098839,2,True,0.27,14028
514,-0.10000000149011612,0,False,0.27,14056
515,-0.10000000149011612,0,False,0.27,14084
516,-0.10000000149011612,0,False,0.26,14112
517,-0.10000000149011612,0,False,0.26,14134
518,-0.10000000149011612,0,False,0.26,14156
519,-0.10000000149011612,0,False,0.26,14178
520,-0.10000000149011612,0,False,0.26,14200
521,-0.10000000149011612,0,False,0.25,14228
522,0.8999999985098839,1,True,0.26,14256
523,-0.10000000149011612,0,False,0.26,14278
524,-0.10000000149011612,0,False,0.25,14301
525,-0.10000000149011612,0,False,0.24,14329
526,-0.10000000149011612,0,False,0.23,14352
527,-0.10000000149011612,0,False,0.23,14380
528,0.8999999985098839,1,True,0.23,14408
529,-0.10000000149011612,0,False,0.23,14436
530,-0.10000000149011612,0,False,0.23,14464
531,-0.10000000149011612,0,False,0.23,14486
532,-0.10000000149011612,0,False,0.23,14514
533,-0.10000000149011612,0,False,0.22,14536
534,-0.10000000149011612,0,False,0.22,14562
535,0.8999999985098839,1,True,0.23,14584
536,-0.10000000149011612,0,False,0.22,14612
537,-0.10000000149011612,0,False,0.22,14640
538,-0.10000000149011612,0,False,0.22,14668
539,-0.10000000149011612,0,False,0.22,14690
540,-0.10000000149011612,0,False,0.22,14718
541,-0.10000000149011612,0,False,0.22,14746
542,0.8999999985098839,1,True,0.23,14769
543,-0.10000000149011612,0,False,0.23,14797
544,-0.10000000149011612,0,False,0.23,14819
545,-0.10000000149011612,0,False,0.22,14847
546,-0.10000000149011612,0,False,0.22,14875
547,-0.10000000149011612,0,False,0.22,14900
548,-0.10000000149011612,0,False,0.21,14928
549,-0.10000000149011612,0,False,0.21,14951
550,-0.10000000149011612,0,False,0.21,14979
551,-0.10000000149011612,0,False,0.2,15007
552,-0.10000000149011612,0,False,0.2,15035
553,-0.10000000149011612,0,False,0.2,15063
554,-0.10000000149011612,0,False,0.19,15091
555,-0.10000000149011612,0,False,0.19,15113
556,-0.10000000149011612,0,False,0.18,15141
557,0.8999999985098839,1,True,0.19,15169
558,-0.10000000149011612,0,False,0.19,15196
559,-0.10000000149011612,0,False,0.18,15221
560,-0.10000000149011612,0,False,0.18,15249
561,-0.10000000149011612,0,False,0.17,15277
562,-0.10000000149011612,0,False,0.17,15305
563,-0.10000000149011612,0,False,0.17,15333
564,0.8999999985098839,1,True,0.18,15361
565,-0.10000000149011612,0,False,0.18,15389
566,0.8999999985098839,1,True,0.18,15417
567,-0.10000000149011612,0,False,0.17,15439
568,-0.10000000149011612,0,False,0.16,15467
569,-0.10000000149011612,0,False,0.15,15495
570,-0.10000000149011612,0,False,0.14,15523
571,0.8999999985098839,1,True,0.15,15551
572,-0.10000000149011612,0,False,0.15,15579
573,-0.10000000149011612,0,False,0.15,15607
574,-0.10000000149011612,0,False,0.15,15635
575,0.8999999985098839,1,True,0.16,15663
576,-0.10000000149011612,0,False,0.15,15691
577,-0.10000000149011612,0,False,0.15,15719
578,-0.10000000149011612,0,False,0.15,15747
579,-0.10000000149011612,0,False,0.15,15775
580,-0.10000000149011612,0,False,0.14,15803
581,-0.10000000149011612,0,False,0.14,15831
582,0.8999999985098839,1,True,0.15,15859
583,-0.10000000149011612,0,False,0.15,15887
584,-0.10000000149011612,0,False,0.15,15915
585,-0.10000000149011612,0,False,0.15,15943
586,-0.10000000149011612,0,False,0.15,15971
587,-0.10000000149011612,0,False,0.15,15995
588,0.8999999985098839,1,True,0.16,16023
589,-0.10000000149011612,0,False,0.16,16051
590,-0.10000000149011612,0,False,0.16,16079
591,-0.10000000149011612,0,False,0.16,16107
592,-0.10000000149011612,0,False,0.16,16135
593,-0.10000000149011612,0,False,0.16,16163
594,1.8999999985098839,2,True,0.17,16191
595,-0.10000000149011612,0,False,0.17,16215
596,-0.10000000149011612,0,False,0.17,16238
597,-0.10000000149011612,0,False,0.16,16266
598,-0.10000000149011612,0,False,0.16,16294
599,-0.10000000149011612,0,False,0.15,16322
600,-0.10000000149011612,0,False,0.14,16350
601,-0.10000000149011612,0,False,0.13,16378
602,-0.10000000149011612,0,False,0.13,16406
603,0.8999999985098839,1,True,0.14,16434
604,-0.10000000149011612,0,False,0.14,16462
605,-0.10000000149011612,0,False,0.14,16490
606,-0.10000000149011612,0,False,0.14,16513
607,-0.10000000149011612,0,False,0.14,16541
608,-0.10000000149011612,0,False,0.14,16569
609,-0.10000000149011612,0,False,0.14,16597
610,-0.10000000149011612,0,False,0.14,16625
611,-0.10000000149011612,0,False,0.14,16653
612,-0.10000000149011612,0,False,0.14,16675
613,-0.10000000149011612,0,False,0.13,16703
614,0.8999999985098839,1,True,0.14,16729
615,1.8999999985098839,2,True,0.15,16755
616,-0.10000000149011612,0,False,0.15,16783
617,-0.10000000149011612,0,False,0.15,16811
618,-0.10000000149011612,0,False,0.15,16839
619,0.8999999985098839,1,True,0.16,16867
620,-0.10000000149011612,0,False,0.16,16890
621,-0.10000000149011612,0,False,0.16,16918
622,-0.10000000149011612,0,False,0.15,16944
623,-0.10000000149011612,0,False,0.15,16972
624,1.8999999985098839,2,True,0.16,17000
625,-0.10000000149011612,0,False,0.16,17028
626,0.8999999985098839,1,True,0.17,17050
627,-0.10000000149011612,0,False,0.17,17074
628,-0.10000000149011612,0,False,0.16,17102
629,-0.10000000149011612,0,False,0.16,17126
630,0.8999999985098839,1,True,0.17,17154
631,-0.10000000149011612,0,False,0.17,17182
632,-0.10000000149011612,0,False,0.17,17204
633,-0.10000000149011612,0,False,0.17,17227
634,-0.10000000149011612,0,False,0.17,17255
635,-0.10000000149011612,0,False,0.16,17283
636,-0.10000000149011612,0,False,0.16,17311
637,-0.10000000149011612,0,False,0.16,17333
638,-0.10000000149011612,0,False,0.16,17361
639,-0.10000000149011612,0,False,0.16,17388
640,-0.10000000149011612,0,False,0.16,17416
641,-0.10000000149011612,0,False,0.16,17444
642,-0.10000000149011612,0,False,0.15,17472
643,-0.10000000149011612,0,False,0.15,17500
644,-0.10000000149011612,0,False,0.15,17528
645,0.8999999985098839,1,True,0.16,17556
646,0.8999999985098839,1,True,0.17,17584
647,-0.10000000149011612,0,False,0.17,17612
648,-0.10000000149011612,0,False,0.17,17640
649,-0.10000000149011612,0,False,0.17,17668
650,-0.10000000149011612,0,False,0.17,17696
651,-0.10000000149011612,0,False,0.17,17724
652,0.8999999985098839,1,True,0.18,17752
653,-0.10000000149011612,0,False,0.18,17780
654,-0.10000000149011612,0,False,0.18,17802
655,0.8999999985098839,1,True,0.19,17830
656,-0.10000000149011612,0,False,0.19,17858
657,1.8999999985098839,2,True,0.19,17886
658,-0.10000000149011612,0,False,0.19,17914
659,-0.10000000149011612,0,False,0.19,17942
660,-0.10000000149011612,0,False,0.19,17970
661,-0.10000000149011612,0,False,0.19,17993
662,-0.10000000149011612,0,False,0.19,18021
663,-0.10000000149011612,0,False,0.19,18049
664,-0.10000000149011612,0,False,0.18,18077
665,-0.10000000149011612,0,False,0.18,18101
666,-0.10000000149011612,0,False,0.17,18123
667,-0.10000000149011612,0,False,0.17,18151
668,-0.10000000149011612,0,False,0.17,18178
669,-0.10000000149011612,0,False,0.17,18206
670,-0.10000000149011612,0,False,0.17,18234
671,-0.10000000149011612,0,False,0.16,18257
672,-0.10000000149011612,0,False,0.16,18285
673,-0.10000000149011612,0,False,0.16,18307
674,0.8999999985098839,1,True,0.17,18335
675,0.8999999985098839,1,True,0.17,18363
676,-0.10000000149011612,0,False,0.17,18391
677,-0.10000000149011612,0,False,0.17,18419
678,-0.10000000149011612,0,False,0.17,18447
679,-0.10000000149011612,0,False,0.17,18475
680,-0.10000000149011612,0,False,0.17,18503
681,-0.10000000149011612,0,False,0.17,18531
682,-0.10000000149011612,0,False,0.16,18559
683,-0.10000000149011612,0,False,0.16,18587
684,-0.10000000149011612,0,False,0.16,18615
685,-0.10000000149011612,0,False,0.16,18643
686,0.8999999985098839,1,True,0.17,18671
687,-0.10000000149011612,0,False,0.17,18693
688,-0.10000000149011612,0,False,0.16,18715
689,-0.10000000149011612,0,False,0.16,18743
690,-0.10000000149011612,0,False,0.16,18771
691,-0.10000000149011612,0,False,0.16,18799
692,-0.10000000149011612,0,False,0.16,18827
693,-0.10000000149011612,0,False,0.16,18855
694,-0.10000000149011612,0,False,0.15,18883
695,0.8999999985098839,1,True,0.16,18911
696,0.8999999985098839,1,True,0.17,18939
697,-0.10000000149011612,0,False,0.17,18967
698,-0.10000000149011612,0,False,0.17,18995
699,-0.10000000149011612,0,False,0.17,19023
700,-0.10000000149011612,0,False,0.17,19045
701,-0.10000000149011612,0,False,0.17,19067
702,-0.10000000149011612,0,False,0.17,19095
703,-0.10000000149011612,0,False,0.16,19123
704,-0.10000000149011612,0,False,0.16,19146
705,-0.10000000149011612,0,False,0.16,19170
706,-0.10000000149011612,0,False,0.16,19198
707,-0.10000000149011612,0,False,0.16,19226
708,-0.10000000149011612,0,False,0.16,19254
709,-0.10000000149011612,0,False,0.16,19282
710,1.8999999985098839,2,True,0.17,19310
711,-0.10000000149011612,0,False,0.17,19338
712,-0.10000000149011612,0,False,0.17,19366
713,-0.10000000149011612,0,False,0.17,19394
714,-0.10000000149011612,0,False,0.16,19422
715,-0.10000000149011612,0,False,0.15,19450
716,-0.10000000149011612,0,False,0.15,19478
717,0.8999999985098839,1,True,0.16,19506
718,-0.10000000149011612,0,False,0.16,19534
719,-0.10000000149011612,0,False,0.15,19562
720,-0.10000000149011612,0,False,0.15,19590
721,0.8999999985098839,1,True,0.16,19618
722,-0.10000000149011612,0,False,0.16,19646
723,-0.10000000149011612,0,False,0.16,19674
724,-0.10000000149011612,0,False,0.15,19702
725,-0.10000000149011612,0,False,0.15,19730
726,-0.10000000149011612,0,False,0.14,19758
727,0.8999999985098839,1,True,0.15,19786
728,-0.10000000149011612,0,False,0.15,19814
729,-0.10000000149011612,0,False,0.15,19842
730,0.8999999985098839,1,True,0.15,19870
731,-0.10000000149011612,0,False,0.15,19898
732,-0.10000000149011612,0,False,0.15,19926
733,-0.10000000149011612,0,False,0.15,19954
734,0.8999999985098839,1,True,0.16,19982
735,0.8999999985098839,1,True,0.17,20010
736,-0.10000000149011612,0,False,0.17,20038
737,-0.10000000149011612,0,False,0.17,20066
738,-0.10000000149011612,0,False,0.17,20094
739,-0.10000000149011612,0,False,0.17,20122
740,-0.10000000149011612,0,False,0.17,20150
741,-0.10000000149011612,0,False,0.17,20178
742,1.8999999985098839,2,True,0.18,20206
743,0.8999999985098839,1,True,0.19,20234
744,0.8999999985098839,1,True,0.2,20256
745,-0.10000000149011612,0,False,0.19,20284
746,-0.10000000149011612,0,False,0.18,20311
747,-0.10000000149011612,0,False,0.18,20339
748,-0.10000000149011612,0,False,0.18,20367
749,1.8999999985098839,2,True,0.19,20395
750,-0.10000000149011612,0,False,0.19,20417
751,-0.10000000149011612,0,False,0.19,20439
752,0.8999999985098839,1,True,0.19,20467
753,-0.10000000149011612,0,False,0.19,20495
754,0.8999999985098839,1,True,0.2,20518
755,-0.10000000149011612,0,False,0.19,20546
756,0.8999999985098839,1,True,0.2,20574
757,-0.10000000149011612,0,False,0.19,20596
758,-0.10000000149011612,0,False,0.19,20624
759,-0.10000000149011612,0,False,0.19,20652
760,-0.10000000149011612,0,False,0.19,20680
761,-0.10000000149011612,0,False,0.19,20708
762,0.8999999985098839,1,True,0.2,20736
763,-0.10000000149011612,0,False,0.2,20764
764,-0.10000000149011612,0,False,0.2,20792
765,-0.10000000149011612,0,False,0.2,20820
766,-0.10000000149011612,0,False,0.2,20848
767,-0.10000000149011612,0,False,0.2,20876
768,-0.10000000149011612,0,False,0.2,20904
769,0.8999999985098839,1,True,0.21,20929
770,-0.10000000149011612,0,False,0.21,20957
771,-0.10000000149011612,0,False,0.21,20985
772,0.8999999985098839,1,True,0.22,21013
773,-0.10000000149011612,0,False,0.22,21041
774,-0.10000000149011612,0,False,0.21,21069
775,1.8999999985098839,2,True,0.21,21097
776,-0.10000000149011612,0,False,0.21,21125
777,-0.10000000149011612,0,False,0.21,21147
778,-0.10000000149011612,0,False,0.21,21175
779,0.8999999985098839,1,True,0.22,21203
780,-0.10000000149011612,0,False,0.22,21231
781,1.8999999985098839,2,True,0.23,21253
782,-0.10000000149011612,0,False,0.23,21281
783,-0.10000000149011612,0,False,0.23,21303
784,-0.10000000149011612,0,False,0.23,21331
785,-0.10000000149011612,0,False,0.23,21359
786,-0.10000000149011612,0,False,0.22,21383
787,0.8999999985098839,1,True,0.23,21411
788,0.8999999985098839,1,True,0.24,21439
789,0.8999999985098839,1,True,0.25,21467
790,0.8999999985098839,1,True,0.26,21495
791,-0.10000000149011612,0,False,0.26,21523
792,0.8999999985098839,1,True,0.27,21545
793,-0.10000000149011612,0,False,0.27,21573
794,-0.10000000149011612,0,False,0.27,21601
795,0.8999999985098839,1,True,0.27,21629
796,-0.10000000149011612,0,False,0.26,21657
797,-0.10000000149011612,0,False,0.26,21685
798,0.8999999985098839,1,True,0.27,21713
799,-0.10000000149011612,0,False,0.27,21735
800,-0.10000000149011612,0,False,0.27,21757
801,-0.10000000149011612,0,False,0.27,21785
802,0.8999999985098839,1,True,0.28,21813
803,-0.10000000149011612,0,False,0.28,21841
804,0.8999999985098839,1,True,0.29,21869
805,0.8999999985098839,1,True,0.3,21897
806,-0.10000000149011612,0,False,0.3,21925
807,-0.10000000149011612,0,False,0.3,21953
808,-0.10000000149011612,0,False,0.3,21981
809,-0.10000000149011612,0,False,0.3,22003
810,-0.10000000149011612,0,False,0.29,22025
811,-0.10000000149011612,0,False,0.29,22053
812,0.8999999985098839,1,True,0.3,22081
813,-0.10000000149011612,0,False,0.3,22109
814,-0.10000000149011612,0,False,0.3,22131
815,0.8999999985098839,1,True,0.31,22153
816,-0.10000000149011612,0,False,0.31,22175
817,-0.10000000149011612,0,False,0.3,22203
818,-0.10000000149011612,0,False,0.3,22231
819,1.8999999985098839,2,True,0.31,22259
820,-0.10000000149011612,0,False,0.31,22287
821,-0.10000000149011612,0,False,0.3,22313
822,-0.10000000149011612,0,False,0.3,22341
823,-0.10000000149011612,0,False,0.3,22369
824,-0.10000000149011612,0,False,0.3,22397
825,-0.10000000149011612,0,False,0.3,22425
826,-0.10000000149011612,0,False,0.3,22450
827,-0.10000000149011612,0,False,0.29,22478
828,-0.10000000149011612,0,False,0.29,22506
829,-0.10000000149011612,0,False,0.29,22530
830,-0.10000000149011612,0,False,0.28,22558
831,-0.10000000149011612,0,False,0.28,22580
832,0.8999999985098839,1,True,0.29,22607
833,-0.10000000149011612,0,False,0.29,22632
834,-0.10000000149011612,0,False,0.28,22660
835,-0.10000000149011612,0,False,0.27,22688
836,-0.10000000149011612,0,False,0.27,22716
837,0.8999999985098839,1,True,0.28,22744
838,0.8999999985098839,1,True,0.29,22767
839,-0.10000000149011612,0,False,0.29,22795
840,0.8999999985098839,1,True,0.3,22823
841,-0.10000000149011612,0,False,0.3,22851
842,-0.10000000149011612,0,False,0.29,22879
843,-0.10000000149011612,0,False,0.28,22907
844,-0.10000000149011612,0,False,0.27,22933
845,-0.10000000149011612,0,False,0.27,22955
846,-0.10000000149011612,0,False,0.27,22983
847,-0.10000000149011612,0,False,0.27,23005
848,-0.10000000149011612,0,False,0.27,23033
849,0.8999999985098839,1,True,0.27,23061
850,-0.10000000149011612,0,False,0.27,23089
851,-0.10000000149011612,0,False,0.27,23117
852,0.8999999985098839,1,True,0.27,23145
853,0.8999999985098839,1,True,0.28,23173
854,0.8999999985098839,1,True,0.28,23199
855,0.8999999985098839,1,True,0.29,23227
856,-0.10000000149011612,0,False,0.28,23255
857,-0.10000000149011612,0,False,0.28,23283
858,0.8999999985098839,1,True,0.29,23311
859,-0.10000000149011612,0,False,0.29,23339
860,-0.10000000149011612,0,False,0.29,23367
861,-0.10000000149011612,0,False,0.29,23390
862,0.8999999985098839,1,True,0.29,23418
863,-0.10000000149011612,0,False,0.29,23446
864,0.8999999985098839,1,True,0.3,23469
865,-0.10000000149011612,0,False,0.3,23497
866,-0.10000000149011612,0,False,0.3,23525
867,-0.10000000149011612,0,False,0.3,23553
868,0.8999999985098839,1,True,0.31,23581
869,1.8999999985098839,2,True,0.31,23609
870,-0.10000000149011612,0,False,0.31,23633
871,-0.10000000149011612,0,False,0.31,23656
872,-0.10000000149011612,0,False,0.3,23684
873,-0.10000000149011612,0,False,0.3,23712
874,0.8999999985098839,1,True,0.31,23734
875,-0.10000000149011612,0,False,0.3,23758
876,-0.10000000149011612,0,False,0.3,23786
877,0.8999999985098839,1,True,0.31,23811
878,-0.10000000149011612,0,False,0.31,23839
879,-0.10000000149011612,0,False,0.3,23867
880,-0.10000000149011612,0,False,0.3,23895
881,0.8999999985098839,1,True,0.3,23917
882,1.8999999985098839,2,True,0.31,23945
883,-0.10000000149011612,0,False,0.31,23973
884,-0.10000000149011612,0,False,0.31,24001
885,0.8999999985098839,1,True,0.32,24029
886,-0.10000000149011612,0,False,0.32,24057
887,-0.10000000149011612,0,False,0.31,24085
888,-0.10000000149011612,0,False,0.3,24113
889,0.8999999985098839,1,True,0.3,24141
890,-0.10000000149011612,0,False,0.29,24169
891,-0.10000000149011612,0,False,0.29,24197
892,-0.10000000149011612,0,False,0.28,24219
893,-0.10000000149011612,0,False,0.28,24242
894,-0.10000000149011612,0,False,0.28,24270
895,-0.10000000149011612,0,False,0.27,24292
896,0.8999999985098839,1,True,0.28,24320
897,0.8999999985098839,1,True,0.29,24348
898,-0.10000000149011612,0,False,0.28,24370
899,1.8999999985098839,2,True,0.29,24394
900,-0.10000000149011612,0,False,0.29,24422
901,-0.10000000149011612,0,False,0.29,24450
902,-0.10000000149011612,0,False,0.28,24478
903,-0.10000000149011612,0,False,0.28,24506
904,-0.10000000149011612,0,False,0.27,24534
905,-0.10000000149011612,0,False,0.26,24562
906,-0.10000000149011612,0,False,0.26,24590
907,0.8999999985098839,1,True,0.27,24618
908,-0.10000000149011612,0,False,0.27,24646
909,-0.10000000149011612,0,False,0.27,24674
910,-0.10000000149011612,0,False,0.27,24702
911,-0.10000000149011612,0,False,0.27,24730
912,-0.10000000149011612,0,False,0.26,24758
913,-0.10000000149011612,0,False,0.26,24786
914,-0.10000000149011612,0,False,0.26,24814
915,-0.10000000149011612,0,False,0.25,24842
916,0.8999999985098839,1,True,0.26,24864
917,-0.10000000149011612,0,False,0.26,24892
918,-0.10000000149011612,0,False,0.26,24920
919,-0.10000000149011612,0,False,0.25,24948
920,-0.10000000149011612,0,False,0.25,24976
921,-0.10000000149011612,0,False,0.25,25001
922,-0.10000000149011612,0,False,0.25,25029
923,-0.10000000149011612,0,False,0.25,25057
924,-0.10000000149011612,0,False,0.25,25085
925,-0.10000000149011612,0,False,0.25,25111
926,-0.10000000149011612,0,False,0.25,25139
927,-0.10000000149011612,0,False,0.25,25167
928,-0.10000000149011612,0,False,0.25,25195
929,-0.10000000149011612,0,False,0.25,25219
930,1.8999999985098839,2,True,0.26,25247
931,-0.10000000149011612,0,False,0.26,25275
932,-0.10000000149011612,0,False,0.25,25303
933,0.8999999985098839,1,True,0.26,25331
934,-0.10000000149011612,0,False,0.26,25353
935,-0.10000000149011612,0,False,0.26,25381
936,-0.10000000149011612,0,False,0.26,25404
937,0.8999999985098839,1,True,0.26,25432
938,0.8999999985098839,1,True,0.26,25460
939,-0.10000000149011612,0,False,0.26,25482
940,-0.10000000149011612,0,False,0.25,25508
941,-0.10000000149011612,0,False,0.25,25536
942,-0.10000000149011612,0,False,0.25,25564
943,-0.10000000149011612,0,False,0.25,25592
944,-0.10000000149011612,0,False,0.25,25620
945,-0.10000000149011612,0,False,0.25,25648
946,-0.10000000149011612,0,False,0.25,25676
947,-0.10000000149011612,0,False,0.25,25704
948,-0.10000000149011612,0,False,0.25,25727
949,-0.10000000149011612,0,False,0.24,25755
950,0.8999999985098839,1,True,0.25,25783
951,-0.10000000149011612,0,False,0.25,25811
952,0.8999999985098839,1,True,0.25,25833
953,0.8999999985098839,1,True,0.25,25856
954,0.8999999985098839,1,True,0.25,25878
955,-0.10000000149011612,0,False,0.24,25900
956,-0.10000000149011612,0,False,0.24,25928
957,-0.10000000149011612,0,False,0.24,25956
958,-0.10000000149011612,0,False,0.23,25984
959,-0.10000000149011612,0,False,0.23,26012
960,-0.10000000149011612,0,False,0.23,26040
961,-0.10000000149011612,0,False,0.23,26068
962,-0.10000000149011612,0,False,0.22,26096
963,0.8999999985098839,1,True,0.23,26120
964,-0.10000000149011612,0,False,0.22,26148
965,0.8999999985098839,1,True,0.23,26176
966,-0.10000000149011612,0,False,0.23,26204
967,0.8999999985098839,1,True,0.24,26232
968,-0.10000000149011612,0,False,0.23,26260
969,-0.10000000149011612,0,False,0.22,26288
970,-0.10000000149011612,0,False,0.22,26311
971,-0.10000000149011612,0,False,0.22,26339
972,0.8999999985098839,1,True,0.23,26367
973,0.8999999985098839,1,True,0.24,26395
974,-0.10000000149011612,0,False,0.23,26417
975,-0.10000000149011612,0,False,0.23,26445
976,-0.10000000149011612,0,False,0.23,26473
977,0.8999999985098839,1,True,0.23,26501
978,-0.10000000149011612,0,False,0.23,26529
979,-0.10000000149011612,0,False,0.23,26552
980,-0.10000000149011612,0,False,0.23,26580
981,-0.10000000149011612,0,False,0.22,26608
982,-0.10000000149011612,0,False,0.21,26630
983,-0.10000000149011612,0,False,0.21,26658
984,-0.10000000149011612,0,False,0.21,26686
985,-0.10000000149011612,0,False,0.2,26714
986,1.8999999985098839,2,True,0.21,26742
987,0.8999999985098839,1,True,0.22,26764
988,-0.10000000149011612,0,False,0.22,26792
989,-0.10000000149011612,0,False,0.21,26820
990,-0.10000000149011612,0,False,0.21,26848
991,-0.10000000149011612,0,False,0.21,26876
992,-0.10000000149011612,0,False,0.21,26904
993,0.8999999985098839,1,True,0.22,26932
994,-0.10000000149011612,0,False,0.22,26960
995,-0.10000000149011612,0,False,0.22,26988
996,-0.10000000149011612,0,False,0.21,27016
997,-0.10000000149011612,0,False,0.2,27044
998,1.8999999985098839,2,True,0.21,27072
999,0.8999999985098839,1,True,0.21,27100
1000,-0.10000000149011612,0,False,0.21,27128
1001,-0.10000000149011612,0,False,0.21,27156
1002,-0.10000000149011612,0,False,0.21,27184
1003,-0.10000000149011612,0,False,0.21,27212
1004,0.8999999985098839,1,True,0.22,27240
1005,-0.10000000149011612,0,False,0.22,27268
1006,-0.10000000149011612,0,False,0.22,27296
1007,-0.10000000149011612,0,False,0.21,27324
1008,-0.10000000149011612,0,False,0.21,27352
1009,-0.10000000149011612,0,False,0.21,27380
1010,-0.10000000149011612,0,False,0.21,27408
1011,-0.10000000149011612,0,False,0.21,27436
1012,0.8999999985098839,1,True,0.22,27464
1013,-0.10000000149011612,0,False,0.22,27492
1014,0.8999999985098839,1,True,0.23,27517
1015,-0.10000000149011612,0,False,0.23,27545
1016,-0.10000000149011612,0,False,0.22,27573
1017,0.8999999985098839,1,True,0.23,27601
1018,-0.10000000149011612,0,False,0.23,27629
1019,-0.10000000149011612,0,False,0.23,27657
1020,-0.10000000149011612,0,False,0.23,27681
1021,-0.10000000149011612,0,False,0.23,27709
1022,-0.10000000149011612,0,False,0.23,27737
1023,0.8999999985098839,1,True,0.24,27765
1024,-0.10000000149011612,0,False,0.24,27787
1025,0.8999999985098839,1,True,0.25,27815
1026,0.8999999985098839,1,True,0.26,27843
1027,-0.10000000149011612,0,False,0.26,27871
1028,-0.10000000149011612,0,False,0.26,27899
1029,-0.10000000149011612,0,False,0.26,27927
1030,-0.10000000149011612,0,False,0.25,27955
1031,-0.10000000149011612,0,False,0.25,27983
1032,-0.10000000149011612,0,False,0.25,28005
1033,-0.10000000149011612,0,False,0.24,28033
1034,0.8999999985098839,1,True,0.25,28061
1035,-0.10000000149011612,0,False,0.25,28089
1036,0.8999999985098839,1,True,0.26,28117
1037,0.8999999985098839,1,True,0.26,28145
1038,0.8999999985098839,1,True,0.26,28173
1039,-0.10000000149011612,0,False,0.26,28201
1040,-0.10000000149011612,0,False,0.26,28229
1041,-0.10000000149011612,0,False,0.26,28257
1042,-0.10000000149011612,0,False,0.26,28285
1043,-0.10000000149011612,0,False,0.26,28313
1044,-0.10000000149011612,0,False,0.26,28341
1045,-0.10000000149011612,0,False,0.26,28363
1046,-0.10000000149011612,0,False,0.26,28385
1047,-0.10000000149011612,0,False,0.26,28413
1048,0.8999999985098839,1,True,0.27,28435
1049,1.8999999985098839,2,True,0.28,28463
1050,-0.10000000149011612,0,False,0.27,28485
1051,1.8999999985098839,2,True,0.28,28513
1052,-0.10000000149011612,0,False,0.27,28541
1053,-0.10000000149011612,0,False,0.26,28569
1054,0.8999999985098839,1,True,0.26,28592
1055,0.8999999985098839,1,True,0.27,28620
1056,-0.10000000149011612,0,False,0.27,28648
1057,-0.10000000149011612,0,False,0.27,28675
1058,-0.10000000149011612,0,False,0.27,28700
1059,-0.10000000149011612,0,False,0.27,28728
1060,-0.10000000149011612,0,False,0.27,28756
1061,0.8999999985098839,1,True,0.28,28784
1062,-0.10000000149011612,0,False,0.28,28812
1063,0.8999999985098839,1,True,0.28,28837
1064,-0.10000000149011612,0,False,0.28,28865
1065,-0.10000000149011612,0,False,0.27,28887
1066,-0.10000000149011612,0,False,0.27,28915
1067,-0.10000000149011612,0,False,0.26,28943
1068,-0.10000000149011612,0,False,0.26,28971
1069,-0.10000000149011612,0,False,0.26,28999
1070,-0.10000000149011612,0,False,0.26,29027
1071,-0.10000000149011612,0,False,0.26,29055
1072,0.8999999985098839,1,True,0.26,29083
1073,-0.10000000149011612,0,False,0.25,29111
1074,-0.10000000149011612,0,False,0.25,29139
1075,-0.10000000149011612,0,False,0.25,29167
1076,-0.10000000149011612,0,False,0.25,29195
1077,0.8999999985098839,1,True,0.25,29223
1078,-0.10000000149011612,0,False,0.25,29251
1079,-0.10000000149011612,0,False,0.25,29279
1080,-0.10000000149011612,0,False,0.25,29306
1081,-0.10000000149011612,0,False,0.25,29328
1082,-0.10000000149011612,0,False,0.25,29351
1083,-0.10000000149011612,0,False,0.25,29373
1084,-0.10000000149011612,0,False,0.25,29401
1085,-0.10000000149011612,0,False,0.25,29425
1086,-0.10000000149011612,0,False,0.24,29453
1087,1.8999999985098839,2,True,0.24,29481
1088,-0.10000000149011612,0,False,0.24,29509
1089,-0.10000000149011612,0,False,0.24,29537
1090,-0.10000000149011612,0,False,0.24,29561
1091,-0.10000000149011612,0,False,0.24,29589
1092,-0.10000000149011612,0,False,0.24,29616
1093,1.8999999985098839,2,True,0.24,29640
1094,-0.10000000149011612,0,False,0.24,29668
1095,-0.10000000149011612,0,False,0.24,29693
1096,-0.10000000149011612,0,False,0.24,29715
1097,-0.10000000149011612,0,False,0.24,29743
1098,-0.10000000149011612,0,False,0.23,29771
1099,-0.10000000149011612,0,False,0.22,29799
1100,-0.10000000149011612,0,False,0.22,29824
1101,-0.10000000149011612,0,False,0.22,29852
1102,-0.10000000149011612,0,False,0.22,29880
1103,-0.10000000149011612,0,False,0.22,29908
1104,-0.10000000149011612,0,False,0.21,29936
1105,0.8999999985098839,1,True,0.22,29964
1106,-0.10000000149011612,0,False,0.22,29986
1107,-0.10000000149011612,0,False,0.22,30014
1108,-0.10000000149011612,0,False,0.22,30038
1109,-0.10000000149011612,0,False,0.22,30066
1110,-0.10000000149011612,0,False,0.22,30094
1111,1.8999999985098839,2,True,0.23,30122
1112,-0.10000000149011612,0,False,0.22,30150
1113,-0.10000000149011612,0,False,0.22,30177
1114,-0.10000000149011612,0,False,0.21,30205
1115,1.8999999985098839,2,True,0.22,30233
1116,-0.10000000149011612,0,False,0.22,30261
1117,0.8999999985098839,1,True,0.22,30289
1118,-0.10000000149011612,0,False,0.22,30317
1119,-0.10000000149011612,0,False,0.22,30345
1120,-0.10000000149011612,0,False,0.22,30373
1121,-0.10000000149011612,0,False,0.22,30401
1122,-0.10000000149011612,0,False,0.22,30429
1123,-0.10000000149011612,0,False,0.21,30457
1124,-0.10000000149011612,0,False,0.21,30485
1125,0.8999999985098839,1,True,0.21,30513
1126,-0.10000000149011612,0,False,0.2,30541
1127,-0.10000000149011612,0,False,0.2,30569
1128,-0.10000000149011612,0,False,0.2,30595
1129,-0.10000000149011612,0,False,0.2,30623
1130,-0.10000000149011612,0,False,0.2,30651
1131,-0.10000000149011612,0,False,0.2,30673
1132,0.8999999985098839,1,True,0.21,30701
1133,-0.10000000149011612,0,False,0.21,30729
1134,0.8999999985098839,1,True,0.21,30757
1135,-0.10000000149011612,0,False,0.21,30785
1136,-0.10000000149011612,0,False,0.2,30813
1137,-0.10000000149011612,0,False,0.19,30841
1138,-0.10000000149011612,0,False,0.18,30865
1139,-0.10000000149011612,0,False,0.18,30893
1140,-0.10000000149011612,0,False,0.18,30917
1141,-0.10000000149011612,0,False,0.18,30945
1142,-0.10000000149011612,0,False,0.18,30973
1143,-0.10000000149011612,0,False,0.18,31001
1144,-0.10000000149011612,0,False,0.18,31028
1145,-0.10000000149011612,0,False,0.18,31056
1146,-0.10000000149011612,0,False,0.18,31079
1147,0.8999999985098839,1,True,0.19,31107
1148,-0.10000000149011612,0,False,0.18,31135
1149,-0.10000000149011612,0,False,0.17,31159
1150,-0.10000000149011612,0,False,0.17,31187
1151,-0.10000000149011612,0,False,0.16,31215
1152,-0.10000000149011612,0,False,0.16,31243
1153,-0.10000000149011612,0,False,0.16,31268
1154,-0.10000000149011612,0,False,0.15,31296
1155,0.8999999985098839,1,True,0.15,31324
1156,0.8999999985098839,1,True,0.16,31352
1157,-0.10000000149011612,0,False,0.16,31380
1158,-0.10000000149011612,0,False,0.16,31408
1159,-0.10000000149011612,0,False,0.16,31436
1160,-0.10000000149011612,0,False,0.16,31464
1161,0.8999999985098839,1,True,0.16,31492
1162,-0.10000000149011612,0,False,0.16,31520
1163,-0.10000000149011612,0,False,0.15,31546
1164,-0.10000000149011612,0,False,0.15,31574
1165,-0.10000000149011612,0,False,0.15,31602
1166,0.8999999985098839,1,True,0.16,31629
1167,-0.10000000149011612,0,False,0.16,31657
1168,0.8999999985098839,1,True,0.17,31685
1169,-0.10000000149011612,0,False,0.17,31710
1170,-0.10000000149011612,0,False,0.17,31738
1171,-0.10000000149011612,0,False,0.17,31766
1172,-0.10000000149011612,0,False,0.16,31791
1173,-0.10000000149011612,0,False,0.16,31815
1174,0.8999999985098839,1,True,0.17,31843
1175,-0.10000000149011612,0,False,0.17,31871
1176,-0.10000000149011612,0,False,0.17,31899
1177,-0.10000000149011612,0,False,0.16,31927
1178,-0.10000000149011612,0,False,0.16,31955
1179,-0.10000000149011612,0,False,0.16,31977
1180,-0.10000000149011612,0,False,0.16,32005
1181,-0.10000000149011612,0,False,0.16,32033
1182,-0.10000000149011612,0,False,0.16,32061
1183,-0.10000000149011612,0,False,0.16,32089
1184,-0.10000000149011612,0,False,0.16,32117
1185,-0.10000000149011612,0,False,0.16,32139
1186,-0.10000000149011612,0,False,0.16,32163
1187,0.8999999985098839,1,True,0.16,32191
1188,0.8999999985098839,1,True,0.17,32219
1189,-0.10000000149011612,0,False,0.17,32247
1190,-0.10000000149011612,0,False,0.17,32275
1191,-0.10000000149011612,0,False,0.17,32303
1192,-0.10000000149011612,0,False,0.17,32331
1193,-0.10000000149011612,0,False,0.16,32358
1194,-0.10000000149011612,0,False,0.16,32385
1195,-0.10000000149011612,0,False,0.16,32413
1196,-0.10000000149011612,0,False,0.16,32441
1197,-0.10000000149011612,0,False,0.16,32469
1198,-0.10000000149011612,0,False,0.16,32497
1199,-0.10000000149011612,0,False,0.16,32525
1200,-0.10000000149011612,0,False,0.16,32553
1201,-0.10000000149011612,0,False,0.16,32581
1202,-0.10000000149011612,0,False,0.16,32609
1203,-0.10000000149011612,0,False,0.16,32637
1204,-0.10000000149011612,0,False,0.16,32665
1205,-0.10000000149011612,0,False,0.15,32689
1206,-0.10000000149011612,0,False,0.15,32717
1207,-0.10000000149011612,0,False,0.15,32745
1208,-0.10000000149011612,0,False,0.15,32773
1209,-0.10000000149011612,0,False,0.15,32796
1210,-0.10000000149011612,0,False,0.15,32824
1211,-0.10000000149011612,0,False,0.14,32852
1212,-0.10000000149011612,0,False,0.14,32880
1213,0.8999999985098839,1,True,0.15,32908
1214,-0.10000000149011612,0,False,0.15,32930
1215,-0.10000000149011612,0,False,0.14,32955
1216,-0.10000000149011612,0,False,0.14,32983
1217,-0.10000000149011612,0,False,0.13,33011
1218,-0.10000000149011612,0,False,0.13,33039
1219,-0.10000000149011612,0,False,0.13,33067
1220,-0.10000000149011612,0,False,0.13,33095
1221,-0.10000000149011612,0,False,0.13,33123
1222,-0.10000000149011612,0,False,0.13,33151
1223,-0.10000000149011612,0,False,0.13,33179
1224,-0.10000000149011612,0,False,0.13,33207
1225,-0.10000000149011612,0,False,0.12,33232
1226,0.8999999985098839,1,True,0.13,33260
1227,-0.10000000149011612,0,False,0.13,33288
1228,-0.10000000149011612,0,False,0.13,33316
1229,-0.10000000149011612,0,False,0.13,33344
1230,-0.10000000149011612,0,False,0.13,33372
1231,-0.10000000149011612,0,False,0.13,33400
1232,-0.10000000149011612,0,False,0.12,33422
1233,0.8999999985098839,1,True,0.13,33450
1234,-0.10000000149011612,0,False,0.12,33478
1235,-0.10000000149011612,0,False,0.12,33506
1236,-0.10000000149011612,0,False,0.12,33534
1237,-0.10000000149011612,0,False,0.12,33562
1238,-0.10000000149011612,0,False,0.12,33590
1239,-0.10000000149011612,0,False,0.12,33618
1240,-0.10000000149011612,0,False,0.12,33643
1241,0.8999999985098839,1,True,0.13,33667
1242,-0.10000000149011612,0,False,0.13,33695
1243,-0.10000000149011612,0,False,0.13,33723
1244,-0.10000000149011612,0,False,0.13,33751
1245,-0.10000000149011612,0,False,0.13,33779
1246,-0.10000000149011612,0,False,0.13,33807
1247,-0.10000000149011612,0,False,0.12,33835
1248,-0.10000000149011612,0,False,0.12,33863
1249,-0.10000000149011612,0,False,0.12,33891
1250,0.8999999985098839,1,True,0.13,33919
1251,-0.10000000149011612,0,False,0.13,33947
1252,-0.10000000149011612,0,False,0.13,33975
1253,-0.10000000149011612,0,False,0.13,34003
1254,-0.10000000149011612,0,False,0.13,34025
1255,-0.10000000149011612,0,False,0.12,34053
1256,0.8999999985098839,1,True,0.12,34081
1257,-0.10000000149011612,0,False,0.12,34103
1258,-0.10000000149011612,0,False,0.12,34131
1259,-0.10000000149011612,0,False,0.12,34159
1260,-0.10000000149011612,0,False,0.12,34187
1261,-0.10000000149011612,0,False,0.11,34215
1262,-0.10000000149011612,0,False,0.11,34239
1263,-0.10000000149011612,0,False,0.11,34266
1264,-0.10000000149011612,0,False,0.11,34294
1265,0.8999999985098839,1,True,0.12,34318
1266,-0.10000000149011612,0,False,0.11,34346
1267,-0.10000000149011612,0,False,0.11,34374
1268,-0.10000000149011612,0,False,0.1,34396
1269,-0.10000000149011612,0,False,0.1,34424
1270,-0.10000000149011612,0,False,0.1,34452
1271,-0.10000000149011612,0,False,0.1,34480
1272,-0.10000000149011612,0,False,0.1,34508
1273,-0.10000000149011612,0,False,0.1,34536
1274,0.8999999985098839,1,True,0.1,34564
1275,-0.10000000149011612,0,False,0.1,34592
1276,-0.10000000149011612,0,False,0.1,34620
1277,-0.10000000149011612,0,False,0.1,34646
1278,-0.10000000149011612,0,False,0.1,34669
1279,-0.10000000149011612,0,False,0.1,34697
1280,-0.10000000149011612,0,False,0.1,34725
1281,-0.10000000149011612,0,False,0.1,34753
1282,-0.10000000149011612,0,False,0.1,34781
1283,-0.10000000149011612,0,False,0.1,34809
1284,-0.10000000149011612,0,False,0.1,34832
1285,-0.10000000149011612,0,False,0.1,34860
1286,-0.10000000149011612,0,False,0.1,34888
1287,-0.10000000149011612,0,False,0.09,34916
1288,-0.10000000149011612,0,False,0.08,34944
1289,-0.10000000149011612,0,False,0.08,34972
1290,-0.10000000149011612,0,False,0.08,35000
1291,-0.10000000149011612,0,False,0.08,35022
1292,-0.10000000149011612,0,False,0.08,35050
1293,-0.10000000149011612,0,False,0.08,35078
1294,-0.10000000149011612,0,False,0.08,35100
1295,-0.10000000149011612,0,False,0.08,35128
1296,-0.10000000149011612,0,False,0.08,35150
1297,-0.10000000149011612,0,False,0.08,35178
1298,-0.10000000149011612,0,False,0.08,35206
1299,-0.10000000149011612,0,False,0.08,35234
1300,-0.10000000149011612,0,False,0.08,35262
1301,-0.10000000149011612,0,False,0.08,35290
1302,0.8999999985098839,1,True,0.09,35318
1303,-0.10000000149011612,0,False,0.09,35341
1304,-0.10000000149011612,0,False,0.09,35369
1305,-0.10000000149011612,0,False,0.09,35397
1306,-0.10000000149011612,0,False,0.09,35425
1307,0.8999999985098839,1,True,0.1,35450
1308,-0.10000000149011612,0,False,0.1,35478
1309,-0.10000000149011612,0,False,0.1,35506
1310,-0.10000000149011612,0,False,0.1,35534
1311,-0.10000000149011612,0,False,0.1,35556
1312,0.8999999985098839,1,True,0.11,35584
1313,-0.10000000149011612,0,False,0.1,35612
1314,0.8999999985098839,1,True,0.11,35640
1315,-0.10000000149011612,0,False,0.11,35668
1316,-0.10000000149011612,0,False,0.11,35696
1317,-0.10000000149011612,0,False,0.11,35724
1318,-0.10000000149011612,0,False,0.11,35746
1319,-0.10000000149011612,0,False,0.11,35774
1320,-0.10000000149011612,0,False,0.11,35802
1321,0.8999999985098839,1,True,0.12,35830
1322,-0.10000000149011612,0,False,0.12,35858
1323,-0.10000000149011612,0,False,0.12,35880
1324,0.8999999985098839,1,True,0.13,35908
1325,-0.10000000149011612,0,False,0.13,35936
1326,0.8999999985098839,1,True,0.13,35961
1327,-0.10000000149011612,0,False,0.13,35989
1328,-0.10000000149011612,0,False,0.13,36017
1329,-0.10000000149011612,0,False,0.13,36042
1330,-0.10000000149011612,0,False,0.13,36064
1331,-0.10000000149011612,0,False,0.13,36092
1332,0.8999999985098839,1,True,0.14,36120
1333,0.8999999985098839,1,True,0.14,36142
1334,0.8999999985098839,1,True,0.15,36170
1335,-0.10000000149011612,0,False,0.15,36198
1336,-0.10000000149011612,0,False,0.15,36226
1337,-0.10000000149011612,0,False,0.15,36254
1338,-0.10000000149011612,0,False,0.15,36277
1339,-0.10000000149011612,0,False,0.15,36305
1340,-0.10000000149011612,0,False,0.15,36333
1341,-0.10000000149011612,0,False,0.14,36360
1342,-0.10000000149011612,0,False,0.14,36388
1343,-0.10000000149011612,0,False,0.14,36410
1344,-0.10000000149011612,0,False,0.14,36437
1345,-0.10000000149011612,0,False,0.14,36459
1346,0.8999999985098839,1,True,0.15,36487
1347,-0.10000000149011612,0,False,0.15,36515
1348,-0.10000000149011612,0,False,0.15,36543
1349,-0.10000000149011612,0,False,0.15,36571
1350,-0.10000000149011612,0,False,0.14,36595
1351,-0.10000000149011612,0,False,0.14,36623
1352,-0.10000000149011612,0,False,0.14,36651
1353,-0.10000000149011612,0,False,0.14,36674
1354,-0.10000000149011612,0,False,0.14,36702
1355,-0.10000000149011612,0,False,0.14,36730
1356,-0.10000000149011612,0,False,0.13,36758
1357,0.8999999985098839,1,True,0.14,36786
1358,-0.10000000149011612,0,False,0.14,36808
1359,-0.10000000149011612,0,False,0.14,36836
1360,-0.10000000149011612,0,False,0.14,36864
1361,-0.10000000149011612,0,False,0.14,36892
1362,-0.10000000149011612,0,False,0.14,36914
1363,-0.10000000149011612,0,False,0.14,36942
1364,-0.10000000149011612,0,False,0.14,36970
1365,0.8999999985098839,1,True,0.14,36998
1366,-0.10000000149011612,0,False,0.14,37026
1367,0.8999999985098839,1,True,0.15,37054
1368,0.8999999985098839,1,True,0.16,37082
1369,-0.10000000149011612,0,False,0.16,37110
1370,0.8999999985098839,1,True,0.17,37138
1371,-0.10000000149011612,0,False,0.17,37166
1372,-0.10000000149011612,0,False,0.17,37194
1373,-0.10000000149011612,0,False,0.17,37222
1374,-0.10000000149011612,0,False,0.16,37250
1375,-0.10000000149011612,0,False,0.16,37278
1376,-0.10000000149011612,0,False,0.16,37306
1377,-0.10000000149011612,0,False,0.16,37333
1378,0.8999999985098839,1,True,0.17,37361
1379,0.8999999985098839,1,True,0.18,37389
1380,-0.10000000149011612,0,False,0.18,37417
1381,-0.10000000149011612,0,False,0.18,37445
1382,-0.10000000149011612,0,False,0.18,37473
1383,-0.10000000149011612,0,False,0.18,37496
1384,-0.10000000149011612,0,False,0.18,37523
1385,-0.10000000149011612,0,False,0.18,37545
1386,-0.10000000149011612,0,False,0.18,37569
1387,-0.10000000149011612,0,False,0.18,37597
1388,-0.10000000149011612,0,False,0.18,37619
1389,-0.10000000149011612,0,False,0.18,37641
1390,-0.10000000149011612,0,False,0.18,37669
1391,-0.10000000149011612,0,False,0.18,37697
1392,-0.10000000149011612,0,False,0.18,37725
1393,-0.10000000149011612,0,False,0.18,37753
1394,-0.10000000149011612,0,False,0.18,37778
1395,-0.10000000149011612,0,False,0.18,37806
1396,-0.10000000149011612,0,False,0.18,37832
1397,0.8999999985098839,1,True,0.19,37860
1398,-0.10000000149011612,0,False,0.19,37888
1399,-0.10000000149011612,0,False,0.19,37916
1400,-0.10000000149011612,0,False,0.19,37944
1401,0.8999999985098839,1,True,0.2,37972
1402,-0.10000000149011612,0,False,0.19,38000
1403,-0.10000000149011612,0,False,0.19,38028
1404,-0.10000000149011612,0,False,0.19,38050
1405,-0.10000000149011612,0,False,0.19,38078
1406,-0.10000000149011612,0,False,0.19,38100
1407,-0.10000000149011612,0,False,0.18,38127
1408,-0.10000000149011612,0,False,0.18,38155
1409,-0.10000000149011612,0,False,0.18,38183
1410,-0.10000000149011612,0,False,0.18,38211
1411,0.8999999985098839,1,True,0.19,38239
1412,-0.10000000149011612,0,False,0.18,38267
1413,-0.10000000149011612,0,False,0.18,38295
1414,-0.10000000149011612,0,False,0.17,38323
1415,0.8999999985098839,1,True,0.18,38351
1416,0.8999999985098839,1,True,0.19,38379
1417,-0.10000000149011612,0,False,0.19,38407
1418,-0.10000000149011612,0,False,0.19,38435
1419,-0.10000000149011612,0,False,0.19,38463
1420,-0.10000000149011612,0,False,0.19,38491
1421,-0.10000000149011612,0,False,0.18,38519
1422,-0.10000000149011612,0,False,0.18,38547
1423,-0.10000000149011612,0,False,0.18,38575
1424,-0.10000000149011612,0,False,0.17,38603
1425,0.8999999985098839,1,True,0.18,38631
1426,-0.10000000149011612,0,False,0.17,38659
1427,-0.10000000149011612,0,False,0.17,38687
1428,-0.10000000149011612,0,False,0.17,38715
1429,-0.10000000149011612,0,False,0.17,38743
1430,0.8999999985098839,1,True,0.18,38765
1431,-0.10000000149011612,0,False,0.18,38793
1432,1.8999999985098839,2,True,0.18,38821
1433,0.8999999985098839,1,True,0.18,38843
1434,-0.10000000149011612,0,False,0.17,38866
1435,-0.10000000149011612,0,False,0.17,38889
1436,-0.10000000149011612,0,False,0.17,38913
1437,-0.10000000149011612,0,False,0.17,38941
1438,0.8999999985098839,1,True,0.18,38963
1439,-0.10000000149011612,0,False,0.18,38991
1440,0.8999999985098839,1,True,0.19,39019
1441,-0.10000000149011612,0,False,0.19,39045
1442,-0.10000000149011612,0,False,0.19,39073
1443,0.8999999985098839,1,True,0.2,39095
1444,-0.10000000149011612,0,False,0.2,39123
1445,-0.10000000149011612,0,False,0.2,39151
1446,0.8999999985098839,1,True,0.2,39179
1447,-0.10000000149011612,0,False,0.2,39207
1448,-0.10000000149011612,0,False,0.2,39235
1449,-0.10000000149011612,0,False,0.2,39263
1450,0.8999999985098839,1,True,0.21,39291
1451,0.8999999985098839,1,True,0.22,39319
1452,-0.10000000149011612,0,False,0.22,39343
1453,-0.10000000149011612,0,False,0.22,39371
1454,0.8999999985098839,1,True,0.23,39399
1455,-0.10000000149011612,0,False,0.23,39422
1456,-0.10000000149011612,0,False,0.23,39450
1457,-0.10000000149011612,0,False,0.22,39477
1458,-0.10000000149011612,0,False,0.22,39505
1459,-0.10000000149011612,0,False,0.22,39533
1460,0.8999999985098839,1,True,0.23,39561
1461,0.8999999985098839,1,True,0.24,39589
1462,0.8999999985098839,1,True,0.25,39617
1463,1.8999999985098839,2,True,0.26,39639
1464,-0.10000000149011612,0,False,0.26,39667
1465,-0.10000000149011612,0,False,0.25,39695
1466,-0.10000000149011612,0,False,0.25,39720
1467,0.8999999985098839,1,True,0.25,39748
1468,-0.10000000149011612,0,False,0.24,39776
1469,-0.10000000149011612,0,False,0.24,39804
1470,-0.10000000149011612,0,False,0.23,39832
1471,-0.10000000149011612,0,False,0.23,39855
1472,-0.10000000149011612,0,False,0.23,39883
1473,-0.10000000149011612,0,False,0.23,39911
1474,-0.10000000149011612,0,False,0.23,39933
1475,-0.10000000149011612,0,False,0.23,39961
1476,0.8999999985098839,1,True,0.24,39989
1477,-0.10000000149011612,0,False,0.24,40017
1478,-0.10000000149011612,0,False,0.23,40045
1479,-0.10000000149011612,0,False,0.22,40073
1480,0.8999999985098839,1,True,0.23,40101
1481,0.8999999985098839,1,True,0.24,40129
1482,0.8999999985098839,1,True,0.25,40157
1483,-0.10000000149011612,0,False,0.25,40185
1484,-0.10000000149011612,0,False,0.25,40213
1485,0.8999999985098839,1,True,0.26,40241
1486,-0.10000000149011612,0,False,0.26,40269
1487,-0.10000000149011612,0,False,0.26,40297
1488,-0.10000000149011612,0,False,0.26,40325
1489,-0.10000000149011612,0,False,0.26,40353
1490,0.8999999985098839,1,True,0.27,40381
1491,0.8999999985098839,1,True,0.28,40409
1492,-0.10000000149011612,0,False,0.28,40437
1493,-0.10000000149011612,0,False,0.28,40465
1494,-0.10000000149011612,0,False,0.28,40490
1495,-0.10000000149011612,0,False,0.28,40518
1496,-0.10000000149011612,0,False,0.28,40546
1497,-0.10000000149011612,0,False,0.27,40568
1498,-0.10000000149011612,0,False,0.27,40596
1499,-0.10000000149011612,0,False,0.27,40618
1500,-0.10000000149011612,0,False,0.27,40645
1501,0.8999999985098839,1,True,0.27,40673
1502,0.8999999985098839,1,True,0.28,40701
1503,-0.10000000149011612,0,False,0.28,40725
1504,-0.10000000149011612,0,False,0.28,40753
1505,-0.10000000149011612,0,False,0.28,40775
1506,-0.10000000149011612,0,False,0.28,40803
1507,-0.10000000149011612,0,False,0.28,40825
1508,-0.10000000149011612,0,False,0.28,40851
1509,-0.10000000149011612,0,False,0.28,40879
1510,-0.10000000149011612,0,False,0.28,40907
1511,-0.10000000149011612,0,False,0.27,40935
1512,-0.10000000149011612,0,False,0.27,40958
1513,-0.10000000149011612,0,False,0.27,40983
1514,-0.10000000149011612,0,False,0.27,41011
1515,-0.10000000149011612,0,False,0.26,41039
1516,-0.10000000149011612,0,False,0.25,41067
1517,-0.10000000149011612,0,False,0.25,41095
1518,-0.10000000149011612,0,False,0.25,41123
1519,-0.10000000149011612,0,False,0.25,41151
1520,-0.10000000149011612,0,False,0.25,41179
1521,-0.10000000149011612,0,False,0.25,41207
1522,-0.10000000149011612,0,False,0.25,41235
1523,0.8999999985098839,1,True,0.26,41259
1524,-0.10000000149011612,0,False,0.26,41287
1525,-0.10000000149011612,0,False,0.25,41309
1526,-0.10000000149011612,0,False,0.25,41337
1527,-0.10000000149011612,0,False,0.25,41365
1528,-0.10000000149011612,0,False,0.25,41393
1529,-0.10000000149011612,0,False,0.25,41421
1530,-0.10000000149011612,0,False,0.24,41449
1531,0.8999999985098839,1,True,0.25,41476
1532,-0.10000000149011612,0,False,0.24,41504
1533,-0.10000000149011612,0,False,0.23,41532
1534,-0.10000000149011612,0,False,0.23,41555
1535,-0.10000000149011612,0,False,0.23,41583
1536,-0.10000000149011612,0,False,0.23,41611
1537,-0.10000000149011612,0,False,0.23,41639
1538,0.8999999985098839,1,True,0.23,41667
1539,-0.10000000149011612,0,False,0.23,41695
1540,-0.10000000149011612,0,False,0.22,41723
1541,-0.10000000149011612,0,False,0.22,41751
1542,0.8999999985098839,1,True,0.23,41779
1543,-0.10000000149011612,0,False,0.22,41807
1544,0.8999999985098839,1,True,0.23,41835
1545,-0.10000000149011612,0,False,0.23,41863
1546,-0.10000000149011612,0,False,0.22,41891
1547,-0.10000000149011612,0,False,0.22,41919
1548,-0.10000000149011612,0,False,0.22,41947
1549,-0.10000000149011612,0,False,0.22,41975
1550,0.8999999985098839,1,True,0.22,42003
1551,-0.10000000149011612,0,False,0.21,42026
1552,-0.10000000149011612,0,False,0.21,42052
1553,0.8999999985098839,1,True,0.22,42080
1554,-0.10000000149011612,0,False,0.21,42108
1555,-0.10000000149011612,0,False,0.21,42136
1556,-0.10000000149011612,0,False,0.21,42164
1557,-0.10000000149011612,0,False,0.21,42192
1558,-0.10000000149011612,0,False,0.21,42220
1559,0.8999999985098839,1,True,0.22,42248
1560,-0.10000000149011612,0,False,0.21,42276
1561,-0.10000000149011612,0,False,0.2,42304
1562,-0.10000000149011612,0,False,0.19,42332
1563,0.8999999985098839,1,True,0.19,42360
1564,-0.10000000149011612,0,False,0.19,42383
1565,0.8999999985098839,1,True,0.2,42407
1566,-0.10000000149011612,0,False,0.2,42434
1567,-0.10000000149011612,0,False,0.19,42462
1568,-0.10000000149011612,0,False,0.19,42488
1569,-0.10000000149011612,0,False,0.19,42516
1570,-0.10000000149011612,0,False,0.19,42544
1571,-0.10000000149011612,0,False,0.19,42572
1572,-0.10000000149011612,0,False,0.19,42594
1573,-0.10000000149011612,0,False,0.19,42622
1574,-0.10000000149011612,0,False,0.19,42650
1575,-0.10000000149011612,0,False,0.19,42678
1576,-0.10000000149011612,0,False,0.18,42706
1577,-0.10000000149011612,0,False,0.18,42734
1578,0.8999999985098839,1,True,0.19,42762
1579,-0.10000000149011612,0,False,0.19,42790
1580,-0.10000000149011612,0,False,0.18,42818
1581,-0.10000000149011612,0,False,0.17,42841
1582,0.8999999985098839,1,True,0.17,42865
1583,-0.10000000149011612,0,False,0.17,42888
1584,-0.10000000149011612,0,False,0.17,42912
1585,-0.10000000149011612,0,False,0.16,42940
1586,-0.10000000149011612,0,False,0.16,42968
1587,-0.10000000149011612,0,False,0.16,42992
1588,-0.10000000149011612,0,False,0.16,43020
1589,-0.10000000149011612,0,False,0.16,43048
1590,0.8999999985098839,1,True,0.16,43076
1591,-0.10000000149011612,0,False,0.15,43104
1592,-0.10000000149011612,0,False,0.15,43132
1593,-0.10000000149011612,0,False,0.15,43154
1594,-0.10000000149011612,0,False,0.15,43182
1595,-0.10000000149011612,0,False,0.15,43207
1596,-0.10000000149011612,0,False,0.15,43235
1597,0.8999999985098839,1,True,0.16,43257
1598,-0.10000000149011612,0,False,0.16,43281
1599,-0.10000000149011612,0,False,0.16,43309
1600,-0.10000000149011612,0,False,0.16,43331
1601,-0.10000000149011612,0,False,0.15,43359
1602,-0.10000000149011612,0,False,0.14,43387
1603,-0.10000000149011612,0,False,0.14,43415
1604,-0.10000000149011612,0,False,0.14,43443
1605,0.8999999985098839,1,True,0.15,43471
1606,-0.10000000149011612,0,False,0.15,43499
1607,-0.10000000149011612,0,False,0.15,43527
1608,-0.10000000149011612,0,False,0.15,43549
1609,-0.10000000149011612,0,False,0.15,43577
1610,-0.10000000149011612,0,False,0.15,43602
1611,-0.10000000149011612,0,False,0.15,43630
1612,0.8999999985098839,1,True,0.16,43658
1613,-0.10000000149011612,0,False,0.16,43681
1614,-0.10000000149011612,0,False,0.16,43709
1615,-0.10000000149011612,0,False,0.16,43737
1616,0.8999999985098839,1,True,0.17,43765
1617,-0.10000000149011612,0,False,0.17,43793
1618,-0.10000000149011612,0,False,0.17,43821
1619,-0.10000000149011612,0,False,0.17,43849
1620,-0.10000000149011612,0,False,0.17,43877
1621,-0.10000000149011612,0,False,0.17,43905
1622,-0.10000000149011612,0,False,0.17,43933
1623,-0.10000000149011612,0,False,0.16,43961
1624,-0.10000000149011612,0,False,0.16,43989
1625,-0.10000000149011612,0,False,0.16,44017
1626,-0.10000000149011612,0,False,0.16,44045
1627,-0.10000000149011612,0,False,0.16,44071
1628,-0.10000000149011612,0,False,0.16,44093
1629,0.8999999985098839,1,True,0.17,44121
1630,-0.10000000149011612,0,False,0.17,44146
1631,-0.10000000149011612,0,False,0.16,44170
1632,0.8999999985098839,1,True,0.17,44198
1633,-0.10000000149011612,0,False,0.17,44226
1634,-0.10000000149011612,0,False,0.17,44254
1635,-0.10000000149011612,0,False,0.17,44277
1636,-0.10000000149011612,0,False,0.17,44305
1637,-0.10000000149011612,0,False,0.17,44333
1638,0.8999999985098839,1,True,0.17,44361
1639,-0.10000000149011612,0,False,0.17,44389
1640,0.8999999985098839,1,True,0.18,44416
1641,-0.10000000149011612,0,False,0.18,44443
1642,-0.10000000149011612,0,False,0.17,44471
1643,-0.10000000149011612,0,False,0.17,44499
1644,-0.10000000149011612,0,False,0.16,44527
1645,-0.10000000149011612,0,False,0.16,44555
1646,-0.10000000149011612,0,False,0.16,44578
1647,-0.10000000149011612,0,False,0.16,44606
1648,-0.10000000149011612,0,False,0.16,44634
1649,-0.10000000149011612,0,False,0.16,44656
1650,-0.10000000149011612,0,False,0.15,44684
1651,-0.10000000149011612,0,False,0.15,44712
1652,-0.10000000149011612,0,False,0.15,44740
1653,-0.10000000149011612,0,False,0.14,44768
1654,-0.10000000149011612,0,False,0.14,44796
1655,-0.10000000149011612,0,False,0.14,44818
1656,-0.10000000149011612,0,False,0.14,44846
1657,-0.10000000149011612,0,False,0.14,44874
1658,-0.10000000149011612,0,False,0.14,44902
1659,-0.10000000149011612,0,False,0.13,44924
1660,-0.10000000149011612,0,False,0.13,44952
1661,-0.10000000149011612,0,False,0.13,44980
1662,-0.10000000149011612,0,False,0.13,45007
1663,-0.10000000149011612,0,False,0.12,45035
1664,-0.10000000149011612,0,False,0.12,45063
1665,-0.10000000149011612,0,False,0.11,45087
1666,-0.10000000149011612,0,False,0.11,45115
1667,0.8999999985098839,1,True,0.12,45143
1668,-0.10000000149011612,0,False,0.12,45171
1669,-0.10000000149011612,0,False,0.12,45193
1670,-0.10000000149011612,0,False,0.12,45221
1671,-0.10000000149011612,0,False,0.12,45249
1672,-0.10000000149011612,0,False,0.12,45277
1673,-0.10000000149011612,0,False,0.12,45300
1674,-0.10000000149011612,0,False,0.12,45328
1675,-0.10000000149011612,0,False,0.12,45356
1676,-0.10000000149011612,0,False,0.12,45379
1677,-0.10000000149011612,0,False,0.12,45407
1678,0.8999999985098839,1,True,0.12,45435
1679,-0.10000000149011612,0,False,0.12,45463
1680,0.8999999985098839,1,True,0.13,45491
1681,-0.10000000149011612,0,False,0.13,45515
1682,-0.10000000149011612,0,False,0.12,45537
1683,-0.10000000149011612,0,False,0.12,45565
1684,-0.10000000149011612,0,False,0.12,45588
1685,-0.10000000149011612,0,False,0.12,45616
1686,-0.10000000149011612,0,False,0.12,45644
1687,-0.10000000149011612,0,False,0.12,45666
1688,-0.10000000149011612,0,False,0.12,45694
1689,-0.10000000149011612,0,False,0.12,45722
1690,-0.10000000149011612,0,False,0.11,45750
1691,-0.10000000149011612,0,False,0.11,45778
1692,-0.10000000149011612,0,False,0.11,45806
1693,-0.10000000149011612,0,False,0.11,45834
1694,1.8999999985098839,2,True,0.12,45862
1695,0.8999999985098839,1,True,0.13,45890
1696,-0.10000000149011612,0,False,0.13,45915
1697,-0.10000000149011612,0,False,0.12,45943
1698,-0.10000000149011612,0,False,0.12,45971
1699,-0.10000000149011612,0,False,0.12,45993
1700,-0.10000000149011612,0,False,0.12,46021
1701,-0.10000000149011612,0,False,0.12,46049
1702,-0.10000000149011612,0,False,0.12,46075
1703,-0.10000000149011612,0,False,0.12,46097
1704,-0.10000000149011612,0,False,0.12,46125
1705,-0.10000000149011612,0,False,0.11,46153
1706,-0.10000000149011612,0,False,0.11,46181
1707,-0.10000000149011612,0,False,0.11,46209
1708,1.8999999985098839,2,True,0.12,46237
1709,-0.10000000149011612,0,False,0.12,46265
1710,-0.10000000149011612,0,False,0.12,46293
1711,0.8999999985098839,1,True,0.13,46321
1712,-0.10000000149011612,0,False,0.12,46349
1713,-0.10000000149011612,0,False,0.12,46377
1714,-0.10000000149011612,0,False,0.12,46405
1715,-0.10000000149011612,0,False,0.12,46433
1716,-0.10000000149011612,0,False,0.11,46461
1717,-0.10000000149011612,0,False,0.11,46489
1718,-0.10000000149011612,0,False,0.11,46517
1719,-0.10000000149011612,0,False,0.11,46545
1720,-0.10000000149011612,0,False,0.11,46567
1721,-0.10000000149011612,0,False,0.11,46595
1722,0.8999999985098839,1,True,0.12,46620
1723,-0.10000000149011612,0,False,0.12,46648
1724,-0.10000000149011612,0,False,0.12,46676
1725,-0.10000000149011612,0,False,0.12,46703
1726,-0.10000000149011612,0,False,0.12,46731
1727,-0.10000000149011612,0,False,0.12,46759
1728,-0.10000000149011612,0,False,0.12,46784
1729,-0.10000000149011612,0,False,0.11,46812
1730,0.8999999985098839,1,True,0.12,46840
1731,-0.10000000149011612,0,False,0.12,46868
1732,-0.10000000149011612,0,False,0.11,46891
1733,-0.10000000149011612,0,False,0.11,46919
1734,-0.10000000149011612,0,False,0.11,46947
1735,-0.10000000149011612,0,False,0.11,46975
1736,-0.10000000149011612,0,False,0.11,47001
1737,-0.10000000149011612,0,False,0.11,47029
1738,-0.10000000149011612,0,False,0.1,47057
1739,0.8999999985098839,1,True,0.11,47079
1740,-0.10000000149011612,0,False,0.1,47107
1741,-0.10000000149011612,0,False,0.1,47135
1742,0.8999999985098839,1,True,0.11,47163
1743,-0.10000000149011612,0,False,0.11,47191
1744,-0.10000000149011612,0,False,0.11,47217
1745,0.8999999985098839,1,True,0.12,47245
1746,-0.10000000149011612,0,False,0.12,47273
1747,-0.10000000149011612,0,False,0.12,47295
1748,-0.10000000149011612,0,False,0.12,47323
1749,-0.10000000149011612,0,False,0.12,47351
1750,0.8999999985098839,1,True,0.13,47379
1751,-0.10000000149011612,0,False,0.13,47407
1752,-0.10000000149011612,0,False,0.13,47435
1753,-0.10000000149011612,0,False,0.13,47463
1754,-0.10000000149011612,0,False,0.13,47491
1755,-0.10000000149011612,0,False,0.13,47519
1756,-0.10000000149011612,0,False,0.13,47547
1757,-0.10000000149011612,0,False,0.13,47569
1758,0.8999999985098839,1,True,0.14,47597
1759,-0.10000000149011612,0,False,0.14,47625
1760,0.8999999985098839,1,True,0.15,47653
1761,-0.10000000149011612,0,False,0.15,47681
1762,-0.10000000149011612,0,False,0.15,47709
1763,0.8999999985098839,1,True,0.16,47737
1764,0.8999999985098839,1,True,0.17,47765
1765,0.8999999985098839,1,True,0.18,47793
1766,0.8999999985098839,1,True,0.19,47821
1767,-0.10000000149011612,0,False,0.18,47849
1768,-0.10000000149011612,0,False,0.18,47874
1769,-0.10000000149011612,0,False,0.18,47902
1770,-0.10000000149011612,0,False,0.18,47927
1771,0.8999999985098839,1,True,0.19,47949
1772,0.8999999985098839,1,True,0.2,47977
1773,-0.10000000149011612,0,False,0.2,48001
1774,-0.10000000149011612,0,False,0.2,48029
1775,-0.10000000149011612,0,False,0.2,48057
1776,-0.10000000149011612,0,False,0.2,48085
1777,-0.10000000149011612,0,False,0.2,48113
1778,0.8999999985098839,1,True,0.2,48141
1779,-0.10000000149011612,0,False,0.2,48167
1780,-0.10000000149011612,0,False,0.19,48195
1781,-0.10000000149011612,0,False,0.19,48217
1782,-0.10000000149011612,0,False,0.19,48245
1783,0.8999999985098839,1,True,0.2,48273
1784,-0.10000000149011612,0,False,0.2,48295
1785,-0.10000000149011612,0,False,0.2,48317
1786,0.8999999985098839,1,True,0.21,48345
1787,-0.10000000149011612,0,False,0.21,48373
1788,0.8999999985098839,1,True,0.22,48398
1789,-0.10000000149011612,0,False,0.22,48426
1790,-0.10000000149011612,0,False,0.22,48454
1791,0.8999999985098839,1,True,0.23,48477
1792,-0.10000000149011612,0,False,0.23,48505
1793,-0.10000000149011612,0,False,0.23,48533
1794,0.8999999985098839,1,True,0.23,48561
1795,-0.10000000149011612,0,False,0.22,48583
1796,-0.10000000149011612,0,False,0.22,48611
1797,-0.10000000149011612,0,False,0.22,48639
1798,-0.10000000149011612,0,False,0.22,48661
1799,0.8999999985098839,1,True,0.23,48689
1800,-0.10000000149011612,0,False,0.23,48711
1801,-0.10000000149011612,0,False,0.23,48739
1802,-0.10000000149011612,0,False,0.23,48767
1803,-0.10000000149011612,0,False,0.23,48795
1804,-0.10000000149011612,0,False,0.23,48823
1805,-0.10000000149011612,0,False,0.23,48851
1806,-0.10000000149011612,0,False,0.23,48879
1807,-0.10000000149011612,0,False,0.23,48907
1808,-0.10000000149011612,0,False,0.22,48935
1809,-0.10000000149011612,0,False,0.22,48963
1810,-0.10000000149011612,0,False,0.22,48988
1811,1.8999999985098839,2,True,0.22,49016
1812,0.8999999985098839,1,True,0.23,49044
1813,-0.10000000149011612,0,False,0.23,49072
1814,0.8999999985098839,1,True,0.24,49095
1815,-0.10000000149011612,0,False,0.24,49123
1816,-0.10000000149011612,0,False,0.24,49151
1817,-0.10000000149011612,0,False,0.24,49179
1818,-0.10000000149011612,0,False,0.24,49207
1819,0.8999999985098839,1,True,0.25,49235
1820,0.8999999985098839,1,True,0.26,49263
1821,-0.10000000149011612,0,False,0.26,49291
1822,-0.10000000149011612,0,False,0.25,49313
1823,-0.10000000149011612,0,False,0.25,49335
1824,0.8999999985098839,1,True,0.26,49363
1825,-0.10000000149011612,0,False,0.26,49391
1826,-0.10000000149011612,0,False,0.26,49419
1827,0.8999999985098839,1,True,0.27,49447
1828,-0.10000000149011612,0,False,0.27,49475
1829,-0.10000000149011612,0,False,0.27,49503
1830,-0.10000000149011612,0,False,0.26,49531
1831,-0.10000000149011612,0,False,0.26,49559
1832,-0.10000000149011612,0,False,0.26,49583
1833,-0.10000000149011612,0,False,0.26,49611
1834,-0.10000000149011612,0,False,0.26,49639
1835,-0.10000000149011612,0,False,0.26,49667
1836,-0.10000000149011612,0,False,0.26,49695
1837,-0.10000000149011612,0,False,0.26,49723
1838,-0.10000000149011612,0,False,0.26,49751
1839,0.8999999985098839,1,True,0.26,49779
1840,0.8999999985098839,1,True,0.27,49807
1841,-0.10000000149011612,0,False,0.27,49835
1842,0.8999999985098839,1,True,0.27,49863
1843,-0.10000000149011612,0,False,0.27,49891
1844,-0.10000000149011612,0,False,0.27,49919
1845,-0.10000000149011612,0,False,0.26,49947
1846,-0.10000000149011612,0,False,0.26,49975
1847,-0.10000000149011612,0,False,0.26,49997
1848,-0.10000000149011612,0,False,0.26,50025
1849,-0.10000000149011612,0,False,0.26,50053
1850,0.8999999985098839,1,True,0.26,50075
1851,-0.10000000149011612,0,False,0.26,50103
1852,-0.10000000149011612,0,False,0.26,50131
1853,-0.10000000149011612,0,False,0.26,50159
1854,-0.10000000149011612,0,False,0.26,50181
1855,-0.10000000149011612,0,False,0.26,50209
1856,-0.10000000149011612,0,False,0.26,50231
1857,-0.10000000149011612,0,False,0.26,50259
1858,-0.10000000149011612,0,False,0.25,50287
1859,-0.10000000149011612,0,False,0.25,50315
1860,-0.10000000149011612,0,False,0.24,50343
1861,-0.10000000149011612,0,False,0.24,50366
1862,-0.10000000149011612,0,False,0.24,50394
1863,0.8999999985098839,1,True,0.24,50422
1864,-0.10000000149011612,0,False,0.23,50448
1865,-0.10000000149011612,0,False,0.22,50476
1866,0.8999999985098839,1,True,0.22,50504
1867,-0.10000000149011612,0,False,0.22,50532
1868,-0.10000000149011612,0,False,0.22,50560
1869,-0.10000000149011612,0,False,0.22,50588
1870,-0.10000000149011612,0,False,0.22,50616
1871,-0.10000000149011612,0,False,0.21,50644
1872,0.8999999985098839,1,True,0.21,50672
1873,-0.10000000149011612,0,False,0.21,50700
1874,-0.10000000149011612,0,False,0.21,50728
1875,-0.10000000149011612,0,False,0.21,50756
1876,-0.10000000149011612,0,False,0.21,50784
1877,-0.10000000149011612,0,False,0.21,50812
1878,-0.10000000149011612,0,False,0.2,50840
1879,0.8999999985098839,1,True,0.21,50868
1880,0.8999999985098839,1,True,0.22,50896
1881,-0.10000000149011612,0,False,0.22,50924
1882,-0.10000000149011612,0,False,0.22,50952
1883,-0.10000000149011612,0,False,0.21,50980
1884,-0.10000000149011612,0,False,0.21,51008
1885,-0.10000000149011612,0,False,0.21,51036
1886,-0.10000000149011612,0,False,0.2,51064
1887,-0.10000000149011612,0,False,0.2,51092
1888,0.8999999985098839,1,True,0.2,51120
1889,-0.10000000149011612,0,False,0.2,51145
1890,-0.10000000149011612,0,False,0.2,51168
1891,-0.10000000149011612,0,False,0.19,51196
1892,-0.10000000149011612,0,False,0.19,51224
1893,-0.10000000149011612,0,False,0.19,51246
1894,-0.10000000149011612,0,False,0.18,51274
1895,0.8999999985098839,1,True,0.19,51302
1896,0.8999999985098839,1,True,0.2,51330
1897,-0.10000000149011612,0,False,0.2,51358
1898,-0.10000000149011612,0,False,0.2,51386
1899,-0.10000000149011612,0,False,0.19,51414
1900,-0.10000000149011612,0,False,0.19,51442
1901,-0.10000000149011612,0,False,0.19,51467
1902,-0.10000000149011612,0,False,0.19,51495
1903,-0.10000000149011612,0,False,0.19,51523
1904,-0.10000000149011612,0,False,0.19,51545
1905,-0.10000000149011612,0,False,0.19,51573
1906,-0.10000000149011612,0,False,0.19,51601
1907,-0.10000000149011612,0,False,0.19,51629
1908,-0.10000000149011612,0,False,0.19,51657
1909,-0.10000000149011612,0,False,0.19,51685
1910,-0.10000000149011612,0,False,0.19,51713
1911,-0.10000000149011612,0,False,0.18,51741
1912,-0.10000000149011612,0,False,0.17,51769
1913,-0.10000000149011612,0,False,0.17,51797
1914,-0.10000000149011612,0,False,0.16,51825
1915,-0.10000000149011612,0,False,0.16,51853
1916,-0.10000000149011612,0,False,0.16,51881
1917,-0.10000000149011612,0,False,0.16,51909
1918,-0.10000000149011612,0,False,0.16,51937
1919,-0.10000000149011612,0,False,0.15,51965
1920,0.8999999985098839,1,True,0.15,51993
1921,-0.10000000149011612,0,False,0.15,52021
1922,0.8999999985098839,1,True,0.16,52049
1923,0.8999999985098839,1,True,0.17,52077
1924,-0.10000000149011612,0,False,0.16,52105
1925,-0.10000000149011612,0,False,0.16,52127
1926,-0.10000000149011612,0,False,0.16,52151
1927,-0.10000000149011612,0,False,0.15,52179
1928,-0.10000000149011612,0,False,0.15,52207
1929,-0.10000000149011612,0,False,0.15,52235
1930,0.8999999985098839,1,True,0.16,52263
1931,-0.10000000149011612,0,False,0.16,52291
1932,0.8999999985098839,1,True,0.17,52319
1933,-0.10000000149011612,0,False,0.17,52347
1934,-0.10000000149011612,0,False,0.17,52369
1935,-0.10000000149011612,0,False,0.17,52397
1936,-0.10000000149011612,0,False,0.17,52425
1937,-0.10000000149011612,0,False,0.17,52453
1938,-0.10000000149011612,0,False,0.17,52481
1939,-0.10000000149011612,0,False,0.16,52503
1940,-0.10000000149011612,0,False,0.15,52531
1941,-0.10000000149011612,0,False,0.15,52559
1942,-0.10000000149011612,0,False,0.14,52587
1943,0.8999999985098839,1,True,0.15,52610
1944,-0.10000000149011612,0,False,0.15,52638
1945,-0.10000000149011612,0,False,0.15,52666
1946,-0.10000000149011612,0,False,0.15,52694
1947,0.8999999985098839,1,True,0.16,52722
1948,-0.10000000149011612,0,False,0.16,52750
1949,-0.10000000149011612,0,False,0.16,52778
1950,-0.10000000149011612,0,False,0.15,52806
1951,-0.10000000149011612,0,False,0.15,52834
1952,-0.10000000149011612,0,False,0.15,52862
1953,-0.10000000149011612,0,False,0.15,52886
1954,-0.10000000149011612,0,False,0.15,52914
1955,-0.10000000149011612,0,False,0.15,52938
1956,0.8999999985098839,1,True,0.16,52966
1957,1.8999999985098839,2,True,0.17,52991
1958,-0.10000000149011612,0,False,0.17,53019
1959,-0.10000000149011612,0,False,0.17,53047
1960,-0.10000000149011612,0,False,0.17,53071
1961,-0.10000000149011612,0,False,0.17,53099
1962,-0.10000000149011612,0,False,0.17,53127
1963,0.8999999985098839,1,True,0.17,53155
1964,0.8999999985098839,1,True,0.18,53183
1965,-0.10000000149011612,0,False,0.18,53211
1966,2.899999998509884,3,True,0.18,53239
1967,-0.10000000149011612,0,False,0.18,53267
1968,0.8999999985098839,1,True,0.19,53295
1969,-0.10000000149011612,0,False,0.19,53323
1970,-0.10000000149011612,0,False,0.19,53351
1971,-0.10000000149011612,0,False,0.19,53379
1972,-0.10000000149011612,0,False,0.18,53407
1973,-0.10000000149011612,0,False,0.18,53435
1974,-0.10000000149011612,0,False,0.18,53463
1975,-0.10000000149011612,0,False,0.18,53491
1976,-0.10000000149011612,0,False,0.18,53516
1977,-0.10000000149011612,0,False,0.18,53544
1978,-0.10000000149011612,0,False,0.18,53572
1979,-0.10000000149011612,0,False,0.17,53600
1980,-0.10000000149011612,0,False,0.16,53628
1981,0.8999999985098839,1,True,0.17,53656
1982,-0.10000000149011612,0,False,0.17,53678
1983,0.8999999985098839,1,True,0.18,53703
1984,-0.10000000149011612,0,False,0.18,53731
1985,-0.10000000149011612,0,False,0.18,53753
1986,-0.10000000149011612,0,False,0.18,53781
1987,0.8999999985098839,1,True,0.19,53809
1988,-0.10000000149011612,0,False,0.18,53837
1989,-0.10000000149011612,0,False,0.18,53865
1990,-0.10000000149011612,0,False,0.18,53890
1991,-0.10000000149011612,0,False,0.18,53918
1992,-0.10000000149011612,0,False,0.18,53946
1993,-0.10000000149011612,0,False,0.18,53973
1994,0.8999999985098839,1,True,0.19,54001
1995,-0.10000000149011612,0,False,0.18,54029
1996,-0.10000000149011612,0,False,0.17,54057
1997,-0.10000000149011612,0,False,0.17,54085
1998,-0.10000000149011612,0,False,0.17,54113
1999,0.8999999985098839,1,True,0.18,54141
2000,0.8999999985098839,1,True,0.19,54169
2001,-0.10000000149011612,0,False,0.19,54197
2002,-0.10000000149011612,0,False,0.19,54221
2003,-0.10000000149011612,0,False,0.19,54249
2004,0.8999999985098839,1,True,0.2,54277
2005,-0.10000000149011612,0,False,0.2,54300
2006,-0.10000000149011612,0,False,0.2,54328
2007,1.8999999985098839,2,True,0.21,54356
2008,-0.10000000149011612,0,False,0.21,54378
2009,-0.10000000149011612,0,False,0.21,54406
2010,-0.10000000149011612,0,False,0.21,54430
2011,-0.10000000149011612,0,False,0.21,54458
2012,-0.10000000149011612,0,False,0.21,54486
2013,-0.10000000149011612,0,False,0.21,54514
2014,-0.10000000149011612,0,False,0.21,54542
2015,-0.10000000149011612,0,False,0.21,54570
2016,-0.10000000149011612,0,False,0.21,54598
2017,-0.10000000149011612,0,False,0.21,54626
2018,-0.10000000149011612,0,False,0.21,54654
2019,0.8999999985098839,1,True,0.22,54682
2020,-0.10000000149011612,0,False,0.21,54710
2021,-0.10000000149011612,0,False,0.21,54738
2022,-0.10000000149011612,0,False,0.2,54766
2023,-0.10000000149011612,0,False,0.19,54794
2024,-0.10000000149011612,0,False,0.19,54822
2025,0.8999999985098839,1,True,0.2,54850
2026,-0.10000000149011612,0,False,0.2,54878
2027,-0.10000000149011612,0,False,0.2,54906
2028,0.8999999985098839,1,True,0.21,54934
2029,-0.10000000149011612,0,False,0.21,54962
2030,-0.10000000149011612,0,False,0.2,54990
2031,0.8999999985098839,1,True,0.21,55013
2032,-0.10000000149011612,0,False,0.2,55041
2033,-0.10000000149011612,0,False,0.2,55069
2034,0.8999999985098839,1,True,0.21,55097
2035,0.8999999985098839,1,True,0.22,55125
2036,-0.10000000149011612,0,False,0.22,55153
2037,-0.10000000149011612,0,False,0.22,55181
2038,-0.10000000149011612,0,False,0.22,55209
2039,-0.10000000149011612,0,False,0.22,55237
2040,0.8999999985098839,1,True,0.23,55265
2041,-0.10000000149011612,0,False,0.23,55293
2042,-0.10000000149011612,0,False,0.23,55321
2043,-0.10000000149011612,0,False,0.22,55343
2044,-0.10000000149011612,0,False,0.22,55371
2045,-0.10000000149011612,0,False,0.22,55399
2046,-0.10000000149011612,0,False,0.22,55427
2047,-0.10000000149011612,0,False,0.21,55449
2048,1.8999999985098839,2,True,0.22,55477
2049,0.8999999985098839,1,True,0.23,55505
2050,-0.10000000149011612,0,False,0.23,55533
2051,-0.10000000149011612,0,False,0.23,55561
2052,1.8999999985098839,2,True,0.24,55589
2053,-0.10000000149011612,0,False,0.24,55617
2054,-0.10000000149011612,0,False,0.24,55639
2055,-0.10000000149011612,0,False,0.24,55667
2056,-0.10000000149011612,0,False,0.23,55695
2057,-0.10000000149011612,0,False,0.22,55723
2058,-0.10000000149011612,0,False,0.22,55751
2059,-0.10000000149011612,0,False,0.22,55778
2060,-0.10000000149011612,0,False,0.22,55806
2061,0.8999999985098839,1,True,0.23,55834
2062,1.8999999985098839,2,True,0.24,55862
2063,-0.10000000149011612,0,False,0.23,55884
2064,-0.10000000149011612,0,False,0.22,55912
2065,-0.10000000149011612,0,False,0.22,55940
2066,-0.10000000149011612,0,False,0.21,55968
2067,0.8999999985098839,1,True,0.22,55996
2068,-0.10000000149011612,0,False,0.21,56024
2069,-0.10000000149011612,0,False,0.21,56052
2070,-0.10000000149011612,0,False,0.21,56080
2071,-0.10000000149011612,0,False,0.21,56102
2072,-0.10000000149011612,0,False,0.21,56130
2073,-0.10000000149011612,0,False,0.21,56158
2074,-0.10000000149011612,0,False,0.21,56180
2075,-0.10000000149011612,0,False,0.21,56206
2076,0.8999999985098839,1,True,0.22,56234
2077,-0.10000000149011612,0,False,0.22,56262
2078,-0.10000000149011612,0,False,0.22,56288
2079,0.8999999985098839,1,True,0.23,56316
2080,-0.10000000149011612,0,False,0.23,56344
2081,-0.10000000149011612,0,False,0.22,56372
2082,-0.10000000149011612,0,False,0.22,56399
2083,-0.10000000149011612,0,False,0.21,56423
2084,-0.10000000149011612,0,False,0.21,56451
2085,1.8999999985098839,2,True,0.22,56479
2086,-0.10000000149011612,0,False,0.22,56507
2087,-0.10000000149011612,0,False,0.21,56535
2088,-0.10000000149011612,0,False,0.21,56557
2089,-0.10000000149011612,0,False,0.21,56585
2090,0.8999999985098839,1,True,0.22,56613
2091,-0.10000000149011612,0,False,0.22,56641
2092,-0.10000000149011612,0,False,0.22,56669
2093,0.8999999985098839,1,True,0.23,56697
2094,-0.10000000149011612,0,False,0.22,56725
2095,0.8999999985098839,1,True,0.23,56753
2096,-0.10000000149011612,0,False,0.23,56781
2097,-0.10000000149011612,0,False,0.23,56809
2098,-0.10000000149011612,0,False,0.23,56833
2099,-0.10000000149011612,0,False,0.22,56861
2100,-0.10000000149011612,0,False,0.21,56889
2101,-0.10000000149011612,0,False,0.21,56913
2102,-0.10000000149011612,0,False,0.21,56941
2103,0.8999999985098839,1,True,0.22,56967
2104,-0.10000000149011612,0,False,0.21,56995
2105,-0.10000000149011612,0,False,0.21,57023
2106,-0.10000000149011612,0,False,0.21,57051
2107,-0.10000000149011612,0,False,0.2,57079
2108,0.8999999985098839,1,True,0.21,57107
2109,-0.10000000149011612,0,False,0.21,57134
2110,-0.10000000149011612,0,False,0.21,57157
2111,-0.10000000149011612,0,False,0.21,57185
2112,-0.10000000149011612,0,False,0.21,57213
2113,-0.10000000149011612,0,False,0.21,57241
2114,-0.10000000149011612,0,False,0.21,57269
2115,-0.10000000149011612,0,False,0.21,57297
2116,0.8999999985098839,1,True,0.22,57325
2117,-0.10000000149011612,0,False,0.22,57350
2118,0.8999999985098839,1,True,0.23,57378
2119,-0.10000000149011612,0,False,0.22,57406
2120,-0.10000000149011612,0,False,0.22,57434
2121,-0.10000000149011612,0,False,0.22,57462
2122,-0.10000000149011612,0,False,0.22,57485
2123,-0.10000000149011612,0,False,0.22,57513
2124,-0.10000000149011612,0,False,0.22,57541
2125,-0.10000000149011612,0,False,0.21,57569
2126,-0.10000000149011612,0,False,0.21,57597
2127,-0.10000000149011612,0,False,0.21,57625
2128,-0.10000000149011612,0,False,0.2,57652
2129,-0.10000000149011612,0,False,0.2,57680
2130,0.8999999985098839,1,True,0.21,57708
2131,0.8999999985098839,1,True,0.21,57733
2132,-0.10000000149011612,0,False,0.21,57761
2133,0.8999999985098839,1,True,0.22,57789
2134,-0.10000000149011612,0,False,0.21,57817
2135,0.8999999985098839,1,True,0.21,57845
2136,-0.10000000149011612,0,False,0.21,57873
2137,-0.10000000149011612,0,False,0.21,57901
2138,0.8999999985098839,1,True,0.22,57929
2139,0.8999999985098839,1,True,0.23,57957
2140,-0.10000000149011612,0,False,0.22,57985
2141,-0.10000000149011612,0,False,0.22,58013
2142,0.8999999985098839,1,True,0.23,58039
2143,-0.10000000149011612,0,False,0.23,58067
2144,-0.10000000149011612,0,False,0.23,58095
2145,0.8999999985098839,1,True,0.24,58123
2146,-0.10000000149011612,0,False,0.24,58151
2147,0.8999999985098839,1,True,0.25,58177
2148,0.8999999985098839,1,True,0.25,58199
2149,-0.10000000149011612,0,False,0.24,58227
2150,-0.10000000149011612,0,False,0.24,58255
2151,-0.10000000149011612,0,False,0.24,58283
2152,-0.10000000149011612,0,False,0.23,58311
2153,0.8999999985098839,1,True,0.24,58338
2154,-0.10000000149011612,0,False,0.24,58361
2155,-0.10000000149011612,0,False,0.24,58389
2156,-0.10000000149011612,0,False,0.24,58417
2157,-0.10000000149011612,0,False,0.24,58445
2158,-0.10000000149011612,0,False,0.24,58473
2159,-0.10000000149011612,0,False,0.24,58501
2160,1.8999999985098839,2,True,0.25,58529
2161,-0.10000000149011612,0,False,0.24,58557
2162,0.8999999985098839,1,True,0.24,58581
2163,-0.10000000149011612,0,False,0.24,58604
2164,-0.10000000149011612,0,False,0.24,58632
2165,-0.10000000149011612,0,False,0.24,58654
2166,0.8999999985098839,1,True,0.25,58677
2167,-0.10000000149011612,0,False,0.24,58701
2168,-0.10000000149011612,0,False,0.24,58729
2169,-0.10000000149011612,0,False,0.24,58757
2170,-0.10000000149011612,0,False,0.24,58785
2171,-0.10000000149011612,0,False,0.24,58810
2172,-0.10000000149011612,0,False,0.24,58834
2173,-0.10000000149011612,0,False,0.24,58862
2174,-0.10000000149011612,0,False,0.24,58885
2175,-0.10000000149011612,0,False,0.24,58913
2176,-0.10000000149011612,0,False,0.23,58941
2177,-0.10000000149011612,0,False,0.23,58969
2178,-0.10000000149011612,0,False,0.23,58997
2179,-0.10000000149011612,0,False,0.22,59025
2180,-0.10000000149011612,0,False,0.22,59053
2181,-0.10000000149011612,0,False,0.22,59081
2182,-0.10000000149011612,0,False,0.22,59109
2183,0.8999999985098839,1,True,0.23,59137
2184,-0.10000000149011612,0,False,0.23,59165
2185,0.8999999985098839,1,True,0.23,59193
2186,0.8999999985098839,1,True,0.24,59221
2187,-0.10000000149011612,0,False,0.24,59249
2188,-0.10000000149011612,0,False,0.24,59277
2189,-0.10000000149011612,0,False,0.24,59305
2190,-0.10000000149011612,0,False,0.23,59333
2191,-0.10000000149011612,0,False,0.23,59361
2192,0.8999999985098839,1,True,0.24,59389
2193,-0.10000000149011612,0,False,0.23,59413
2194,-0.10000000149011612,0,False,0.23,59435
2195,-0.10000000149011612,0,False,0.22,59457
2196,0.8999999985098839,1,True,0.23,59485
2197,-0.10000000149011612,0,False,0.23,59513
2198,-0.10000000149011612,0,False,0.23,59537
2199,-0.10000000149011612,0,False,0.23,59565
2200,-0.10000000149011612,0,False,0.23,59593
2201,-0.10000000149011612,0,False,0.23,59621
2202,-0.10000000149011612,0,False,0.23,59649
2203,-0.10000000149011612,0,False,0.22,59677
2204,-0.10000000149011612,0,False,0.22,59700
2205,-0.10000000149011612,0,False,0.22,59728
2206,0.8999999985098839,1,True,0.23,59756
2207,0.8999999985098839,1,True,0.24,59784
2208,-0.10000000149011612,0,False,0.23,59812
2209,1.8999999985098839,2,True,0.24,59840
2210,-0.10000000149011612,0,False,0.24,59868
2211,-0.10000000149011612,0,False,0.24,59896
2212,0.8999999985098839,1,True,0.25,59918
2213,-0.10000000149011612,0,False,0.25,59946
2214,-0.10000000149011612,0,False,0.25,59974
2215,0.8999999985098839,1,True,0.26,60002
2216,-0.10000000149011612,0,False,0.25,60030
2217,-0.10000000149011612,0,False,0.25,60056
2218,-0.10000000149011612,0,False,0.24,60084
2219,-0.10000000149011612,0,False,0.24,60112
2220,0.8999999985098839,1,True,0.25,60140
2221,0.8999999985098839,1,True,0.26,60168
2222,-0.10000000149011612,0,False,0.26,60196
2223,-0.10000000149011612,0,False,0.26,60224
2224,-0.10000000149011612,0,False,0.26,60252
2225,-0.10000000149011612,0,False,0.26,60280
2226,-0.10000000149011612,0,False,0.26,60308
2227,-0.10000000149011612,0,False,0.26,60330
2228,-0.10000000149011612,0,False,0.26,60358
2229,-0.10000000149011612,0,False,0.26,60386
2230,-0.10000000149011612,0,False,0.25,60414
2231,-0.10000000149011612,0,False,0.24,60440
2232,1.8999999985098839,2,True,0.25,60468
2233,-0.10000000149011612,0,False,0.24,60496
2234,-0.10000000149011612,0,False,0.24,60524
2235,0.8999999985098839,1,True,0.24,60552
2236,-0.10000000149011612,0,False,0.24,60580
2237,-0.10000000149011612,0,False,0.24,60608
2238,0.8999999985098839,1,True,0.24,60636
2239,-0.10000000149011612,0,False,0.23,60664
2240,0.8999999985098839,1,True,0.24,60692
2241,-0.10000000149011612,0,False,0.24,60715
2242,-0.10000000149011612,0,False,0.23,60743
2243,-0.10000000149011612,0,False,0.23,60771
2244,0.8999999985098839,1,True,0.24,60799
2245,-0.10000000149011612,0,False,0.23,60827
2246,-0.10000000149011612,0,False,0.23,60855
2247,1.8999999985098839,2,True,0.23,60883
2248,-0.10000000149011612,0,False,0.22,60911
2249,2.899999998509884,3,True,0.23,60939
2250,-0.10000000149011612,0,False,0.23,60967
2251,-0.10000000149011612,0,False,0.23,60995
2252,-0.10000000149011612,0,False,0.23,61023
2253,-0.10000000149011612,0,False,0.22,61045
2254,-0.10000000149011612,0,False,0.22,61067
2255,-0.10000000149011612,0,False,0.22,61095
2256,-0.10000000149011612,0,False,0.22,61123
2257,-0.10000000149011612,0,False,0.22,61151
2258,-0.10000000149011612,0,False,0.22,61173
2259,-0.10000000149011612,0,False,0.22,61196
2260,-0.10000000149011612,0,False,0.21,61221
2261,-0.10000000149011612,0,False,0.21,61249
2262,-0.10000000149011612,0,False,0.2,61277
2263,-0.10000000149011612,0,False,0.2,61299
2264,0.8999999985098839,1,True,0.21,61327
2265,-0.10000000149011612,0,False,0.21,61351
2266,-0.10000000149011612,0,False,0.2,61379
2267,-0.10000000149011612,0,False,0.2,61407
2268,-0.10000000149011612,0,False,0.2,61435
2269,-0.10000000149011612,0,False,0.2,61463
2270,-0.10000000149011612,0,False,0.2,61491
2271,-0.10000000149011612,0,False,0.2,61519
2272,-0.10000000149011612,0,False,0.2,61547
2273,-0.10000000149011612,0,False,0.2,61575
2274,-0.10000000149011612,0,False,0.2,61597
2275,-0.10000000149011612,0,False,0.2,61625
2276,-0.10000000149011612,0,False,0.2,61651
2277,-0.10000000149011612,0,False,0.2,61679
2278,-0.10000000149011612,0,False,0.2,61707
2279,-0.10000000149011612,0,False,0.2,61733
2280,-0.10000000149011612,0,False,0.2,61761
2281,-0.10000000149011612,0,False,0.2,61789
2282,-0.10000000149011612,0,False,0.2,61817
2283,-0.10000000149011612,0,False,0.19,61840
2284,-0.10000000149011612,0,False,0.19,61862
2285,-0.10000000149011612,0,False,0.18,61887
2286,-0.10000000149011612,0,False,0.17,61910
2287,-0.10000000149011612,0,False,0.17,61933
2288,-0.10000000149011612,0,False,0.17,61961
2289,-0.10000000149011612,0,False,0.17,61989
2290,-0.10000000149011612,0,False,0.17,62017
2291,-0.10000000149011612,0,False,0.17,62045
2292,-0.10000000149011612,0,False,0.16,62073
2293,-0.10000000149011612,0,False,0.16,62101
2294,-0.10000000149011612,0,False,0.16,62129
2295,-0.10000000149011612,0,False,0.16,62157
2296,-0.10000000149011612,0,False,0.15,62185
2297,-0.10000000149011612,0,False,0.15,62213
2298,-0.10000000149011612,0,False,0.15,62241
2299,-0.10000000149011612,0,False,0.15,62269
2300,-0.10000000149011612,0,False,0.15,62297
2301,0.8999999985098839,1,True,0.16,62325
2302,0.8999999985098839,1,True,0.17,62353
2303,-0.10000000149011612,0,False,0.17,62381
2304,-0.10000000149011612,0,False,0.17,62409
2305,-0.10000000149011612,0,False,0.17,62433
2306,-0.10000000149011612,0,False,0.16,62461
2307,-0.10000000149011612,0,False,0.15,62489
2308,-0.10000000149011612,0,False,0.15,62517
2309,-0.10000000149011612,0,False,0.14,62545
2310,0.8999999985098839,1,True,0.15,62573
2311,-0.10000000149011612,0,False,0.15,62601
2312,-0.10000000149011612,0,False,0.14,62629
2313,-0.10000000149011612,0,False,0.14,62657
2314,0.8999999985098839,1,True,0.15,62685
2315,-0.10000000149011612,0,False,0.14,62713
2316,-0.10000000149011612,0,False,0.14,62741
2317,-0.10000000149011612,0,False,0.14,62766
2318,-0.10000000149011612,0,False,0.14,62794
2319,-0.10000000149011612,0,False,0.14,62822
2320,-0.10000000149011612,0,False,0.13,62850
2321,-0.10000000149011612,0,False,0.12,62878
2322,-0.10000000149011612,0,False,0.12,62906
2323,0.8999999985098839,1,True,0.13,62934
2324,0.8999999985098839,1,True,0.14,62959
2325,-0.10000000149011612,0,False,0.14,62987
2326,-0.10000000149011612,0,False,0.14,63013
2327,-0.10000000149011612,0,False,0.14,63041
2328,-0.10000000149011612,0,False,0.14,63069
2329,-0.10000000149011612,0,False,0.14,63091
2330,-0.10000000149011612,0,False,0.14,63119
2331,-0.10000000149011612,0,False,0.14,63147
2332,-0.10000000149011612,0,False,0.13,63175
2333,-0.10000000149011612,0,False,0.13,63203
2334,-0.10000000149011612,0,False,0.13,63231
2335,-0.10000000149011612,0,False,0.12,63259
2336,-0.10000000149011612,0,False,0.12,63287
2337,1.8999999985098839,2,True,0.13,63315
2338,-0.10000000149011612,0,False,0.12,63343
2339,-0.10000000149011612,0,False,0.12,63371
2340,0.8999999985098839,1,True,0.12,63393
2341,0.8999999985098839,1,True,0.13,63421
2342,-0.10000000149011612,0,False,0.13,63449
2343,-0.10000000149011612,0,False,0.13,63477
2344,-0.10000000149011612,0,False,0.12,63505
2345,0.8999999985098839,1,True,0.13,63527
2346,-0.10000000149011612,0,False,0.13,63551
2347,-0.10000000149011612,0,False,0.12,63579
2348,-0.10000000149011612,0,False,0.12,63607
2349,-0.10000000149011612,0,False,0.11,63630
2350,-0.10000000149011612,0,False,0.11,63658
2351,0.8999999985098839,1,True,0.12,63680
2352,-0.10000000149011612,0,False,0.12,63705
2353,-0.10000000149011612,0,False,0.12,63733
2354,-0.10000000149011612,0,False,0.12,63761
2355,-0.10000000149011612,0,False,0.12,63789
2356,-0.10000000149011612,0,False,0.12,63814
2357,-0.10000000149011612,0,False,0.12,63837
2358,-0.10000000149011612,0,False,0.12,63865
2359,0.8999999985098839,1,True,0.13,63887
2360,-0.10000000149011612,0,False,0.13,63915
2361,-0.10000000149011612,0,False,0.13,63943
2362,-0.10000000149011612,0,False,0.13,63969
2363,-0.10000000149011612,0,False,0.13,63997
2364,-0.10000000149011612,0,False,0.12,64025
2365,0.8999999985098839,1,True,0.13,64053
2366,0.8999999985098839,1,True,0.14,64081
2367,-0.10000000149011612,0,False,0.14,64109
2368,-0.10000000149011612,0,False,0.14,64137
2369,0.8999999985098839,1,True,0.15,64165
2370,-0.10000000149011612,0,False,0.15,64193
2371,-0.10000000149011612,0,False,0.15,64215
2372,0.8999999985098839,1,True,0.16,64243
2373,-0.10000000149011612,0,False,0.16,64267
2374,-0.10000000149011612,0,False,0.16,64295
2375,0.8999999985098839,1,True,0.17,64323
2376,-0.10000000149011612,0,False,0.17,64351
2377,0.8999999985098839,1,True,0.18,64379
2378,-0.10000000149011612,0,False,0.18,64407
2379,-0.10000000149011612,0,False,0.18,64435
2380,-0.10000000149011612,0,False,0.18,64463
2381,-0.10000000149011612,0,False,0.18,64491
2382,-0.10000000149011612,0,False,0.18,64519
2383,-0.10000000149011612,0,False,0.18,64547
2384,-0.10000000149011612,0,False,0.18,64575
2385,2.899999998509884,3,True,0.19,64603
2386,-0.10000000149011612,0,False,0.19,64626
2387,-0.10000000149011612,0,False,0.19,64654
2388,-0.10000000149011612,0,False,0.19,64682
2389,-0.10000000149011612,0,False,0.19,64710
2390,-0.10000000149011612,0,False,0.19,64738
2391,0.8999999985098839,1,True,0.2,64766
2392,-0.10000000149011612,0,False,0.2,64794
2393,-0.10000000149011612,0,False,0.2,64822
2394,-0.10000000149011612,0,False,0.2,64850
2395,-0.10000000149011612,0,False,0.2,64878
2396,-0.10000000149011612,0,False,0.2,64901
2397,0.8999999985098839,1,True,0.21,64923
2398,-0.10000000149011612,0,False,0.21,64951
2399,-0.10000000149011612,0,False,0.21,64979
2400,-0.10000000149011612,0,False,0.21,65007
2401,-0.10000000149011612,0,False,0.2,65029
2402,-0.10000000149011612,0,False,0.19,65057
2403,-0.10000000149011612,0,False,0.19,65085
2404,-0.10000000149011612,0,False,0.19,65113
2405,-0.10000000149011612,0,False,0.19,65141
2406,-0.10000000149011612,0,False,0.19,65169
2407,-0.10000000149011612,0,False,0.19,65197
2408,0.8999999985098839,1,True,0.2,65225
2409,-0.10000000149011612,0,False,0.2,65248
2410,1.8999999985098839,2,True,0.2,65276
2411,-0.10000000149011612,0,False,0.2,65304
2412,0.8999999985098839,1,True,0.21,65332
2413,-0.10000000149011612,0,False,0.21,65360
2414,-0.10000000149011612,0,False,0.2,65388
2415,0.8999999985098839,1,True,0.21,65416
2416,-0.10000000149011612,0,False,0.21,65444
2417,-0.10000000149011612,0,False,0.21,65467
2418,-0.10000000149011612,0,False,0.21,65489
2419,-0.10000000149011612,0,False,0.21,65517
2420,-0.10000000149011612,0,False,0.21,65545
2421,-0.10000000149011612,0,False,0.21,65573
2422,-0.10000000149011612,0,False,0.21,65601
2423,0.8999999985098839,1,True,0.21,65629
2424,-0.10000000149011612,0,False,0.2,65651
2425,0.8999999985098839,1,True,0.21,65679
2426,-0.10000000149011612,0,False,0.21,65701
2427,-0.10000000149011612,0,False,0.21,65729
2428,-0.10000000149011612,0,False,0.21,65757
2429,-0.10000000149011612,0,False,0.21,65785
2430,0.8999999985098839,1,True,0.22,65813
2431,-0.10000000149011612,0,False,0.22,65835
2432,-0.10000000149011612,0,False,0.22,65863
2433,-0.10000000149011612,0,False,0.22,65889
2434,0.8999999985098839,1,True,0.23,65917
2435,-0.10000000149011612,0,False,0.23,65945
2436,-0.10000000149011612,0,False,0.23,65973
2437,-0.10000000149011612,0,False,0.22,66001
2438,-0.10000000149011612,0,False,0.22,66029
2439,-0.10000000149011612,0,False,0.22,66057
2440,0.8999999985098839,1,True,0.22,66085
2441,-0.10000000149011612,0,False,0.21,66113
2442,-0.10000000149011612,0,False,0.21,66141
2443,-0.10000000149011612,0,False,0.21,66169
2444,-0.10000000149011612,0,False,0.21,66197
2445,0.8999999985098839,1,True,0.21,66225
2446,-0.10000000149011612,0,False,0.21,66247
2447,0.8999999985098839,1,True,0.22,66271
2448,-0.10000000149011612,0,False,0.22,66299
2449,0.8999999985098839,1,True,0.23,66321
2450,-0.10000000149011612,0,False,0.23,66349
2451,0.8999999985098839,1,True,0.23,66377
2452,-0.10000000149011612,0,False,0.23,66405
2453,-0.10000000149011612,0,False,0.23,66433
2454,-0.10000000149011612,0,False,0.23,66461
2455,-0.10000000149011612,0,False,0.23,66489
2456,0.8999999985098839,1,True,0.24,66517
2457,-0.10000000149011612,0,False,0.24,66545
2458,0.8999999985098839,1,True,0.25,66573
2459,-0.10000000149011612,0,False,0.24,66601
2460,-0.10000000149011612,0,False,0.24,66629
2461,0.8999999985098839,1,True,0.25,66657
2462,0.8999999985098839,1,True,0.26,66685
2463,-0.10000000149011612,0,False,0.26,66713
2464,-0.10000000149011612,0,False,0.26,66741
2465,-0.10000000149011612,0,False,0.25,66763
2466,-0.10000000149011612,0,False,0.24,66791
2467,-0.10000000149011612,0,False,0.24,66819
2468,-0.10000000149011612,0,False,0.24,66847
2469,-0.10000000149011612,0,False,0.23,66875
2470,0.8999999985098839,1,True,0.24,66903
2471,-0.10000000149011612,0,False,0.24,66931
2472,-0.10000000149011612,0,False,0.23,66959
2473,-0.10000000149011612,0,False,0.23,66983
2474,-0.10000000149011612,0,False,0.23,67011
2475,-0.10000000149011612,0,False,0.22,67039
2476,-0.10000000149011612,0,False,0.22,67067
2477,0.8999999985098839,1,True,0.22,67095
2478,-0.10000000149011612,0,False,0.22,67121
2479,-0.10000000149011612,0,False,0.22,67149
2480,-0.10000000149011612,0,False,0.22,67177
2481,-0.10000000149011612,0,False,0.22,67205
2482,-0.10000000149011612,0,False,0.22,67233
2483,-0.10000000149011612,0,False,0.22,67261
2484,-0.10000000149011612,0,False,0.22,67289
2485,-0.10000000149011612,0,False,0.21,67311
2486,-0.10000000149011612,0,False,0.21,67339
2487,-0.10000000149011612,0,False,0.21,67365
2488,0.8999999985098839,1,True,0.22,67393
2489,-0.10000000149011612,0,False,0.22,67417
2490,-0.10000000149011612,0,False,0.22,67440
2491,-0.10000000149011612,0,False,0.21,67468
2492,-0.10000000149011612,0,False,0.21,67496
2493,-0.10000000149011612,0,False,0.21,67524
2494,-0.10000000149011612,0,False,0.21,67546
2495,0.8999999985098839,1,True,0.22,67574
2496,-0.10000000149011612,0,False,0.22,67602
2497,0.8999999985098839,1,True,0.22,67630
2498,-0.10000000149011612,0,False,0.22,67658
2499,-0.10000000149011612,0,False,0.22,67686
2500,-0.10000000149011612,0,False,0.22,67714
2501,-0.10000000149011612,0,False,0.22,67742
2502,-0.10000000149011612,0,False,0.22,67770
2503,-0.10000000149011612,0,False,0.22,67798
2504,0.8999999985098839,1,True,0.23,67826
2505,-0.10000000149011612,0,False,0.23,67854
2506,-0.10000000149011612,0,False,0.23,67882
2507,-0.10000000149011612,0,False,0.23,67910
2508,-0.10000000149011612,0,False,0.22,67936
2509,-0.10000000149011612,0,False,0.22,67964
2510,-0.10000000149011612,0,False,0.21,67992
2511,-0.10000000149011612,0,False,0.21,68020
2512,0.8999999985098839,1,True,0.21,68048
2513,-0.10000000149011612,0,False,0.21,68076
2514,-0.10000000149011612,0,False,0.21,68098
2515,-0.10000000149011612,0,False,0.2,68120
2516,-0.10000000149011612,0,False,0.2,68148
2517,0.8999999985098839,1,True,0.21,68176
2518,-0.10000000149011612,0,False,0.21,68204
2519,-0.10000000149011612,0,False,0.21,68232
2520,0.8999999985098839,1,True,0.22,68260
2521,-0.10000000149011612,0,False,0.22,68288
2522,0.8999999985098839,1,True,0.23,68310
2523,0.8999999985098839,1,True,0.23,68338
2524,-0.10000000149011612,0,False,0.23,68366
2525,-0.10000000149011612,0,False,0.22,68394
2526,-0.10000000149011612,0,False,0.22,68422
2527,-0.10000000149011612,0,False,0.22,68450
2528,-0.10000000149011612,0,False,0.22,68478
2529,-0.10000000149011612,0,False,0.22,68506
2530,-0.10000000149011612,0,False,0.21,68534
2531,0.8999999985098839,1,True,0.22,68562
2532,0.8999999985098839,1,True,0.23,68590
2533,-0.10000000149011612,0,False,0.23,68618
2534,-0.10000000149011612,0,False,0.22,68643
2535,-0.10000000149011612,0,False,0.22,68671
2536,-0.10000000149011612,0,False,0.22,68699
2537,0.8999999985098839,1,True,0.23,68721
2538,-0.10000000149011612,0,False,0.23,68749
2539,-0.10000000149011612,0,False,0.23,68771
2540,0.8999999985098839,1,True,0.23,68799
2541,-0.10000000149011612,0,False,0.23,68827
2542,-0.10000000149011612,0,False,0.23,68855
2543,-0.10000000149011612,0,False,0.23,68883
2544,0.8999999985098839,1,True,0.24,68911
2545,-0.10000000149011612,0,False,0.23,68939
2546,-0.10000000149011612,0,False,0.23,68967
2547,-0.10000000149011612,0,False,0.22,68995
2548,-0.10000000149011612,0,False,0.22,69018
2549,-0.10000000149011612,0,False,0.21,69046
2550,-0.10000000149011612,0,False,0.21,69070
2551,0.8999999985098839,1,True,0.21,69092
2552,-0.10000000149011612,0,False,0.21,69114
2553,-0.10000000149011612,0,False,0.21,69142
2554,-0.10000000149011612,0,False,0.21,69170
2555,-0.10000000149011612,0,False,0.21,69198
2556,-0.10000000149011612,0,False,0.2,69226
2557,0.8999999985098839,1,True,0.21,69254
2558,-0.10000000149011612,0,False,0.2,69278
2559,-0.10000000149011612,0,False,0.2,69306
2560,-0.10000000149011612,0,False,0.2,69334
2561,-0.10000000149011612,0,False,0.19,69362
2562,-0.10000000149011612,0,False,0.18,69390
2563,0.8999999985098839,1,True,0.19,69418
2564,-0.10000000149011612,0,False,0.19,69442
2565,-0.10000000149011612,0,False,0.19,69470
2566,-0.10000000149011612,0,False,0.19,69498
2567,-0.10000000149011612,0,False,0.19,69526
2568,-0.10000000149011612,0,False,0.19,69554
2569,1.8999999985098839,2,True,0.2,69582
2570,0.8999999985098839,1,True,0.2,69610
2571,-0.10000000149011612,0,False,0.2,69634
2572,-0.10000000149011612,0,False,0.2,69656
2573,-0.10000000149011612,0,False,0.2,69684
2574,-0.10000000149011612,0,False,0.2,69706
2575,0.8999999985098839,1,True,0.21,69734
2576,-0.10000000149011612,0,False,0.21,69762
2577,-0.10000000149011612,0,False,0.2,69790
2578,0.8999999985098839,1,True,0.21,69818
2579,-0.10000000149011612,0,False,0.21,69846
2580,0.8999999985098839,1,True,0.22,69874
2581,-0.10000000149011612,0,False,0.22,69902
2582,0.8999999985098839,1,True,0.23,69924
2583,-0.10000000149011612,0,False,0.23,69952
2584,-0.10000000149011612,0,False,0.23,69980
2585,-0.10000000149011612,0,False,0.23,70008
2586,-0.10000000149011612,0,False,0.23,70036
2587,-0.10000000149011612,0,False,0.23,70064
2588,0.8999999985098839,1,True,0.23,70088
2589,-0.10000000149011612,0,False,0.23,70116
2590,-0.10000000149011612,0,False,0.23,70144
2591,-0.10000000149011612,0,False,0.23,70168
2592,0.8999999985098839,1,True,0.24,70196
2593,-0.10000000149011612,0,False,0.24,70224
2594,-0.10000000149011612,0,False,0.24,70252
2595,-0.10000000149011612,0,False,0.23,70280
2596,-0.10000000149011612,0,False,0.23,70308
2597,-0.10000000149011612,0,False,0.22,70331
2598,-0.10000000149011612,0,False,0.22,70359
2599,-0.10000000149011612,0,False,0.22,70387
2600,-0.10000000149011612,0,False,0.22,70415
2601,0.8999999985098839,1,True,0.23,70443
2602,-0.10000000149011612,0,False,0.23,70469
2603,0.8999999985098839,1,True,0.24,70497
2604,-0.10000000149011612,0,False,0.23,70525
2605,-0.10000000149011612,0,False,0.23,70553
2606,-0.10000000149011612,0,False,0.23,70575
2607,-0.10000000149011612,0,False,0.23,70599
2608,-0.10000000149011612,0,False,0.23,70621
2609,-0.10000000149011612,0,False,0.23,70649
2610,0.8999999985098839,1,True,0.24,70671
2611,-0.10000000149011612,0,False,0.24,70699
2612,-0.10000000149011612,0,False,0.23,70727
2613,-0.10000000149011612,0,False,0.23,70755
2614,-0.10000000149011612,0,False,0.23,70783
2615,-0.10000000149011612,0,False,0.23,70805
2616,-0.10000000149011612,0,False,0.23,70833
2617,0.8999999985098839,1,True,0.23,70858
2618,-0.10000000149011612,0,False,0.23,70886
2619,-0.10000000149011612,0,False,0.23,70914
2620,-0.10000000149011612,0,False,0.22,70942
2621,-0.10000000149011612,0,False,0.22,70965
2622,0.8999999985098839,1,True,0.22,70993
2623,-0.10000000149011612,0,False,0.21,71015
2624,-0.10000000149011612,0,False,0.21,71043
2625,-0.10000000149011612,0,False,0.21,71065
2626,-0.10000000149011612,0,False,0.21,71093
2627,-0.10000000149011612,0,False,0.21,71120
2628,-0.10000000149011612,0,False,0.21,71148
2629,-0.10000000149011612,0,False,0.21,71176
2630,-0.10000000149011612,0,False,0.21,71204
2631,-0.10000000149011612,0,False,0.2,71232
2632,-0.10000000149011612,0,False,0.19,71260
2633,-0.10000000149011612,0,False,0.19,71288
2634,-0.10000000149011612,0,False,0.19,71316
2635,0.8999999985098839,1,True,0.2,71344
2636,-0.10000000149011612,0,False,0.2,71372
2637,-0.10000000149011612,0,False,0.19,71400
2638,0.8999999985098839,1,True,0.2,71422
2639,-0.10000000149011612,0,False,0.2,71450
2640,-0.10000000149011612,0,False,0.19,71478
2641,-0.10000000149011612,0,False,0.19,71500
2642,-0.10000000149011612,0,False,0.19,71528
2643,-0.10000000149011612,0,False,0.19,71556
2644,-0.10000000149011612,0,False,0.18,71584
2645,0.8999999985098839,1,True,0.19,71612
2646,0.8999999985098839,1,True,0.2,71640
2647,-0.10000000149011612,0,False,0.2,71668
2648,-0.10000000149011612,0,False,0.2,71696
2649,-0.10000000149011612,0,False,0.2,71724
2650,1.8999999985098839,2,True,0.21,71752
2651,0.8999999985098839,1,True,0.21,71774
2652,-0.10000000149011612,0,False,0.21,71802
2653,-0.10000000149011612,0,False,0.21,71830
2654,0.8999999985098839,1,True,0.22,71858
2655,-0.10000000149011612,0,False,0.22,71882
2656,-0.10000000149011612,0,False,0.22,71910
2657,0.8999999985098839,1,True,0.22,71938
2658,0.8999999985098839,1,True,0.23,71966
2659,-0.10000000149011612,0,False,0.23,71994
2660,0.8999999985098839,1,True,0.24,72022
2661,-0.10000000149011612,0,False,0.24,72044
2662,0.8999999985098839,1,True,0.25,72072
2663,-0.10000000149011612,0,False,0.24,72100
2664,-0.10000000149011612,0,False,0.24,72128
2665,-0.10000000149011612,0,False,0.24,72151
2666,-0.10000000149011612,0,False,0.24,72176
2667,-0.10000000149011612,0,False,0.24,72204
2668,-0.10000000149011612,0,False,0.24,72232
2669,-0.10000000149011612,0,False,0.23,72260
2670,-0.10000000149011612,0,False,0.22,72288
2671,-0.10000000149011612,0,False,0.22,72316
2672,-0.10000000149011612,0,False,0.22,72344
2673,-0.10000000149011612,0,False,0.22,72372
2674,1.8999999985098839,2,True,0.23,72400
2675,-0.10000000149011612,0,False,0.22,72428
2676,-0.10000000149011612,0,False,0.22,72456
2677,1.8999999985098839,2,True,0.23,72484
2678,-0.10000000149011612,0,False,0.22,72512
2679,-0.10000000149011612,0,False,0.22,72540
2680,-0.10000000149011612,0,False,0.21,72568
2681,-0.10000000149011612,0,False,0.21,72596
2682,-0.10000000149011612,0,False,0.2,72624
2683,0.8999999985098839,1,True,0.21,72652
2684,-0.10000000149011612,0,False,0.21,72680
2685,-0.10000000149011612,0,False,0.21,72704
2686,-0.10000000149011612,0,False,0.21,72732
2687,-0.10000000149011612,0,False,0.21,72760
2688,-0.10000000149011612,0,False,0.2,72788
2689,-0.10000000149011612,0,False,0.2,72816
2690,-0.10000000149011612,0,False,0.2,72844
2691,1.8999999985098839,2,True,0.21,72869
2692,0.8999999985098839,1,True,0.21,72897
2693,-0.10000000149011612,0,False,0.21,72925
2694,-0.10000000149011612,0,False,0.21,72953
2695,-0.10000000149011612,0,False,0.21,72981
2696,-0.10000000149011612,0,False,0.21,73009
2697,0.8999999985098839,1,True,0.22,73037
2698,-0.10000000149011612,0,False,0.22,73060
2699,-0.10000000149011612,0,False,0.22,73088
2700,-0.10000000149011612,0,False,0.22,73116
2701,0.8999999985098839,1,True,0.22,73144
2702,-0.10000000149011612,0,False,0.22,73171
2703,-0.10000000149011612,0,False,0.21,73193
2704,-0.10000000149011612,0,False,0.21,73221
2705,-0.10000000149011612,0,False,0.21,73249
2706,-0.10000000149011612,0,False,0.21,73275
2707,-0.10000000149011612,0,False,0.21,73303
2708,-0.10000000149011612,0,False,0.21,73331
2709,-0.10000000149011612,0,False,0.21,73359
2710,0.8999999985098839,1,True,0.21,73387
2711,-0.10000000149011612,0,False,0.21,73415
2712,-0.10000000149011612,0,False,0.21,73443
2713,-0.10000000149011612,0,False,0.21,73471
2714,-0.10000000149011612,0,False,0.21,73496
2715,0.8999999985098839,1,True,0.22,73524
2716,-0.10000000149011612,0,False,0.22,73552
2717,-0.10000000149011612,0,False,0.21,73580
2718,-0.10000000149011612,0,False,0.21,73608
2719,-0.10000000149011612,0,False,0.21,73636
2720,0.8999999985098839,1,True,0.22,73664
2721,-0.10000000149011612,0,False,0.22,73687
2722,-0.10000000149011612,0,False,0.21,73711
2723,0.8999999985098839,1,True,0.22,73739
2724,0.8999999985098839,1,True,0.23,73767
2725,-0.10000000149011612,0,False,0.23,73795
2726,-0.10000000149011612,0,False,0.23,73823
2727,-0.10000000149011612,0,False,0.23,73851
2728,-0.10000000149011612,0,False,0.23,73873
2729,-0.10000000149011612,0,False,0.23,73901
2730,0.8999999985098839,1,True,0.24,73929
2731,-0.10000000149011612,0,False,0.24,73955
2732,-0.10000000149011612,0,False,0.24,73978
2733,-0.10000000149011612,0,False,0.24,74001
2734,0.8999999985098839,1,True,0.25,74029
2735,-0.10000000149011612,0,False,0.24,74057
2736,-0.10000000149011612,0,False,0.24,74082
2737,0.8999999985098839,1,True,0.25,74104
2738,-0.10000000149011612,0,False,0.24,74132
2739,-0.10000000149011612,0,False,0.24,74160
2740,-0.10000000149011612,0,False,0.24,74188
2741,1.8999999985098839,2,True,0.25,74216
2742,-0.10000000149011612,0,False,0.25,74244
2743,-0.10000000149011612,0,False,0.25,74272
2744,0.8999999985098839,1,True,0.26,74300
2745,-0.10000000149011612,0,False,0.25,74328
2746,-0.10000000149011612,0,False,0.24,74356
2747,-0.10000000149011612,0,False,0.24,74384
2748,0.8999999985098839,1,True,0.25,74412
2749,-0.10000000149011612,0,False,0.25,74440
2750,-0.10000000149011612,0,False,0.24,74467
2751,-0.10000000149011612,0,False,0.23,74493
2752,-0.10000000149011612,0,False,0.23,74515
2753,-0.10000000149011612,0,False,0.23,74543
2754,-0.10000000149011612,0,False,0.22,74571
2755,-0.10000000149011612,0,False,0.22,74593
2756,-0.10000000149011612,0,False,0.22,74621
2757,-0.10000000149011612,0,False,0.21,74649
2758,-0.10000000149011612,0,False,0.2,74677
2759,-0.10000000149011612,0,False,0.2,74699
2760,-0.10000000149011612,0,False,0.19,74727
2761,-0.10000000149011612,0,False,0.19,74749
2762,-0.10000000149011612,0,False,0.18,74774
2763,0.8999999985098839,1,True,0.19,74802
2764,-0.10000000149011612,0,False,0.19,74830
2765,0.8999999985098839,1,True,0.2,74858
2766,0.8999999985098839,1,True,0.21,74886
2767,0.8999999985098839,1,True,0.22,74914
2768,-0.10000000149011612,0,False,0.22,74942
2769,-0.10000000149011612,0,False,0.22,74970
2770,1.8999999985098839,2,True,0.23,74998
2771,0.8999999985098839,1,True,0.24,75020
2772,-0.10000000149011612,0,False,0.24,75048
2773,-0.10000000149011612,0,False,0.24,75076
2774,-0.10000000149011612,0,False,0.23,75104
2775,-0.10000000149011612,0,False,0.23,75126
2776,-0.10000000149011612,0,False,0.23,75154
2777,-0.10000000149011612,0,False,0.22,75182
2778,-0.10000000149011612,0,False,0.22,75210
2779,-0.10000000149011612,0,False,0.22,75232
2780,-0.10000000149011612,0,False,0.22,75260
2781,0.8999999985098839,1,True,0.23,75283
2782,-0.10000000149011612,0,False,0.23,75311
2783,-0.10000000149011612,0,False,0.22,75339
2784,-0.10000000149011612,0,False,0.22,75367
2785,0.8999999985098839,1,True,0.23,75395
2786,-0.10000000149011612,0,False,0.23,75423
2787,-0.10000000149011612,0,False,0.23,75451
2788,-0.10000000149011612,0,False,0.23,75479
2789,-0.10000000149011612,0,False,0.23,75505
2790,-0.10000000149011612,0,False,0.23,75533
2791,-0.10000000149011612,0,False,0.22,75561
2792,-0.10000000149011612,0,False,0.21,75589
2793,-0.10000000149011612,0,False,0.21,75617
2794,0.8999999985098839,1,True,0.22,75645
2795,-0.10000000149011612,0,False,0.22,75673
2796,0.8999999985098839,1,True,0.23,75701
2797,-0.10000000149011612,0,False,0.22,75729
2798,-0.10000000149011612,0,False,0.22,75757
2799,0.8999999985098839,1,True,0.23,75785
2800,-0.10000000149011612,0,False,0.23,75813
2801,-0.10000000149011612,0,False,0.22,75835
2802,0.8999999985098839,1,True,0.23,75859
2803,-0.10000000149011612,0,False,0.23,75887
2804,-0.10000000149011612,0,False,0.23,75909
2805,-0.10000000149011612,0,False,0.23,75937
2806,-0.10000000149011612,0,False,0.23,75965
2807,0.8999999985098839,1,True,0.24,75993
2808,-0.10000000149011612,0,False,0.24,76021
2809,-0.10000000149011612,0,False,0.24,76049
2810,-0.10000000149011612,0,False,0.23,76077
2811,-0.10000000149011612,0,False,0.23,76105
2812,-0.10000000149011612,0,False,0.23,76133
2813,-0.10000000149011612,0,False,0.23,76161
2814,-0.10000000149011612,0,False,0.23,76189
2815,0.8999999985098839,1,True,0.23,76217
2816,0.8999999985098839,1,True,0.24,76245
2817,-0.10000000149011612,0,False,0.24,76273
2818,1.8999999985098839,2,True,0.25,76301
2819,-0.10000000149011612,0,False,0.25,76329
2820,-0.10000000149011612,0,False,0.24,76357
2821,-0.10000000149011612,0,False,0.24,76385
2822,0.8999999985098839,1,True,0.25,76412
2823,-0.10000000149011612,0,False,0.24,76436
2824,-0.10000000149011612,0,False,0.23,76464
2825,0.8999999985098839,1,True,0.24,76492
2826,-0.10000000149011612,0,False,0.24,76518
2827,-0.10000000149011612,0,False,0.24,76546
2828,-0.10000000149011612,0,False,0.24,76574
2829,-0.10000000149011612,0,False,0.24,76596
2830,-0.10000000149011612,0,False,0.23,76624
2831,-0.10000000149011612,0,False,0.23,76652
2832,-0.10000000149011612,0,False,0.23,76680
2833,-0.10000000149011612,0,False,0.23,76708
2834,-0.10000000149011612,0,False,0.22,76732
2835,0.8999999985098839,1,True,0.23,76760
2836,-0.10000000149011612,0,False,0.23,76788
2837,-0.10000000149011612,0,False,0.22,76816
2838,-0.10000000149011612,0,False,0.22,76844
2839,-0.10000000149011612,0,False,0.22,76872
2840,-0.10000000149011612,0,False,0.22,76900
2841,1.8999999985098839,2,True,0.22,76928
2842,-0.10000000149011612,0,False,0.22,76956
2843,-0.10000000149011612,0,False,0.22,76984
2844,-0.10000000149011612,0,False,0.21,77010
2845,-0.10000000149011612,0,False,0.21,77038
2846,1.8999999985098839,2,True,0.22,77066
2847,0.8999999985098839,1,True,0.23,77094
2848,-0.10000000149011612,0,False,0.22,77120
2849,-0.10000000149011612,0,False,0.22,77148
2850,-0.10000000149011612,0,False,0.22,77170
2851,-0.10000000149011612,0,False,0.22,77198
2852,-0.10000000149011612,0,False,0.22,77224
2853,0.8999999985098839,1,True,0.23,77252
2854,-0.10000000149011612,0,False,0.23,77280
2855,-0.10000000149011612,0,False,0.23,77307
2856,-0.10000000149011612,0,False,0.23,77335
2857,-0.10000000149011612,0,False,0.23,77363
2858,-0.10000000149011612,0,False,0.23,77391
2859,-0.10000000149011612,0,False,0.23,77419
2860,-0.10000000149011612,0,False,0.23,77447
2861,-0.10000000149011612,0,False,0.23,77475
2862,-0.10000000149011612,0,False,0.23,77503
2863,-0.10000000149011612,0,False,0.22,77531
2864,-0.10000000149011612,0,False,0.22,77559
2865,0.8999999985098839,1,True,0.22,77587
2866,-0.10000000149011612,0,False,0.21,77615
2867,-0.10000000149011612,0,False,0.2,77643
2868,-0.10000000149011612,0,False,0.2,77665
2869,-0.10000000149011612,0,False,0.2,77693
2870,-0.10000000149011612,0,False,0.19,77721
2871,-0.10000000149011612,0,False,0.18,77749
2872,0.8999999985098839,1,True,0.19,77777
2873,0.8999999985098839,1,True,0.2,77805
2874,-0.10000000149011612,0,False,0.2,77831
2875,-0.10000000149011612,0,False,0.2,77853
2876,-0.10000000149011612,0,False,0.2,77881
2877,-0.10000000149011612,0,False,0.2,77909
2878,0.8999999985098839,1,True,0.21,77933
2879,-0.10000000149011612,0,False,0.21,77961
2880,-0.10000000149011612,0,False,0.21,77989
2881,-0.10000000149011612,0,False,0.2,78017
2882,-0.10000000149011612,0,False,0.2,78045
2883,-0.10000000149011612,0,False,0.2,78073
2884,-0.10000000149011612,0,False,0.2,78096
2885,-0.10000000149011612,0,False,0.19,78124
2886,0.8999999985098839,1,True,0.2,78152
2887,0.8999999985098839,1,True,0.21,78180
2888,-0.10000000149011612,0,False,0.21,78208
2889,-0.10000000149011612,0,False,0.21,78236
2890,0.8999999985098839,1,True,0.22,78264
2891,-0.10000000149011612,0,False,0.22,78292
2892,-0.10000000149011612,0,False,0.22,78320
2893,-0.10000000149011612,0,False,0.22,78348
2894,-0.10000000149011612,0,False,0.21,78372
2895,-0.10000000149011612,0,False,0.21,78400
2896,-0.10000000149011612,0,False,0.2,78428
2897,-0.10000000149011612,0,False,0.2,78456
2898,-0.10000000149011612,0,False,0.2,78484
2899,-0.10000000149011612,0,False,0.19,78512
2900,-0.10000000149011612,0,False,0.19,78539
2901,-0.10000000149011612,0,False,0.19,78567
2902,0.8999999985098839,1,True,0.19,78595
2903,-0.10000000149011612,0,False,0.19,78623
2904,-0.10000000149011612,0,False,0.19,78651
2905,0.8999999985098839,1,True,0.2,78679
2906,-0.10000000149011612,0,False,0.2,78706
2907,-0.10000000149011612,0,False,0.19,78734
2908,-0.10000000149011612,0,False,0.19,78762
2909,-0.10000000149011612,0,False,0.19,78790
2910,-0.10000000149011612,0,False,0.19,78818
2911,-0.10000000149011612,0,False,0.19,78846
2912,-0.10000000149011612,0,False,0.19,78868
2913,-0.10000000149011612,0,False,0.19,78896
2914,-0.10000000149011612,0,False,0.19,78924
2915,-0.10000000149011612,0,False,0.18,78952
2916,-0.10000000149011612,0,False,0.17,78975
2917,-0.10000000149011612,0,False,0.17,79003
2918,-0.10000000149011612,0,False,0.16,79026
2919,0.8999999985098839,1,True,0.17,79054
2920,-0.10000000149011612,0,False,0.17,79082
2921,0.8999999985098839,1,True,0.18,79110
2922,-0.10000000149011612,0,False,0.17,79138
2923,-0.10000000149011612,0,False,0.17,79166
2924,0.8999999985098839,1,True,0.18,79194
2925,-0.10000000149011612,0,False,0.17,79216
2926,-0.10000000149011612,0,False,0.17,79240
2927,-0.10000000149011612,0,False,0.17,79268
2928,-0.10000000149011612,0,False,0.17,79296
2929,-0.10000000149011612,0,False,0.17,79324
2930,-0.10000000149011612,0,False,0.17,79352
2931,-0.10000000149011612,0,False,0.17,79378
2932,0.8999999985098839,1,True,0.18,79406
2933,-0.10000000149011612,0,False,0.18,79434
2934,-0.10000000149011612,0,False,0.18,79458
2935,-0.10000000149011612,0,False,0.17,79486
2936,-0.10000000149011612,0,False,0.17,79509
2937,-0.10000000149011612,0,False,0.17,79537
2938,-0.10000000149011612,0,False,0.17,79565
2939,-0.10000000149011612,0,False,0.17,79593
2940,-0.10000000149011612,0,False,0.17,79621
2941,-0.10000000149011612,0,False,0.16,79649
2942,-0.10000000149011612,0,False,0.16,79677
2943,-0.10000000149011612,0,False,0.16,79705
2944,0.8999999985098839,1,True,0.17,79733
2945,-0.10000000149011612,0,False,0.17,79761
2946,-0.10000000149011612,0,False,0.16,79789
2947,0.8999999985098839,1,True,0.16,79817
2948,-0.10000000149011612,0,False,0.16,79845
2949,0.8999999985098839,1,True,0.17,79873
2950,-0.10000000149011612,0,False,0.17,79897
2951,-0.10000000149011612,0,False,0.17,79919
2952,-0.10000000149011612,0,False,0.17,79947
2953,0.8999999985098839,1,True,0.17,79975
2954,-0.10000000149011612,0,False,0.17,80003
2955,-0.10000000149011612,0,False,0.17,80031
2956,-0.10000000149011612,0,False,0.17,80059
2957,-0.10000000149011612,0,False,0.17,80081
2958,-0.10000000149011612,0,False,0.17,80109
2959,0.8999999985098839,1,True,0.18,80137
2960,-0.10000000149011612,0,False,0.18,80165
2961,-0.10000000149011612,0,False,0.18,80193
2962,0.8999999985098839,1,True,0.19,80221
2963,-0.10000000149011612,0,False,0.19,80249
2964,-0.10000000149011612,0,False,0.19,80277
2965,0.8999999985098839,1,True,0.19,80305
2966,-0.10000000149011612,0,False,0.19,80329
2967,-0.10000000149011612,0,False,0.19,80357
2968,-0.10000000149011612,0,False,0.19,80383
2969,-0.10000000149011612,0,False,0.19,80411
2970,-0.10000000149011612,0,False,0.19,80433
2971,-0.10000000149011612,0,False,0.19,80461
2972,-0.10000000149011612,0,False,0.18,80489
2973,-0.10000000149011612,0,False,0.17,80517
2974,-0.10000000149011612,0,False,0.17,80545
2975,-0.10000000149011612,0,False,0.17,80567
2976,-0.10000000149011612,0,False,0.17,80589
2977,-0.10000000149011612,0,False,0.17,80613
2978,0.8999999985098839,1,True,0.17,80641
2979,-0.10000000149011612,0,False,0.17,80669
2980,-0.10000000149011612,0,False,0.17,80697
2981,-0.10000000149011612,0,False,0.17,80725
2982,-0.10000000149011612,0,False,0.17,80753
2983,-0.10000000149011612,0,False,0.17,80775
2984,-0.10000000149011612,0,False,0.17,80803
2985,0.8999999985098839,1,True,0.18,80831
2986,0.8999999985098839,1,True,0.18,80859
2987,-0.10000000149011612,0,False,0.17,80887
2988,0.8999999985098839,1,True,0.18,80915
2989,-0.10000000149011612,0,False,0.18,80943
2990,-0.10000000149011612,0,False,0.17,80969
2991,0.8999999985098839,1,True,0.18,80997
2992,-0.10000000149011612,0,False,0.18,81025
2993,-0.10000000149011612,0,False,0.18,81053
2994,-0.10000000149011612,0,False,0.18,81081
2995,-0.10000000149011612,0,False,0.18,81109
2996,-0.10000000149011612,0,False,0.18,81131
2997,0.8999999985098839,1,True,0.19,81159
2998,-0.10000000149011612,0,False,0.19,81187
2999,-0.10000000149011612,0,False,0.19,81214
3000,-0.10000000149011612,0,False,0.19,81242
3001,-0.10000000149011612,0,False,0.19,81270
3002,-0.10000000149011612,0,False,0.18,81292
3003,-0.10000000149011612,0,False,0.18,81320
3004,-0.10000000149011612,0,False,0.18,81348
3005,0.8999999985098839,1,True,0.18,81376
3006,-0.10000000149011612,0,False,0.18,81404
3007,-0.10000000149011612,0,False,0.18,81432
3008,1.8999999985098839,2,True,0.19,81458
3009,-0.10000000149011612,0,False,0.19,81486
3010,-0.10000000149011612,0,False,0.19,81514
3011,-0.10000000149011612,0,False,0.19,81542
3012,-0.10000000149011612,0,False,0.19,81570
3013,-0.10000000149011612,0,False,0.19,81598
3014,-0.10000000149011612,0,False,0.19,81626
3015,-0.10000000149011612,0,False,0.19,81654
3016,-0.10000000149011612,0,False,0.19,81680
3017,-0.10000000149011612,0,False,0.19,81708
3018,0.8999999985098839,1,True,0.2,81736
3019,-0.10000000149011612,0,False,0.19,81764
3020,-0.10000000149011612,0,False,0.19,81792
3021,0.8999999985098839,1,True,0.19,81819
3022,-0.10000000149011612,0,False,0.19,81847
3023,-0.10000000149011612,0,False,0.19,81875
3024,0.8999999985098839,1,True,0.19,81903
3025,-0.10000000149011612,0,False,0.19,81931
3026,-0.10000000149011612,0,False,0.19,81959
3027,-0.10000000149011612,0,False,0.19,81987
3028,-0.10000000149011612,0,False,0.19,82015
3029,-0.10000000149011612,0,False,0.19,82037
3030,-0.10000000149011612,0,False,0.19,82061
3031,-0.10000000149011612,0,False,0.19,82089
3032,-0.10000000149011612,0,False,0.18,82117
3033,-0.10000000149011612,0,False,0.18,82139
3034,-0.10000000149011612,0,False,0.18,82167
3035,-0.10000000149011612,0,False,0.18,82195
3036,-0.10000000149011612,0,False,0.18,82223
3037,0.8999999985098839,1,True,0.19,82251
3038,0.8999999985098839,1,True,0.2,82279
3039,0.8999999985098839,1,True,0.21,82307
3040,0.8999999985098839,1,True,0.22,82335
3041,-0.10000000149011612,0,False,0.22,82363
3042,-0.10000000149011612,0,False,0.22,82391
3043,0.8999999985098839,1,True,0.23,82419
3044,-0.10000000149011612,0,False,0.22,82447
3045,-0.10000000149011612,0,False,0.22,82475
3046,0.8999999985098839,1,True,0.23,82498
3047,1.8999999985098839,2,True,0.23,82521
3048,-0.10000000149011612,0,False,0.23,82549
3049,-0.10000000149011612,0,False,0.22,82577
3050,-0.10000000149011612,0,False,0.22,82605
3051,0.8999999985098839,1,True,0.23,82630
3052,-0.10000000149011612,0,False,0.23,82658
3053,-0.10000000149011612,0,False,0.22,82686
3054,-0.10000000149011612,0,False,0.22,82714
3055,-0.10000000149011612,0,False,0.22,82737
3056,-0.10000000149011612,0,False,0.22,82765
3057,-0.10000000149011612,0,False,0.22,82793
3058,-0.10000000149011612,0,False,0.22,82821
3059,-0.10000000149011612,0,False,0.21,82849
3060,-0.10000000149011612,0,False,0.21,82877
3061,-0.10000000149011612,0,False,0.21,82905
3062,-0.10000000149011612,0,False,0.2,82933
3063,-0.10000000149011612,0,False,0.2,82961
3064,-0.10000000149011612,0,False,0.2,82989
3065,0.8999999985098839,1,True,0.2,83017
3066,1.8999999985098839,2,True,0.21,83045
3067,-0.10000000149011612,0,False,0.21,83073
3068,-0.10000000149011612,0,False,0.21,83101
3069,-0.10000000149011612,0,False,0.21,83123
3070,-0.10000000149011612,0,False,0.21,83151
3071,-0.10000000149011612,0,False,0.21,83179
3072,-0.10000000149011612,0,False,0.21,83204
3073,-0.10000000149011612,0,False,0.21,83232
3074,-0.10000000149011612,0,False,0.21,83260
3075,0.8999999985098839,1,True,0.22,83288
3076,-0.10000000149011612,0,False,0.22,83316
3077,-0.10000000149011612,0,False,0.22,83344
3078,-0.10000000149011612,0,False,0.21,83372
3079,-0.10000000149011612,0,False,0.21,83400
3080,-0.10000000149011612,0,False,0.21,83425
3081,-0.10000000149011612,0,False,0.21,83448
3082,-0.10000000149011612,0,False,0.21,83476
3083,-0.10000000149011612,0,False,0.21,83498
3084,-0.10000000149011612,0,False,0.21,83526
3085,-0.10000000149011612,0,False,0.2,83554
3086,-0.10000000149011612,0,False,0.19,83582
3087,0.8999999985098839,1,True,0.2,83610
3088,0.8999999985098839,1,True,0.2,83633
3089,-0.10000000149011612,0,False,0.2,83661
3090,0.8999999985098839,1,True,0.21,83689
3091,-0.10000000149011612,0,False,0.2,83717
3092,-0.10000000149011612,0,False,0.2,83745
3093,-0.10000000149011612,0,False,0.2,83773
3094,-0.10000000149011612,0,False,0.2,83796
3095,-0.10000000149011612,0,False,0.2,83824
3096,-0.10000000149011612,0,False,0.2,83852
3097,-0.10000000149011612,0,False,0.19,83880
3098,-0.10000000149011612,0,False,0.19,83908
3099,0.8999999985098839,1,True,0.2,83936
3100,0.8999999985098839,1,True,0.21,83959
3101,-0.10000000149011612,0,False,0.21,83987
3102,-0.10000000149011612,0,False,0.21,84015
3103,-0.10000000149011612,0,False,0.21,84043
3104,-0.10000000149011612,0,False,0.21,84071
3105,-0.10000000149011612,0,False,0.2,84099
3106,-0.10000000149011612,0,False,0.2,84125
3107,-0.10000000149011612,0,False,0.2,84153
3108,-0.10000000149011612,0,False,0.19,84181
3109,-0.10000000149011612,0,False,0.19,84205
3110,-0.10000000149011612,0,False,0.19,84233
3111,-0.10000000149011612,0,False,0.19,84261
3112,-0.10000000149011612,0,False,0.19,84289
3113,-0.10000000149011612,0,False,0.19,84317
3114,-0.10000000149011612,0,False,0.19,84341
3115,-0.10000000149011612,0,False,0.19,84369
3116,-0.10000000149011612,0,False,0.19,84397
3117,-0.10000000149011612,0,False,0.19,84425
3118,-0.10000000149011612,0,False,0.18,84453
3119,-0.10000000149011612,0,False,0.18,84481
3120,-0.10000000149011612,0,False,0.18,84509
3121,0.8999999985098839,1,True,0.18,84537
3122,-0.10000000149011612,0,False,0.18,84560
3123,-0.10000000149011612,0,False,0.18,84588
3124,-0.10000000149011612,0,False,0.17,84616
3125,-0.10000000149011612,0,False,0.17,84644
3126,-0.10000000149011612,0,False,0.17,84672
3127,0.8999999985098839,1,True,0.18,84700
3128,-0.10000000149011612,0,False,0.18,84728
3129,0.8999999985098839,1,True,0.19,84756
3130,-0.10000000149011612,0,False,0.19,84784
3131,-0.10000000149011612,0,False,0.19,84812
3132,-0.10000000149011612,0,False,0.19,84836
3133,0.8999999985098839,1,True,0.2,84858
3134,-0.10000000149011612,0,False,0.2,84886
3135,-0.10000000149011612,0,False,0.2,84914
3136,-0.10000000149011612,0,False,0.2,84942
3137,-0.10000000149011612,0,False,0.19,84970
3138,-0.10000000149011612,0,False,0.18,84998
3139,-0.10000000149011612,0,False,0.17,85025
3140,-0.10000000149011612,0,False,0.16,85053
3141,-0.10000000149011612,0,False,0.16,85081
3142,-0.10000000149011612,0,False,0.16,85109
3143,-0.10000000149011612,0,False,0.15,85137
3144,0.8999999985098839,1,True,0.16,85165
3145,0.8999999985098839,1,True,0.17,85193
3146,-0.10000000149011612,0,False,0.16,85221
3147,-0.10000000149011612,0,False,0.15,85249
3148,-0.10000000149011612,0,False,0.15,85277
3149,0.8999999985098839,1,True,0.16,85305
3150,-0.10000000149011612,0,False,0.16,85333
3151,-0.10000000149011612,0,False,0.15,85361
3152,0.8999999985098839,1,True,0.16,85389
3153,-0.10000000149011612,0,False,0.16,85417
3154,-0.10000000149011612,0,False,0.16,85445
3155,-0.10000000149011612,0,False,0.16,85473
3156,0.8999999985098839,1,True,0.17,85497
3157,0.8999999985098839,1,True,0.18,85525
3158,-0.10000000149011612,0,False,0.18,85553
3159,-0.10000000149011612,0,False,0.18,85581
3160,0.8999999985098839,1,True,0.19,85606
3161,-0.10000000149011612,0,False,0.19,85634
3162,1.8999999985098839,2,True,0.2,85662
3163,-0.10000000149011612,0,False,0.2,85690
3164,-0.10000000149011612,0,False,0.2,85718
3165,-0.10000000149011612,0,False,0.19,85746
3166,2.899999998509884,3,True,0.19,85774
3167,-0.10000000149011612,0,False,0.19,85802
3168,-0.10000000149011612,0,False,0.19,85825
3169,-0.10000000149011612,0,False,0.19,85853
3170,-0.10000000149011612,0,False,0.19,85881
3171,1.8999999985098839,2,True,0.2,85909
3172,-0.10000000149011612,0,False,0.2,85937
3173,-0.10000000149011612,0,False,0.2,85965
3174,-0.10000000149011612,0,False,0.2,85993
3175,-0.10000000149011612,0,False,0.19,86015
3176,0.8999999985098839,1,True,0.2,86043
3177,-0.10000000149011612,0,False,0.2,86067
3178,-0.10000000149011612,0,False,0.2,86095
3179,-0.10000000149011612,0,False,0.2,86123
3180,-0.10000000149011612,0,False,0.2,86151
3181,0.8999999985098839,1,True,0.21,86179
3182,-0.10000000149011612,0,False,0.21,86207
3183,0.8999999985098839,1,True,0.22,86235
3184,-0.10000000149011612,0,False,0.22,86263
3185,-0.10000000149011612,0,False,0.22,86291
3186,-0.10000000149011612,0,False,0.22,86319
3187,-0.10000000149011612,0,False,0.21,86347
3188,-0.10000000149011612,0,False,0.2,86375
3189,-0.10000000149011612,0,False,0.2,86403
3190,-0.10000000149011612,0,False,0.19,86425
3191,0.8999999985098839,1,True,0.2,86453
3192,-0.10000000149011612,0,False,0.2,86481
3193,-0.10000000149011612,0,False,0.2,86509
3194,-0.10000000149011612,0,False,0.2,86537
3195,1.8999999985098839,2,True,0.21,86565
3196,-0.10000000149011612,0,False,0.21,86593
3197,-0.10000000149011612,0,False,0.21,86617
3198,-0.10000000149011612,0,False,0.21,86645
3199,-0.10000000149011612,0,False,0.2,86673
3200,-0.10000000149011612,0,False,0.19,86695
3201,-0.10000000149011612,0,False,0.19,86723
3202,-0.10000000149011612,0,False,0.19,86751
3203,1.8999999985098839,2,True,0.2,86773
3204,-0.10000000149011612,0,False,0.2,86801
3205,0.8999999985098839,1,True,0.21,86829
3206,-0.10000000149011612,0,False,0.21,86857
3207,-0.10000000149011612,0,False,0.21,86880
3208,-0.10000000149011612,0,False,0.21,86908
3209,-0.10000000149011612,0,False,0.21,86930
3210,0.8999999985098839,1,True,0.22,86958
3211,-0.10000000149011612,0,False,0.22,86986
3212,-0.10000000149011612,0,False,0.22,87014
3213,-0.10000000149011612,0,False,0.22,87039
3214,-0.10000000149011612,0,False,0.22,87067
3215,-0.10000000149011612,0,False,0.22,87095
3216,-0.10000000149011612,0,False,0.22,87118
3217,-0.10000000149011612,0,False,0.22,87146
3218,-0.10000000149011612,0,False,0.22,87170
3219,-0.10000000149011612,0,False,0.22,87198
3220,-0.10000000149011612,0,False,0.22,87226
3221,-0.10000000149011612,0,False,0.21,87254
3222,0.8999999985098839,1,True,0.22,87277
3223,-0.10000000149011612,0,False,0.22,87305
3224,-0.10000000149011612,0,False,0.22,87333
3225,-0.10000000149011612,0,False,0.22,87361
3226,-0.10000000149011612,0,False,0.22,87384
3227,-0.10000000149011612,0,False,0.21,87408
3228,0.8999999985098839,1,True,0.22,87436
3229,-0.10000000149011612,0,False,0.21,87459
3230,-0.10000000149011612,0,False,0.21,87487
3231,-0.10000000149011612,0,False,0.21,87515
3232,-0.10000000149011612,0,False,0.21,87541
3233,-0.10000000149011612,0,False,0.2,87569
3234,-0.10000000149011612,0,False,0.2,87597
3235,-0.10000000149011612,0,False,0.2,87619
3236,-0.10000000149011612,0,False,0.2,87647
3237,-0.10000000149011612,0,False,0.2,87672
3238,-0.10000000149011612,0,False,0.2,87700
3239,-0.10000000149011612,0,False,0.2,87726
3240,-0.10000000149011612,0,False,0.2,87754
3241,-0.10000000149011612,0,False,0.2,87782
3242,-0.10000000149011612,0,False,0.2,87810
3243,-0.10000000149011612,0,False,0.2,87838
3244,0.8999999985098839,1,True,0.2,87862
3245,0.8999999985098839,1,True,0.2,87890
3246,-0.10000000149011612,0,False,0.2,87918
3247,-0.10000000149011612,0,False,0.2,87940
3248,-0.10000000149011612,0,False,0.2,87962
3249,-0.10000000149011612,0,False,0.19,87990
3250,-0.10000000149011612,0,False,0.19,88018
3251,-0.10000000149011612,0,False,0.19,88040
3252,0.8999999985098839,1,True,0.19,88068
3253,-0.10000000149011612,0,False,0.19,88096
3254,0.8999999985098839,1,True,0.2,88124
3255,-0.10000000149011612,0,False,0.2,88152
3256,-0.10000000149011612,0,False,0.19,88180
3257,-0.10000000149011612,0,False,0.18,88203
3258,-0.10000000149011612,0,False,0.18,88231
3259,0.8999999985098839,1,True,0.19,88259
3260,0.8999999985098839,1,True,0.19,88287
3261,-0.10000000149011612,0,False,0.19,88315
3262,0.8999999985098839,1,True,0.19,88343
3263,-0.10000000149011612,0,False,0.19,88371
3264,-0.10000000149011612,0,False,0.19,88399
3265,-0.10000000149011612,0,False,0.19,88427
3266,-0.10000000149011612,0,False,0.18,88455
3267,-0.10000000149011612,0,False,0.18,88483
3268,-0.10000000149011612,0,False,0.18,88511
3269,0.8999999985098839,1,True,0.19,88536
3270,-0.10000000149011612,0,False,0.19,88564
3271,-0.10000000149011612,0,False,0.18,88592
3272,-0.10000000149011612,0,False,0.18,88614
3273,-0.10000000149011612,0,False,0.18,88642
3274,-0.10000000149011612,0,False,0.18,88670
3275,-0.10000000149011612,0,False,0.18,88698
3276,-0.10000000149011612,0,False,0.17,88726
3277,-0.10000000149011612,0,False,0.17,88754
3278,0.8999999985098839,1,True,0.18,88782
3279,-0.10000000149011612,0,False,0.18,88810
3280,0.8999999985098839,1,True,0.19,88838
3281,-0.10000000149011612,0,False,0.18,88866
3282,-0.10000000149011612,0,False,0.18,88894
3283,-0.10000000149011612,0,False,0.17,88918
3284,-0.10000000149011612,0,False,0.17,88946
3285,-0.10000000149011612,0,False,0.17,88974
3286,-0.10000000149011612,0,False,0.17,89002
3287,-0.10000000149011612,0,False,0.17,89030
3288,-0.10000000149011612,0,False,0.17,89058
3289,0.8999999985098839,1,True,0.18,89080
3290,0.8999999985098839,1,True,0.19,89108
3291,1.8999999985098839,2,True,0.19,89136
3292,-0.10000000149011612,0,False,0.19,89164
3293,-0.10000000149011612,0,False,0.19,89192
3294,-0.10000000149011612,0,False,0.19,89220
3295,-0.10000000149011612,0,False,0.18,89248
3296,-0.10000000149011612,0,False,0.18,89276
3297,-0.10000000149011612,0,False,0.18,89303
3298,-0.10000000149011612,0,False,0.18,89331
3299,-0.10000000149011612,0,False,0.18,89359
3300,-0.10000000149011612,0,False,0.18,89387
3301,-0.10000000149011612,0,False,0.18,89415
3302,-0.10000000149011612,0,False,0.18,89443
3303,0.8999999985098839,1,True,0.18,89466
3304,1.8999999985098839,2,True,0.19,89494
3305,-0.10000000149011612,0,False,0.18,89521
3306,-0.10000000149011612,0,False,0.18,89549
3307,-0.10000000149011612,0,False,0.18,89571
3308,-0.10000000149011612,0,False,0.18,89599
3309,-0.10000000149011612,0,False,0.18,89627
3310,-0.10000000149011612,0,False,0.17,89655
3311,-0.10000000149011612,0,False,0.17,89683
3312,-0.10000000149011612,0,False,0.17,89711
3313,-0.10000000149011612,0,False,0.17,89739
3314,-0.10000000149011612,0,False,0.17,89767
3315,-0.10000000149011612,0,False,0.17,89795
3316,-0.10000000149011612,0,False,0.17,89823
3317,-0.10000000149011612,0,False,0.17,89849
3318,-0.10000000149011612,0,False,0.17,89877
3319,-0.10000000149011612,0,False,0.17,89905
3320,-0.10000000149011612,0,False,0.17,89933
3321,-0.10000000149011612,0,False,0.17,89955
3322,0.8999999985098839,1,True,0.17,89983
3323,-0.10000000149011612,0,False,0.17,90011
3324,0.8999999985098839,1,True,0.18,90035
3325,1.8999999985098839,2,True,0.19,90063
3326,-0.10000000149011612,0,False,0.19,90091
3327,0.8999999985098839,1,True,0.2,90113
3328,-0.10000000149011612,0,False,0.19,90137
3329,-0.10000000149011612,0,False,0.19,90165
3330,-0.10000000149011612,0,False,0.19,90193
3331,-0.10000000149011612,0,False,0.19,90221
3332,-0.10000000149011612,0,False,0.19,90244
3333,2.899999998509884,3,True,0.2,90272
3334,-0.10000000149011612,0,False,0.2,90300
3335,-0.10000000149011612,0,False,0.2,90328
3336,0.8999999985098839,1,True,0.21,90356
3337,-0.10000000149011612,0,False,0.21,90384
3338,-0.10000000149011612,0,False,0.21,90412
3339,-0.10000000149011612,0,False,0.21,90440
3340,-0.10000000149011612,0,False,0.21,90468
3341,1.8999999985098839,2,True,0.22,90496
3342,-0.10000000149011612,0,False,0.22,90522
3343,-0.10000000149011612,0,False,0.22,90550
3344,-0.10000000149011612,0,False,0.21,90578
3345,0.8999999985098839,1,True,0.21,90606
3346,0.8999999985098839,1,True,0.22,90634
3347,-0.10000000149011612,0,False,0.22,90662
3348,-0.10000000149011612,0,False,0.22,90690
3349,-0.10000000149011612,0,False,0.22,90718
3350,-0.10000000149011612,0,False,0.22,90746
3351,-0.10000000149011612,0,False,0.22,90774
3352,-0.10000000149011612,0,False,0.21,90801
3353,0.8999999985098839,1,True,0.22,90829
3354,-0.10000000149011612,0,False,0.21,90857
3355,-0.10000000149011612,0,False,0.21,90885
3356,0.8999999985098839,1,True,0.22,90910
3357,-0.10000000149011612,0,False,0.22,90938
3358,-0.10000000149011612,0,False,0.22,90961
3359,-0.10000000149011612,0,False,0.21,90989
3360,-0.10000000149011612,0,False,0.2,91013
3361,-0.10000000149011612,0,False,0.2,91035
3362,-0.10000000149011612,0,False,0.19,91057
3363,-0.10000000149011612,0,False,0.19,91085
3364,-0.10000000149011612,0,False,0.19,91113
3365,-0.10000000149011612,0,False,0.19,91141
3366,0.8999999985098839,1,True,0.2,91166
3367,-0.10000000149011612,0,False,0.2,91194
3368,-0.10000000149011612,0,False,0.2,91222
3369,-0.10000000149011612,0,False,0.19,91250
3370,-0.10000000149011612,0,False,0.19,91278
3371,-0.10000000149011612,0,False,0.19,91302
3372,-0.10000000149011612,0,False,0.19,91330
3373,0.8999999985098839,1,True,0.2,91353
3374,-0.10000000149011612,0,False,0.2,91381
3375,-0.10000000149011612,0,False,0.2,91409
3376,-0.10000000149011612,0,False,0.2,91437
3377,0.8999999985098839,1,True,0.21,91465
3378,-0.10000000149011612,0,False,0.2,91493
3379,0.8999999985098839,1,True,0.21,91516
3380,-0.10000000149011612,0,False,0.2,91544
3381,-0.10000000149011612,0,False,0.2,91572
3382,-0.10000000149011612,0,False,0.2,91600
3383,-0.10000000149011612,0,False,0.2,91628
3384,-0.10000000149011612,0,False,0.2,91656
3385,-0.10000000149011612,0,False,0.2,91684
3386,-0.10000000149011612,0,False,0.2,91706
3387,-0.10000000149011612,0,False,0.2,91734
3388,0.8999999985098839,1,True,0.21,91762
3389,-0.10000000149011612,0,False,0.2,91790
3390,-0.10000000149011612,0,False,0.19,91818
3391,-0.10000000149011612,0,False,0.18,91845
3392,-0.10000000149011612,0,False,0.18,91869
3393,-0.10000000149011612,0,False,0.18,91891
3394,-0.10000000149011612,0,False,0.18,91919
3395,0.8999999985098839,1,True,0.19,91947
3396,0.8999999985098839,1,True,0.2,91975
3397,-0.10000000149011612,0,False,0.2,92003
3398,-0.10000000149011612,0,False,0.2,92031
3399,-0.10000000149011612,0,False,0.2,92059
3400,0.8999999985098839,1,True,0.21,92087
3401,-0.10000000149011612,0,False,0.21,92115
3402,-0.10000000149011612,0,False,0.21,92139
3403,0.8999999985098839,1,True,0.21,92167
3404,-0.10000000149011612,0,False,0.2,92195
3405,-0.10000000149011612,0,False,0.2,92223
3406,-0.10000000149011612,0,False,0.2,92251
3407,-0.10000000149011612,0,False,0.2,92279
3408,-0.10000000149011612,0,False,0.2,92302
3409,-0.10000000149011612,0,False,0.2,92330
3410,-0.10000000149011612,0,False,0.2,92354
3411,-0.10000000149011612,0,False,0.2,92382
3412,0.8999999985098839,1,True,0.21,92404
3413,-0.10000000149011612,0,False,0.21,92426
3414,-0.10000000149011612,0,False,0.21,92451
3415,-0.10000000149011612,0,False,0.21,92479
3416,-0.10000000149011612,0,False,0.21,92507
3417,-0.10000000149011612,0,False,0.21,92535
3418,-0.10000000149011612,0,False,0.21,92563
3419,-0.10000000149011612,0,False,0.21,92591
3420,-0.10000000149011612,0,False,0.21,92619
3421,-0.10000000149011612,0,False,0.21,92647
3422,-0.10000000149011612,0,False,0.2,92674
3423,-0.10000000149011612,0,False,0.2,92700
3424,0.8999999985098839,1,True,0.2,92728
3425,-0.10000000149011612,0,False,0.19,92756
3426,-0.10000000149011612,0,False,0.19,92784
3427,-0.10000000149011612,0,False,0.18,92812
3428,-0.10000000149011612,0,False,0.18,92840
3429,-0.10000000149011612,0,False,0.18,92864
3430,-0.10000000149011612,0,False,0.18,92888
3431,-0.10000000149011612,0,False,0.18,92916
3432,-0.10000000149011612,0,False,0.18,92938
3433,0.8999999985098839,1,True,0.18,92966
3434,-0.10000000149011612,0,False,0.18,92994
3435,-0.10000000149011612,0,False,0.18,93022
3436,0.8999999985098839,1,True,0.18,93050
3437,-0.10000000149011612,0,False,0.18,93072
3438,0.8999999985098839,1,True,0.19,93096
3439,-0.10000000149011612,0,False,0.19,93124
3440,-0.10000000149011612,0,False,0.19,93152
3441,0.8999999985098839,1,True,0.19,93174
3442,-0.10000000149011612,0,False,0.19,93202
3443,-0.10000000149011612,0,False,0.19,93230
3444,-0.10000000149011612,0,False,0.19,93258
3445,-0.10000000149011612,0,False,0.18,93286
3446,-0.10000000149011612,0,False,0.17,93314
3447,-0.10000000149011612,0,False,0.17,93342
3448,-0.10000000149011612,0,False,0.17,93370
3449,0.8999999985098839,1,True,0.18,93398
3450,-0.10000000149011612,0,False,0.18,93426
3451,-0.10000000149011612,0,False,0.18,93454
3452,-0.10000000149011612,0,False,0.18,93482
3453,-0.10000000149011612,0,False,0.17,93510
3454,-0.10000000149011612,0,False,0.17,93534
3455,-0.10000000149011612,0,False,0.17,93556
3456,-0.10000000149011612,0,False,0.16,93584
3457,0.8999999985098839,1,True,0.17,93612
3458,-0.10000000149011612,0,False,0.17,93639
3459,-0.10000000149011612,0,False,0.17,93663
3460,-0.10000000149011612,0,False,0.17,93689
3461,-0.10000000149011612,0,False,0.17,93714
3462,-0.10000000149011612,0,False,0.17,93739
3463,-0.10000000149011612,0,False,0.17,93767
3464,-0.10000000149011612,0,False,0.17,93790
3465,-0.10000000149011612,0,False,0.17,93818
3466,-0.10000000149011612,0,False,0.16,93846
3467,0.8999999985098839,1,True,0.17,93874
3468,-0.10000000149011612,0,False,0.17,93902
3469,-0.10000000149011612,0,False,0.17,93930
3470,-0.10000000149011612,0,False,0.17,93958
3471,0.8999999985098839,1,True,0.18,93986
3472,-0.10000000149011612,0,False,0.18,94008
3473,-0.10000000149011612,0,False,0.17,94034
3474,-0.10000000149011612,0,False,0.17,94062
3475,-0.10000000149011612,0,False,0.17,94090
3476,-0.10000000149011612,0,False,0.17,94118
3477,-0.10000000149011612,0,False,0.16,94146
3478,-0.10000000149011612,0,False,0.16,94174
3479,-0.10000000149011612,0,False,0.15,94202
3480,0.8999999985098839,1,True,0.16,94230
3481,-0.10000000149011612,0,False,0.16,94252
3482,-0.10000000149011612,0,False,0.16,94280
3483,0.8999999985098839,1,True,0.17,94308
3484,-0.10000000149011612,0,False,0.17,94333
3485,-0.10000000149011612,0,False,0.17,94357
3486,-0.10000000149011612,0,False,0.17,94379
3487,-0.10000000149011612,0,False,0.17,94407
3488,-0.10000000149011612,0,False,0.16,94435
3489,0.8999999985098839,1,True,0.17,94460
3490,-0.10000000149011612,0,False,0.17,94488
3491,1.8999999985098839,2,True,0.18,94516
3492,0.8999999985098839,1,True,0.19,94544
3493,-0.10000000149011612,0,False,0.19,94572
3494,0.8999999985098839,1,True,0.2,94600
3495,-0.10000000149011612,0,False,0.19,94628
3496,-0.10000000149011612,0,False,0.18,94656
3497,-0.10000000149011612,0,False,0.18,94681
3498,-0.10000000149011612,0,False,0.18,94706
3499,-0.10000000149011612,0,False,0.18,94734
3500,-0.10000000149011612,0,False,0.17,94762
3501,-0.10000000149011612,0,False,0.17,94790
3502,-0.10000000149011612,0,False,0.17,94818
3503,-0.10000000149011612,0,False,0.16,94846
3504,0.8999999985098839,1,True,0.17,94874
3505,-0.10000000149011612,0,False,0.17,94902
3506,0.8999999985098839,1,True,0.18,94930
3507,0.8999999985098839,1,True,0.19,94958
3508,-0.10000000149011612,0,False,0.19,94986
3509,0.8999999985098839,1,True,0.2,95014
3510,0.8999999985098839,1,True,0.21,95037
3511,-0.10000000149011612,0,False,0.21,95065
3512,-0.10000000149011612,0,False,0.2,95093
3513,-0.10000000149011612,0,False,0.2,95121
3514,-0.10000000149011612,0,False,0.2,95149
3515,-0.10000000149011612,0,False,0.2,95177
3516,-0.10000000149011612,0,False,0.2,95205
3517,-0.10000000149011612,0,False,0.2,95233
3518,-0.10000000149011612,0,False,0.2,95261
3519,-0.10000000149011612,0,False,0.2,95289
3520,-0.10000000149011612,0,False,0.2,95317
3521,-0.10000000149011612,0,False,0.2,95345
3522,0.8999999985098839,1,True,0.21,95372
3523,-0.10000000149011612,0,False,0.21,95400
3524,-0.10000000149011612,0,False,0.2,95428
3525,0.8999999985098839,1,True,0.21,95456
3526,-0.10000000149011612,0,False,0.21,95484
3527,-0.10000000149011612,0,False,0.21,95512
3528,0.8999999985098839,1,True,0.22,95540
3529,-0.10000000149011612,0,False,0.22,95562
3530,-0.10000000149011612,0,False,0.22,95590
3531,-0.10000000149011612,0,False,0.22,95618
3532,-0.10000000149011612,0,False,0.22,95646
3533,-0.10000000149011612,0,False,0.21,95673
3534,-0.10000000149011612,0,False,0.21,95701
3535,-0.10000000149011612,0,False,0.21,95729
3536,-0.10000000149011612,0,False,0.2,95757
3537,-0.10000000149011612,0,False,0.2,95785
3538,-0.10000000149011612,0,False,0.19,95807
3539,0.8999999985098839,1,True,0.2,95835
3540,-0.10000000149011612,0,False,0.2,95863
3541,-0.10000000149011612,0,False,0.19,95891
3542,-0.10000000149011612,0,False,0.19,95914
3543,-0.10000000149011612,0,False,0.19,95942
3544,-0.10000000149011612,0,False,0.19,95970
3545,0.8999999985098839,1,True,0.2,95998
3546,-0.10000000149011612,0,False,0.2,96026
3547,0.8999999985098839,1,True,0.21,96054
3548,1.8999999985098839,2,True,0.22,96082
3549,-0.10000000149011612,0,False,0.21,96110
3550,-0.10000000149011612,0,False,0.21,96138
3551,-0.10000000149011612,0,False,0.21,96166
3552,-0.10000000149011612,0,False,0.21,96189
3553,0.8999999985098839,1,True,0.22,96217
3554,-0.10000000149011612,0,False,0.22,96245
3555,1.8999999985098839,2,True,0.23,96273
3556,-0.10000000149011612,0,False,0.23,96301
3557,-0.10000000149011612,0,False,0.22,96325
3558,-0.10000000149011612,0,False,0.22,96353
3559,-0.10000000149011612,0,False,0.22,96381
3560,-0.10000000149011612,0,False,0.22,96405
3561,-0.10000000149011612,0,False,0.22,96433
3562,-0.10000000149011612,0,False,0.22,96461
3563,-0.10000000149011612,0,False,0.22,96489
3564,0.8999999985098839,1,True,0.23,96514
3565,-0.10000000149011612,0,False,0.23,96542
3566,-0.10000000149011612,0,False,0.23,96570
3567,-0.10000000149011612,0,False,0.22,96598
3568,0.8999999985098839,1,True,0.23,96626
3569,0.8999999985098839,1,True,0.24,96654
3570,-0.10000000149011612,0,False,0.24,96682
3571,-0.10000000149011612,0,False,0.23,96710
3572,-0.10000000149011612,0,False,0.23,96738
3573,-0.10000000149011612,0,False,0.23,96766
3574,-0.10000000149011612,0,False,0.23,96794
3575,-0.10000000149011612,0,False,0.23,96822
3576,-0.10000000149011612,0,False,0.23,96850
3577,2.899999998509884,3,True,0.24,96878
3578,0.8999999985098839,1,True,0.25,96906
3579,-0.10000000149011612,0,False,0.25,96934
3580,-0.10000000149011612,0,False,0.24,96962
3581,-0.10000000149011612,0,False,0.24,96990
3582,-0.10000000149011612,0,False,0.24,97018
3583,-0.10000000149011612,0,False,0.23,97046
3584,-0.10000000149011612,0,False,0.23,97068
3585,-0.10000000149011612,0,False,0.23,97096
3586,-0.10000000149011612,0,False,0.23,97124
3587,-0.10000000149011612,0,False,0.23,97148
3588,1.8999999985098839,2,True,0.24,97176
3589,-0.10000000149011612,0,False,0.23,97204
3590,-0.10000000149011612,0,False,0.23,97232
3591,-0.10000000149011612,0,False,0.22,97260
3592,-0.10000000149011612,0,False,0.21,97288
3593,-0.10000000149011612,0,False,0.21,97316
3594,-0.10000000149011612,0,False,0.2,97344
3595,-0.10000000149011612,0,False,0.2,97372
3596,-0.10000000149011612,0,False,0.2,97400
3597,-0.10000000149011612,0,False,0.2,97428
3598,-0.10000000149011612,0,False,0.2,97452
3599,-0.10000000149011612,0,False,0.2,97480
3600,0.8999999985098839,1,True,0.21,97508
3601,0.8999999985098839,1,True,0.22,97536
3602,-0.10000000149011612,0,False,0.22,97562
3603,0.8999999985098839,1,True,0.23,97590
3604,-0.10000000149011612,0,False,0.22,97618
3605,-0.10000000149011612,0,False,0.22,97642
3606,-0.10000000149011612,0,False,0.21,97670
3607,0.8999999985098839,1,True,0.21,97698
3608,-0.10000000149011612,0,False,0.21,97721
3609,-0.10000000149011612,0,False,0.2,97749
3610,-0.10000000149011612,0,False,0.19,97775
3611,0.8999999985098839,1,True,0.2,97803
3612,-0.10000000149011612,0,False,0.2,97831
3613,0.8999999985098839,1,True,0.21,97859
3614,-0.10000000149011612,0,False,0.21,97887
3615,-0.10000000149011612,0,False,0.21,97912
3616,-0.10000000149011612,0,False,0.21,97937
3617,-0.10000000149011612,0,False,0.21,97965
3618,-0.10000000149011612,0,False,0.21,97993
3619,-0.10000000149011612,0,False,0.21,98021
3620,-0.10000000149011612,0,False,0.21,98049
3621,-0.10000000149011612,0,False,0.21,98077
3622,3.899999998509884,4,True,0.21,98105
3623,-0.10000000149011612,0,False,0.21,98133
3624,-0.10000000149011612,0,False,0.21,98155
3625,-0.10000000149011612,0,False,0.2,98183
3626,-0.10000000149011612,0,False,0.2,98211
3627,-0.10000000149011612,0,False,0.2,98239
3628,-0.10000000149011612,0,False,0.19,98267
3629,-0.10000000149011612,0,False,0.19,98295
3630,-0.10000000149011612,0,False,0.19,98323
3631,0.8999999985098839,1,True,0.2,98351
3632,0.8999999985098839,1,True,0.21,98379
3633,-0.10000000149011612,0,False,0.21,98404
3634,0.8999999985098839,1,True,0.22,98432
3635,-0.10000000149011612,0,False,0.22,98460
3636,-0.10000000149011612,0,False,0.22,98488
3637,-0.10000000149011612,0,False,0.22,98516
3638,-0.10000000149011612,0,False,0.22,98544
3639,-0.10000000149011612,0,False,0.21,98572
3640,-0.10000000149011612,0,False,0.21,98600
3641,-0.10000000149011612,0,False,0.21,98628
3642,-0.10000000149011612,0,False,0.21,98656
3643,-0.10000000149011612,0,False,0.21,98684
3644,-0.10000000149011612,0,False,0.21,98712
3645,-0.10000000149011612,0,False,0.2,98734
3646,-0.10000000149011612,0,False,0.2,98762
3647,-0.10000000149011612,0,False,0.19,98790
3648,-0.10000000149011612,0,False,0.18,98815
3649,-0.10000000149011612,0,False,0.18,98843
3650,-0.10000000149011612,0,False,0.18,98871
3651,-0.10000000149011612,0,False,0.18,98899
3652,-0.10000000149011612,0,False,0.18,98927
3653,-0.10000000149011612,0,False,0.17,98955
3654,-0.10000000149011612,0,False,0.17,98983
3655,-0.10000000149011612,0,False,0.16,99011
3656,0.8999999985098839,1,True,0.17,99039
3657,0.8999999985098839,1,True,0.18,99067
3658,-0.10000000149011612,0,False,0.18,99089
3659,1.8999999985098839,2,True,0.19,99114
3660,-0.10000000149011612,0,False,0.19,99141
3661,1.8999999985098839,2,True,0.2,99166
3662,-0.10000000149011612,0,False,0.2,99194
3663,-0.10000000149011612,0,False,0.2,99222
3664,-0.10000000149011612,0,False,0.19,99250
3665,0.8999999985098839,1,True,0.2,99278
3666,-0.10000000149011612,0,False,0.2,99306
3667,-0.10000000149011612,0,False,0.2,99329
3668,2.899999998509884,3,True,0.2,99357
3669,-0.10000000149011612,0,False,0.19,99385
3670,-0.10000000149011612,0,False,0.19,99413
3671,-0.10000000149011612,0,False,0.19,99439
3672,-0.10000000149011612,0,False,0.19,99467
3673,0.8999999985098839,1,True,0.2,99495
3674,-0.10000000149011612,0,False,0.2,99517
3675,-0.10000000149011612,0,False,0.2,99545
3676,-0.10000000149011612,0,False,0.2,99573
3677,0.8999999985098839,1,True,0.2,99597
3678,0.8999999985098839,1,True,0.2,99625
3679,-0.10000000149011612,0,False,0.2,99653
3680,-0.10000000149011612,0,False,0.2,99681
3681,-0.10000000149011612,0,False,0.2,99709
3682,0.8999999985098839,1,True,0.21,99737
3683,-0.10000000149011612,0,False,0.21,99765
3684,-0.10000000149011612,0,False,0.21,99793
3685,-0.10000000149011612,0,False,0.21,99821
3686,-0.10000000149011612,0,False,0.21,99849
3687,0.8999999985098839,1,True,0.22,99877
3688,0.8999999985098839,1,True,0.22,99899
3689,-0.10000000149011612,0,False,0.22,99921
3690,-0.10000000149011612,0,False,0.22,99946
3691,-0.10000000149011612,0,False,0.22,99974
3692,-0.10000000149011612,0,False,0.22,99997
3693,-0.10000000149011612,0,False,0.22,100025
3694,0.8999999985098839,1,True,0.23,100053
3695,-0.10000000149011612,0,False,0.23,100081
3696,-0.10000000149011612,0,False,0.23,100109
3697,-0.10000000149011612,0,False,0.23,100137
3698,-0.10000000149011612,0,False,0.23,100165
3699,-0.10000000149011612,0,False,0.23,100193
3700,-0.10000000149011612,0,False,0.22,100221
3701,-0.10000000149011612,0,False,0.21,100249
3702,-0.10000000149011612,0,False,0.21,100271
3703,-0.10000000149011612,0,False,0.2,100299
3704,0.8999999985098839,1,True,0.21,100327
3705,-0.10000000149011612,0,False,0.21,100351
3706,-0.10000000149011612,0,False,0.21,100373
3707,-0.10000000149011612,0,False,0.2,100401
3708,-0.10000000149011612,0,False,0.2,100429
3709,-0.10000000149011612,0,False,0.2,100457
3710,0.8999999985098839,1,True,0.21,100485
3711,-0.10000000149011612,0,False,0.2,100513
3712,-0.10000000149011612,0,False,0.2,100535
3713,-0.10000000149011612,0,False,0.19,100563
3714,-0.10000000149011612,0,False,0.19,100591
3715,-0.10000000149011612,0,False,0.19,100615
3716,-0.10000000149011612,0,False,0.19,100643
3717,0.8999999985098839,1,True,0.2,100668
3718,-0.10000000149011612,0,False,0.2,100696
3719,-0.10000000149011612,0,False,0.2,100724
3720,-0.10000000149011612,0,False,0.2,100747
3721,0.8999999985098839,1,True,0.21,100775
3722,-0.10000000149011612,0,False,0.2,100803
3723,-0.10000000149011612,0,False,0.2,100831
3724,-0.10000000149011612,0,False,0.2,100859
3725,-0.10000000149011612,0,False,0.2,100887
3726,0.8999999985098839,1,True,0.21,100915
3727,-0.10000000149011612,0,False,0.21,100942
3728,-0.10000000149011612,0,False,0.21,100970
3729,0.8999999985098839,1,True,0.22,100998
3730,-0.10000000149011612,0,False,0.22,101026
3731,0.8999999985098839,1,True,0.22,101054
3732,-0.10000000149011612,0,False,0.21,101082
3733,-0.10000000149011612,0,False,0.21,101110
3734,-0.10000000149011612,0,False,0.2,101138
3735,-0.10000000149011612,0,False,0.2,101166
3736,-0.10000000149011612,0,False,0.2,101190
3737,-0.10000000149011612,0,False,0.2,101212
3738,-0.10000000149011612,0,False,0.2,101240
3739,-0.10000000149011612,0,False,0.2,101268
3740,-0.10000000149011612,0,False,0.2,101293
3741,-0.10000000149011612,0,False,0.2,101316
3742,-0.10000000149011612,0,False,0.2,101338
3743,-0.10000000149011612,0,False,0.2,101366
3744,-0.10000000149011612,0,False,0.2,101394
3745,-0.10000000149011612,0,False,0.2,101420
3746,-0.10000000149011612,0,False,0.2,101448
3747,-0.10000000149011612,0,False,0.2,101476
3748,-0.10000000149011612,0,False,0.2,101504
3749,-0.10000000149011612,0,False,0.2,101526
3750,0.8999999985098839,1,True,0.21,101548
3751,-0.10000000149011612,0,False,0.21,101576
3752,-0.10000000149011612,0,False,0.21,101604
3753,-0.10000000149011612,0,False,0.21,101632
3754,-0.10000000149011612,0,False,0.21,101660
3755,0.8999999985098839,1,True,0.22,101682
3756,-0.10000000149011612,0,False,0.21,101710
3757,-0.10000000149011612,0,False,0.2,101738
3758,-0.10000000149011612,0,False,0.2,101766
3759,-0.10000000149011612,0,False,0.19,101794
3760,0.8999999985098839,1,True,0.2,101822
3761,0.8999999985098839,1,True,0.2,101850
3762,-0.10000000149011612,0,False,0.2,101878
3763,-0.10000000149011612,0,False,0.2,101906
3764,-0.10000000149011612,0,False,0.2,101934
3765,-0.10000000149011612,0,False,0.19,101962
3766,-0.10000000149011612,0,False,0.19,101990
3767,-0.10000000149011612,0,False,0.19,102018
3768,-0.10000000149011612,0,False,0.18,102046
3769,-0.10000000149011612,0,False,0.18,102074
3770,0.8999999985098839,1,True,0.19,102102
3771,-0.10000000149011612,0,False,0.19,102130
3772,-0.10000000149011612,0,False,0.19,102158
3773,-0.10000000149011612,0,False,0.18,102180
3774,0.8999999985098839,1,True,0.19,102208
3775,-0.10000000149011612,0,False,0.19,102236
3776,-0.10000000149011612,0,False,0.19,102262
3777,0.8999999985098839,1,True,0.19,102290
3778,-0.10000000149011612,0,False,0.18,102318
3779,-0.10000000149011612,0,False,0.18,102346
3780,-0.10000000149011612,0,False,0.18,102374
3781,-0.10000000149011612,0,False,0.18,102400
3782,1.8999999985098839,2,True,0.18,102428
3783,-0.10000000149011612,0,False,0.18,102456
3784,-0.10000000149011612,0,False,0.18,102484
3785,0.8999999985098839,1,True,0.19,102512
3786,0.8999999985098839,1,True,0.2,102534
3787,-0.10000000149011612,0,False,0.19,102561
3788,-0.10000000149011612,0,False,0.18,102589
3789,-0.10000000149011612,0,False,0.18,102617
3790,-0.10000000149011612,0,False,0.18,102645
3791,-0.10000000149011612,0,False,0.18,102673
3792,-0.10000000149011612,0,False,0.18,102700
3793,-0.10000000149011612,0,False,0.18,102723
3794,-0.10000000149011612,0,False,0.17,102751
3795,0.8999999985098839,1,True,0.18,102778
3796,0.8999999985098839,1,True,0.19,102806
3797,0.8999999985098839,1,True,0.2,102834
3798,-0.10000000149011612,0,False,0.2,102862
3799,0.8999999985098839,1,True,0.21,102890
3800,-0.10000000149011612,0,False,0.21,102918
3801,-0.10000000149011612,0,False,0.21,102946
3802,-0.10000000149011612,0,False,0.21,102974
3803,-0.10000000149011612,0,False,0.21,102997
3804,-0.10000000149011612,0,False,0.2,103019
3805,-0.10000000149011612,0,False,0.2,103047
3806,0.8999999985098839,1,True,0.21,103075
3807,-0.10000000149011612,0,False,0.21,103103
3808,-0.10000000149011612,0,False,0.21,103125
3809,-0.10000000149011612,0,False,0.21,103153
3810,-0.10000000149011612,0,False,0.2,103181
3811,-0.10000000149011612,0,False,0.2,103209
3812,-0.10000000149011612,0,False,0.2,103237
3813,0.8999999985098839,1,True,0.21,103265
3814,-0.10000000149011612,0,False,0.21,103293
3815,-0.10000000149011612,0,False,0.21,103321
3816,-0.10000000149011612,0,False,0.21,103349
3817,-0.10000000149011612,0,False,0.2,103377
3818,-0.10000000149011612,0,False,0.2,103405
3819,-0.10000000149011612,0,False,0.2,103433
3820,-0.10000000149011612,0,False,0.2,103461
3821,-0.10000000149011612,0,False,0.19,103489
3822,-0.10000000149011612,0,False,0.19,103517
3823,-0.10000000149011612,0,False,0.19,103543
3824,-0.10000000149011612,0,False,0.19,103571
3825,-0.10000000149011612,0,False,0.19,103599
3826,-0.10000000149011612,0,False,0.18,103627
3827,-0.10000000149011612,0,False,0.18,103650
3828,-0.10000000149011612,0,False,0.18,103678
3829,-0.10000000149011612,0,False,0.17,103700
3830,-0.10000000149011612,0,False,0.17,103724
3831,-0.10000000149011612,0,False,0.16,103752
3832,-0.10000000149011612,0,False,0.16,103775
3833,-0.10000000149011612,0,False,0.16,103803
3834,-0.10000000149011612,0,False,0.16,103831
3835,-0.10000000149011612,0,False,0.16,103859
3836,-0.10000000149011612,0,False,0.16,103887
3837,-0.10000000149011612,0,False,0.16,103915
3838,1.8999999985098839,2,True,0.17,103943
3839,-0.10000000149011612,0,False,0.17,103971
3840,0.8999999985098839,1,True,0.18,103999
3841,-0.10000000149011612,0,False,0.18,104027
3842,-0.10000000149011612,0,False,0.18,104055
3843,0.8999999985098839,1,True,0.19,104083
3844,-0.10000000149011612,0,False,0.19,104111
3845,-0.10000000149011612,0,False,0.19,104139
3846,-0.10000000149011612,0,False,0.19,104167
3847,-0.10000000149011612,0,False,0.19,104195
3848,-0.10000000149011612,0,False,0.19,104223
3849,-0.10000000149011612,0,False,0.19,104251
3850,-0.10000000149011612,0,False,0.18,104279
3851,-0.10000000149011612,0,False,0.18,104307
3852,-0.10000000149011612,0,False,0.18,104335
3853,0.8999999985098839,1,True,0.19,104363
3854,-0.10000000149011612,0,False,0.19,104391
3855,-0.10000000149011612,0,False,0.18,104413
3856,-0.10000000149011612,0,False,0.18,104441
3857,0.8999999985098839,1,True,0.19,104469
3858,-0.10000000149011612,0,False,0.19,104497
3859,0.8999999985098839,1,True,0.2,104525
3860,-0.10000000149011612,0,False,0.19,104553
3861,-0.10000000149011612,0,False,0.18,104581
3862,-0.10000000149011612,0,False,0.18,104609
3863,-0.10000000149011612,0,False,0.18,104637
3864,-0.10000000149011612,0,False,0.18,104662
3865,0.8999999985098839,1,True,0.19,104690
3866,-0.10000000149011612,0,False,0.19,104718
3867,-0.10000000149011612,0,False,0.19,104746
3868,0.8999999985098839,1,True,0.2,104768
3869,-0.10000000149011612,0,False,0.2,104790
3870,-0.10000000149011612,0,False,0.19,104812
3871,-0.10000000149011612,0,False,0.19,104836
3872,-0.10000000149011612,0,False,0.19,104864
3873,-0.10000000149011612,0,False,0.19,104892
3874,-0.10000000149011612,0,False,0.18,104920
3875,-0.10000000149011612,0,False,0.18,104948
3876,-0.10000000149011612,0,False,0.18,104976
3877,-0.10000000149011612,0,False,0.17,105004
3878,-0.10000000149011612,0,False,0.17,105032
3879,-0.10000000149011612,0,False,0.17,105060
3880,1.8999999985098839,2,True,0.18,105088
3881,-0.10000000149011612,0,False,0.18,105116
3882,-0.10000000149011612,0,False,0.17,105144
3883,-0.10000000149011612,0,False,0.17,105172
3884,-0.10000000149011612,0,False,0.17,105195
3885,-0.10000000149011612,0,False,0.16,105223
3886,-0.10000000149011612,0,False,0.15,105251
3887,0.8999999985098839,1,True,0.16,105273
3888,-0.10000000149011612,0,False,0.16,105301
3889,-0.10000000149011612,0,False,0.16,105323
3890,-0.10000000149011612,0,False,0.16,105351
3891,0.8999999985098839,1,True,0.17,105379
3892,-0.10000000149011612,0,False,0.17,105407
3893,-0.10000000149011612,0,False,0.17,105429
3894,-0.10000000149011612,0,False,0.17,105452
3895,-0.10000000149011612,0,False,0.16,105480
3896,-0.10000000149011612,0,False,0.15,105508
3897,-0.10000000149011612,0,False,0.14,105536
3898,-0.10000000149011612,0,False,0.14,105564
3899,0.8999999985098839,1,True,0.14,105592
3900,-0.10000000149011612,0,False,0.14,105617
3901,-0.10000000149011612,0,False,0.14,105645
3902,-0.10000000149011612,0,False,0.14,105667
3903,0.8999999985098839,1,True,0.15,105695
3904,-0.10000000149011612,0,False,0.15,105723
3905,-0.10000000149011612,0,False,0.15,105751
3906,-0.10000000149011612,0,False,0.14,105779
3907,-0.10000000149011612,0,False,0.14,105807
3908,-0.10000000149011612,0,False,0.14,105829
3909,-0.10000000149011612,0,False,0.14,105852
3910,-0.10000000149011612,0,False,0.14,105879
3911,-0.10000000149011612,0,False,0.14,105907
3912,0.8999999985098839,1,True,0.15,105935
3913,-0.10000000149011612,0,False,0.14,105963
3914,0.8999999985098839,1,True,0.15,105991
3915,-0.10000000149011612,0,False,0.15,106019
3916,-0.10000000149011612,0,False,0.15,106041
3917,2.899999998509884,3,True,0.16,106069
3918,-0.10000000149011612,0,False,0.16,106097
3919,-0.10000000149011612,0,False,0.16,106125
3920,-0.10000000149011612,0,False,0.16,106147
3921,-0.10000000149011612,0,False,0.16,106175
3922,-0.10000000149011612,0,False,0.16,106203
3923,-0.10000000149011612,0,False,0.16,106231
3924,-0.10000000149011612,0,False,0.16,106259
3925,0.8999999985098839,1,True,0.17,106285
3926,-0.10000000149011612,0,False,0.17,106313
3927,-0.10000000149011612,0,False,0.17,106341
3928,0.8999999985098839,1,True,0.18,106369
3929,-0.10000000149011612,0,False,0.18,106397
3930,-0.10000000149011612,0,False,0.18,106425
3931,-0.10000000149011612,0,False,0.18,106453
3932,0.8999999985098839,1,True,0.19,106481
3933,-0.10000000149011612,0,False,0.19,106509
3934,-0.10000000149011612,0,False,0.19,106537
3935,-0.10000000149011612,0,False,0.19,106565
3936,-0.10000000149011612,0,False,0.19,106593
3937,-0.10000000149011612,0,False,0.19,106621
3938,0.8999999985098839,1,True,0.19,106643
3939,-0.10000000149011612,0,False,0.19,106665
3940,-0.10000000149011612,0,False,0.18,106693
3941,-0.10000000149011612,0,False,0.18,106721
3942,0.8999999985098839,1,True,0.19,106749
3943,-0.10000000149011612,0,False,0.18,106777
3944,-0.10000000149011612,0,False,0.18,106805
3945,-0.10000000149011612,0,False,0.18,106833
3946,-0.10000000149011612,0,False,0.18,106861
3947,-0.10000000149011612,0,False,0.18,106889
3948,-0.10000000149011612,0,False,0.18,106917
3949,-0.10000000149011612,0,False,0.18,106945
3950,-0.10000000149011612,0,False,0.18,106973
3951,-0.10000000149011612,0,False,0.18,107001
3952,-0.10000000149011612,0,False,0.18,107029
3953,1.8999999985098839,2,True,0.18,107052
3954,-0.10000000149011612,0,False,0.18,107074
3955,-0.10000000149011612,0,False,0.18,107102
3956,-0.10000000149011612,0,False,0.18,107130
3957,-0.10000000149011612,0,False,0.17,107158
3958,-0.10000000149011612,0,False,0.17,107186
3959,0.8999999985098839,1,True,0.17,107214
3960,0.8999999985098839,1,True,0.18,107242
3961,1.8999999985098839,2,True,0.19,107264
3962,-0.10000000149011612,0,False,0.19,107292
3963,-0.10000000149011612,0,False,0.19,107320
3964,-0.10000000149011612,0,False,0.19,107345
3965,-0.10000000149011612,0,False,0.18,107373
3966,-0.10000000149011612,0,False,0.18,107401
3967,1.8999999985098839,2,True,0.19,107429
3968,-0.10000000149011612,0,False,0.18,107457
3969,-0.10000000149011612,0,False,0.18,107485
3970,0.8999999985098839,1,True,0.19,107513
3971,0.8999999985098839,1,True,0.2,107541
3972,-0.10000000149011612,0,False,0.2,107569
3973,-0.10000000149011612,0,False,0.2,107597
3974,0.8999999985098839,1,True,0.21,107625
3975,-0.10000000149011612,0,False,0.21,107653
3976,0.8999999985098839,1,True,0.22,107681
3977,-0.10000000149011612,0,False,0.22,107709
3978,0.8999999985098839,1,True,0.23,107737
3979,-0.10000000149011612,0,False,0.23,107760
3980,0.8999999985098839,1,True,0.23,107788
3981,-0.10000000149011612,0,False,0.23,107816
3982,-0.10000000149011612,0,False,0.23,107844
3983,0.8999999985098839,1,True,0.24,107871
3984,-0.10000000149011612,0,False,0.24,107899
3985,0.8999999985098839,1,True,0.25,107927
3986,0.8999999985098839,1,True,0.26,107955
3987,-0.10000000149011612,0,False,0.25,107983
3988,-0.10000000149011612,0,False,0.25,108011
3989,0.8999999985098839,1,True,0.26,108033
3990,-0.10000000149011612,0,False,0.26,108061
3991,0.8999999985098839,1,True,0.26,108089
3992,-0.10000000149011612,0,False,0.26,108117
3993,-0.10000000149011612,0,False,0.26,108145
3994,-0.10000000149011612,0,False,0.26,108173
3995,-0.10000000149011612,0,False,0.26,108201
3996,0.8999999985098839,1,True,0.27,108229
3997,-0.10000000149011612,0,False,0.27,108257
3998,1.8999999985098839,2,True,0.28,108285
3999,0.8999999985098839,1,True,0.28,108313
4000,-0.10000000149011612,0,False,0.28,108341
4001,-0.10000000149011612,0,False,0.28,108369
4002,-0.10000000149011612,0,False,0.28,108397
4003,-0.10000000149011612,0,False,0.27,108420
4004,-0.10000000149011612,0,False,0.27,108448
4005,-0.10000000149011612,0,False,0.27,108476
4006,0.8999999985098839,1,True,0.28,108504
4007,0.8999999985098839,1,True,0.29,108532
4008,-0.10000000149011612,0,False,0.29,108560
4009,0.8999999985098839,1,True,0.3,108584
4010,-0.10000000149011612,0,False,0.3,108611
4011,-0.10000000149011612,0,False,0.3,108639
4012,0.8999999985098839,1,True,0.3,108667
4013,-0.10000000149011612,0,False,0.3,108695
4014,-0.10000000149011612,0,False,0.29,108723
4015,0.8999999985098839,1,True,0.3,108751
4016,-0.10000000149011612,0,False,0.3,108779
4017,-0.10000000149011612,0,False,0.29,108801
4018,-0.10000000149011612,0,False,0.29,108829
4019,-0.10000000149011612,0,False,0.29,108853
4020,-0.10000000149011612,0,False,0.29,108881
4021,1.8999999985098839,2,True,0.3,108904
4022,-0.10000000149011612,0,False,0.3,108932
4023,-0.10000000149011612,0,False,0.3,108960
4024,0.8999999985098839,1,True,0.31,108988
4025,-0.10000000149011612,0,False,0.3,109016
4026,-0.10000000149011612,0,False,0.3,109044
4027,-0.10000000149011612,0,False,0.3,109072
4028,0.8999999985098839,1,True,0.3,109100
4029,-0.10000000149011612,0,False,0.3,109128
4030,-0.10000000149011612,0,False,0.3,109156
4031,-0.10000000149011612,0,False,0.3,109184
4032,0.8999999985098839,1,True,0.3,109208
4033,-0.10000000149011612,0,False,0.3,109231
4034,-0.10000000149011612,0,False,0.3,109259
4035,-0.10000000149011612,0,False,0.3,109287
4036,1.8999999985098839,2,True,0.31,109315
4037,-0.10000000149011612,0,False,0.31,109343
4038,-0.10000000149011612,0,False,0.3,109371
4039,0.8999999985098839,1,True,0.31,109399
4040,-0.10000000149011612,0,False,0.31,109427
4041,-0.10000000149011612,0,False,0.31,109455
4042,-0.10000000149011612,0,False,0.3,109477
4043,-0.10000000149011612,0,False,0.3,109505
4044,-0.10000000149011612,0,False,0.3,109533
4045,-0.10000000149011612,0,False,0.3,109561
4046,0.8999999985098839,1,True,0.31,109589
4047,-0.10000000149011612,0,False,0.31,109617
4048,0.8999999985098839,1,True,0.32,109640
4049,-0.10000000149011612,0,False,0.32,109667
4050,-0.10000000149011612,0,False,0.32,109689
4051,-0.10000000149011612,0,False,0.32,109717
4052,0.8999999985098839,1,True,0.33,109745
4053,-0.10000000149011612,0,False,0.32,109773
4054,0.8999999985098839,1,True,0.33,109801
4055,-0.10000000149011612,0,False,0.33,109829
4056,-0.10000000149011612,0,False,0.33,109857
4057,0.8999999985098839,1,True,0.34,109885
4058,-0.10000000149011612,0,False,0.34,109913
4059,1.8999999985098839,2,True,0.34,109941
4060,-0.10000000149011612,0,False,0.33,109969
4061,0.8999999985098839,1,True,0.33,109997
4062,-0.10000000149011612,0,False,0.33,110025
4063,0.8999999985098839,1,True,0.34,110053
4064,-0.10000000149011612,0,False,0.34,110081
4065,-0.10000000149011612,0,False,0.34,110109
4066,-0.10000000149011612,0,False,0.34,110137
4067,-0.10000000149011612,0,False,0.33,110165
4068,0.8999999985098839,1,True,0.34,110193
4069,-0.10000000149011612,0,False,0.34,110221
4070,-0.10000000149011612,0,False,0.33,110249
4071,-0.10000000149011612,0,False,0.32,110277
4072,0.8999999985098839,1,True,0.33,110299
4073,0.8999999985098839,1,True,0.34,110327
4074,-0.10000000149011612,0,False,0.33,110355
4075,-0.10000000149011612,0,False,0.33,110378
4076,-0.10000000149011612,0,False,0.32,110401
4077,0.8999999985098839,1,True,0.33,110429
4078,-0.10000000149011612,0,False,0.32,110451
4079,-0.10000000149011612,0,False,0.32,110479
4080,0.8999999985098839,1,True,0.32,110507
4081,-0.10000000149011612,0,False,0.32,110535
4082,-0.10000000149011612,0,False,0.32,110558
4083,-0.10000000149011612,0,False,0.31,110586
4084,-0.10000000149011612,0,False,0.31,110614
4085,-0.10000000149011612,0,False,0.3,110642
4086,-0.10000000149011612,0,False,0.29,110670
4087,-0.10000000149011612,0,False,0.29,110698
4088,-0.10000000149011612,0,False,0.29,110726
4089,-0.10000000149011612,0,False,0.28,110754
4090,-0.10000000149011612,0,False,0.28,110782
4091,-0.10000000149011612,0,False,0.27,110810
4092,-0.10000000149011612,0,False,0.27,110838
4093,-0.10000000149011612,0,False,0.27,110866
4094,0.8999999985098839,1,True,0.28,110894
4095,-0.10000000149011612,0,False,0.28,110922
4096,-0.10000000149011612,0,False,0.27,110950
4097,-0.10000000149011612,0,False,0.27,110978
4098,-0.10000000149011612,0,False,0.26,111006
4099,-0.10000000149011612,0,False,0.25,111034
4100,-0.10000000149011612,0,False,0.25,111062
4101,-0.10000000149011612,0,False,0.25,111090
4102,-0.10000000149011612,0,False,0.25,111118
4103,1.8999999985098839,2,True,0.26,111146
4104,-0.10000000149011612,0,False,0.26,111174
4105,-0.10000000149011612,0,False,0.26,111202
4106,-0.10000000149011612,0,False,0.25,111224
4107,-0.10000000149011612,0,False,0.24,111252
4108,-0.10000000149011612,0,False,0.24,111280
4109,-0.10000000149011612,0,False,0.23,111308
4110,-0.10000000149011612,0,False,0.23,111336
4111,0.8999999985098839,1,True,0.24,111364
4112,-0.10000000149011612,0,False,0.23,111392
4113,-0.10000000149011612,0,False,0.23,111420
4114,-0.10000000149011612,0,False,0.23,111448
4115,-0.10000000149011612,0,False,0.22,111476
4116,-0.10000000149011612,0,False,0.22,111504
4117,-0.10000000149011612,0,False,0.22,111526
4118,-0.10000000149011612,0,False,0.22,111554
4119,-0.10000000149011612,0,False,0.22,111582
4120,-0.10000000149011612,0,False,0.22,111610
4121,-0.10000000149011612,0,False,0.21,111638
4122,-0.10000000149011612,0,False,0.21,111666
4123,-0.10000000149011612,0,False,0.21,111694
4124,0.8999999985098839,1,True,0.21,111722
4125,-0.10000000149011612,0,False,0.21,111750
4126,-0.10000000149011612,0,False,0.21,111778
4127,-0.10000000149011612,0,False,0.21,111806
4128,-0.10000000149011612,0,False,0.2,111834
4129,-0.10000000149011612,0,False,0.2,111862
4130,-0.10000000149011612,0,False,0.2,111890
4131,-0.10000000149011612,0,False,0.2,111918
4132,-0.10000000149011612,0,False,0.19,111945
4133,-0.10000000149011612,0,False,0.19,111972
4134,0.8999999985098839,1,True,0.2,112000
4135,0.8999999985098839,1,True,0.21,112028
4136,-0.10000000149011612,0,False,0.2,112056
4137,-0.10000000149011612,0,False,0.2,112084
4138,-0.10000000149011612,0,False,0.2,112112
4139,-0.10000000149011612,0,False,0.19,112140
4140,-0.10000000149011612,0,False,0.19,112165
4141,-0.10000000149011612,0,False,0.19,112193
4142,0.8999999985098839,1,True,0.2,112221
4143,-0.10000000149011612,0,False,0.2,112249
4144,-0.10000000149011612,0,False,0.2,112272
4145,-0.10000000149011612,0,False,0.2,112295
4146,-0.10000000149011612,0,False,0.19,112317
4147,-0.10000000149011612,0,False,0.19,112345
4148,0.8999999985098839,1,True,0.19,112373
4149,-0.10000000149011612,0,False,0.19,112401
4150,-0.10000000149011612,0,False,0.19,112429
4151,-0.10000000149011612,0,False,0.19,112457
4152,-0.10000000149011612,0,False,0.18,112485
4153,-0.10000000149011612,0,False,0.18,112513
4154,-0.10000000149011612,0,False,0.17,112541
4155,-0.10000000149011612,0,False,0.17,112569
4156,-0.10000000149011612,0,False,0.17,112591
4157,-0.10000000149011612,0,False,0.16,112619
4158,-0.10000000149011612,0,False,0.16,112647
4159,-0.10000000149011612,0,False,0.15,112671
4160,0.8999999985098839,1,True,0.16,112699
4161,-0.10000000149011612,0,False,0.15,112727
4162,-0.10000000149011612,0,False,0.15,112755
4163,-0.10000000149011612,0,False,0.14,112783
4164,-0.10000000149011612,0,False,0.14,112811
4165,-0.10000000149011612,0,False,0.14,112839
4166,-0.10000000149011612,0,False,0.14,112864
4167,-0.10000000149011612,0,False,0.14,112892
4168,1.8999999985098839,2,True,0.14,112920
4169,-0.10000000149011612,0,False,0.14,112944
4170,-0.10000000149011612,0,False,0.14,112972
4171,0.8999999985098839,1,True,0.15,113000
4172,-0.10000000149011612,0,False,0.14,113028
4173,0.8999999985098839,1,True,0.14,113056
4174,-0.10000000149011612,0,False,0.14,113084
4175,-0.10000000149011612,0,False,0.14,113107
4176,-0.10000000149011612,0,False,0.14,113135
4177,0.8999999985098839,1,True,0.14,113163
4178,-0.10000000149011612,0,False,0.14,113188
4179,-0.10000000149011612,0,False,0.14,113216
4180,-0.10000000149011612,0,False,0.13,113244
4181,-0.10000000149011612,0,False,0.13,113272
4182,2.899999998509884,3,True,0.14,113300
4183,-0.10000000149011612,0,False,0.14,113328
4184,0.8999999985098839,1,True,0.15,113356
4185,0.8999999985098839,1,True,0.16,113384
4186,-0.10000000149011612,0,False,0.16,113407
4187,-0.10000000149011612,0,False,0.16,113430
4188,-0.10000000149011612,0,False,0.16,113458
4189,-0.10000000149011612,0,False,0.16,113486
4190,0.8999999985098839,1,True,0.17,113514
4191,-0.10000000149011612,0,False,0.17,113542
4192,-0.10000000149011612,0,False,0.17,113570
4193,-0.10000000149011612,0,False,0.17,113598
4194,-0.10000000149011612,0,False,0.16,113626
4195,-0.10000000149011612,0,False,0.16,113653
4196,-0.10000000149011612,0,False,0.16,113681
4197,-0.10000000149011612,0,False,0.16,113705
4198,-0.10000000149011612,0,False,0.16,113733
4199,-0.10000000149011612,0,False,0.16,113761
4200,-0.10000000149011612,0,False,0.16,113789
4201,-0.10000000149011612,0,False,0.16,113817
4202,-0.10000000149011612,0,False,0.16,113845
4203,0.8999999985098839,1,True,0.16,113873
4204,0.8999999985098839,1,True,0.17,113901
4205,-0.10000000149011612,0,False,0.17,113929
4206,-0.10000000149011612,0,False,0.17,113957
4207,-0.10000000149011612,0,False,0.17,113985
4208,-0.10000000149011612,0,False,0.17,114013
4209,-0.10000000149011612,0,False,0.17,114041
4210,-0.10000000149011612,0,False,0.17,114069
4211,-0.10000000149011612,0,False,0.16,114097
4212,-0.10000000149011612,0,False,0.16,114125
4213,-0.10000000149011612,0,False,0.16,114153
4214,-0.10000000149011612,0,False,0.16,114176
4215,-0.10000000149011612,0,False,0.16,114204
4216,-0.10000000149011612,0,False,0.16,114232
4217,1.8999999985098839,2,True,0.17,114256
4218,-0.10000000149011612,0,False,0.17,114281
4219,-0.10000000149011612,0,False,0.17,114309
4220,0.8999999985098839,1,True,0.18,114337
4221,-0.10000000149011612,0,False,0.18,114365
4222,0.8999999985098839,1,True,0.19,114393
4223,-0.10000000149011612,0,False,0.19,114415
4224,-0.10000000149011612,0,False,0.18,114441
4225,0.8999999985098839,1,True,0.19,114469
4226,-0.10000000149011612,0,False,0.19,114497
4227,-0.10000000149011612,0,False,0.19,114519
4228,-0.10000000149011612,0,False,0.19,114547
4229,0.8999999985098839,1,True,0.2,114575
4230,-0.10000000149011612,0,False,0.2,114603
4231,0.8999999985098839,1,True,0.21,114631
4232,-0.10000000149011612,0,False,0.21,114659
4233,-0.10000000149011612,0,False,0.21,114687
4234,-0.10000000149011612,0,False,0.2,114715
4235,-0.10000000149011612,0,False,0.19,114738
4236,-0.10000000149011612,0,False,0.19,114766
4237,-0.10000000149011612,0,False,0.19,114794
4238,-0.10000000149011612,0,False,0.19,114822
4239,-0.10000000149011612,0,False,0.19,114850
4240,-0.10000000149011612,0,False,0.19,114878
4241,0.8999999985098839,1,True,0.2,114906
4242,-0.10000000149011612,0,False,0.19,114934
4243,0.8999999985098839,1,True,0.2,114962
4244,-0.10000000149011612,0,False,0.2,114990
4245,-0.10000000149011612,0,False,0.2,115018
4246,-0.10000000149011612,0,False,0.2,115041
4247,-0.10000000149011612,0,False,0.2,115065
4248,-0.10000000149011612,0,False,0.19,115093
4249,-0.10000000149011612,0,False,0.19,115121
4250,-0.10000000149011612,0,False,0.19,115149
4251,1.8999999985098839,2,True,0.2,115177
4252,0.8999999985098839,1,True,0.21,115205
4253,-0.10000000149011612,0,False,0.21,115233
4254,-0.10000000149011612,0,False,0.21,115261
4255,-0.10000000149011612,0,False,0.21,115284
4256,0.8999999985098839,1,True,0.22,115306
4257,-0.10000000149011612,0,False,0.22,115334
4258,-0.10000000149011612,0,False,0.22,115362
4259,-0.10000000149011612,0,False,0.22,115390
4260,-0.10000000149011612,0,False,0.21,115418
4261,0.8999999985098839,1,True,0.22,115446
4262,-0.10000000149011612,0,False,0.22,115474
4263,-0.10000000149011612,0,False,0.22,115502
4264,-0.10000000149011612,0,False,0.22,115530
4265,-0.10000000149011612,0,False,0.22,115558
4266,0.8999999985098839,1,True,0.23,115586
4267,-0.10000000149011612,0,False,0.23,115614
4268,-0.10000000149011612,0,False,0.22,115642
4269,-0.10000000149011612,0,False,0.22,115670
4270,-0.10000000149011612,0,False,0.22,115698
4271,-0.10000000149011612,0,False,0.21,115726
4272,-0.10000000149011612,0,False,0.21,115754
4273,-0.10000000149011612,0,False,0.2,115782
4274,-0.10000000149011612,0,False,0.2,115810
4275,-0.10000000149011612,0,False,0.2,115838
4276,1.8999999985098839,2,True,0.21,115866
4277,0.8999999985098839,1,True,0.21,115894
4278,-0.10000000149011612,0,False,0.21,115922
4279,-0.10000000149011612,0,False,0.21,115950
4280,-0.10000000149011612,0,False,0.21,115978
4281,-0.10000000149011612,0,False,0.21,116006
4282,-0.10000000149011612,0,False,0.2,116034
4283,-0.10000000149011612,0,False,0.2,116062
4284,-0.10000000149011612,0,False,0.19,116089
4285,-0.10000000149011612,0,False,0.18,116117
4286,-0.10000000149011612,0,False,0.18,116145
4287,-0.10000000149011612,0,False,0.18,116171
4288,-0.10000000149011612,0,False,0.18,116199
4289,-0.10000000149011612,0,False,0.18,116227
4290,0.8999999985098839,1,True,0.18,116255
4291,-0.10000000149011612,0,False,0.18,116283
4292,-0.10000000149011612,0,False,0.18,116311
4293,-0.10000000149011612,0,False,0.18,116339
4294,-0.10000000149011612,0,False,0.18,116367
4295,-0.10000000149011612,0,False,0.18,116390
4296,-0.10000000149011612,0,False,0.18,116418
4297,1.8999999985098839,2,True,0.19,116446
4298,-0.10000000149011612,0,False,0.19,116474
4299,-0.10000000149011612,0,False,0.19,116502
4300,-0.10000000149011612,0,False,0.19,116530
4301,-0.10000000149011612,0,False,0.19,116558
4302,-0.10000000149011612,0,False,0.19,116586
4303,-0.10000000149011612,0,False,0.18,116614
4304,-0.10000000149011612,0,False,0.17,116642
4305,-0.10000000149011612,0,False,0.17,116670
4306,-0.10000000149011612,0,False,0.17,116693
4307,1.8999999985098839,2,True,0.18,116721
4308,-0.10000000149011612,0,False,0.18,116749
4309,0.8999999985098839,1,True,0.19,116776
4310,0.8999999985098839,1,True,0.2,116801
4311,-0.10000000149011612,0,False,0.2,116829
4312,-0.10000000149011612,0,False,0.2,116857
4313,-0.10000000149011612,0,False,0.2,116885
4314,-0.10000000149011612,0,False,0.2,116913
4315,-0.10000000149011612,0,False,0.2,116941
4316,-0.10000000149011612,0,False,0.2,116969
4317,-0.10000000149011612,0,False,0.19,116997
4318,-0.10000000149011612,0,False,0.19,117025
4319,-0.10000000149011612,0,False,0.19,117048
4320,-0.10000000149011612,0,False,0.18,117076
4321,-0.10000000149011612,0,False,0.18,117104
4322,-0.10000000149011612,0,False,0.17,117132
4323,-0.10000000149011612,0,False,0.17,117160
4324,0.8999999985098839,1,True,0.18,117188
4325,-0.10000000149011612,0,False,0.17,117210
4326,0.8999999985098839,1,True,0.18,117238
4327,-0.10000000149011612,0,False,0.18,117266
4328,-0.10000000149011612,0,False,0.18,117294
4329,-0.10000000149011612,0,False,0.17,117322
4330,1.8999999985098839,2,True,0.18,117345
4331,-0.10000000149011612,0,False,0.17,117373
4332,-0.10000000149011612,0,False,0.17,117401
4333,-0.10000000149011612,0,False,0.17,117424
4334,0.8999999985098839,1,True,0.18,117452
4335,-0.10000000149011612,0,False,0.18,117480
4336,0.8999999985098839,1,True,0.19,117505
4337,-0.10000000149011612,0,False,0.19,117533
4338,0.8999999985098839,1,True,0.2,117561
4339,-0.10000000149011612,0,False,0.2,117586
4340,-0.10000000149011612,0,False,0.2,117608
4341,-0.10000000149011612,0,False,0.19,117636
4342,0.8999999985098839,1,True,0.2,117664
4343,-0.10000000149011612,0,False,0.19,117692
4344,0.8999999985098839,1,True,0.2,117720
4345,-0.10000000149011612,0,False,0.2,117748
4346,0.8999999985098839,1,True,0.21,117776
4347,-0.10000000149011612,0,False,0.21,117804
4348,-0.10000000149011612,0,False,0.21,117832
4349,-0.10000000149011612,0,False,0.21,117860
4350,-0.10000000149011612,0,False,0.21,117885
4351,-0.10000000149011612,0,False,0.2,117913
4352,-0.10000000149011612,0,False,0.19,117941
4353,-0.10000000149011612,0,False,0.19,117969
4354,-0.10000000149011612,0,False,0.19,117997
4355,-0.10000000149011612,0,False,0.19,118025
4356,-0.10000000149011612,0,False,0.18,118053
4357,0.8999999985098839,1,True,0.19,118081
4358,-0.10000000149011612,0,False,0.19,118109
4359,-0.10000000149011612,0,False,0.19,118137
4360,-0.10000000149011612,0,False,0.19,118165
4361,0.8999999985098839,1,True,0.19,118188
4362,-0.10000000149011612,0,False,0.19,118212
4363,-0.10000000149011612,0,False,0.19,118240
4364,-0.10000000149011612,0,False,0.19,118262
4365,0.8999999985098839,1,True,0.2,118290
4366,-0.10000000149011612,0,False,0.19,118318
4367,-0.10000000149011612,0,False,0.19,118346
4368,0.8999999985098839,1,True,0.2,118374
4369,-0.10000000149011612,0,False,0.2,118402
4370,-0.10000000149011612,0,False,0.2,118430
4371,0.8999999985098839,1,True,0.21,118452
4372,-0.10000000149011612,0,False,0.21,118480
4373,0.8999999985098839,1,True,0.22,118508
4374,-0.10000000149011612,0,False,0.22,118536
4375,-0.10000000149011612,0,False,0.22,118564
4376,-0.10000000149011612,0,False,0.21,118592
4377,0.8999999985098839,1,True,0.21,118620
4378,-0.10000000149011612,0,False,0.21,118648
4379,-0.10000000149011612,0,False,0.21,118676
4380,0.8999999985098839,1,True,0.22,118699
4381,-0.10000000149011612,0,False,0.22,118722
4382,-0.10000000149011612,0,False,0.22,118750
4383,-0.10000000149011612,0,False,0.22,118778
4384,-0.10000000149011612,0,False,0.22,118800
4385,1.8999999985098839,2,True,0.23,118823
4386,-0.10000000149011612,0,False,0.23,118851
4387,-0.10000000149011612,0,False,0.23,118878
4388,-0.10000000149011612,0,False,0.23,118906
4389,-0.10000000149011612,0,False,0.23,118929
4390,0.8999999985098839,1,True,0.23,118957
4391,-0.10000000149011612,0,False,0.23,118985
4392,-0.10000000149011612,0,False,0.23,119013
4393,-0.10000000149011612,0,False,0.23,119041
4394,-0.10000000149011612,0,False,0.23,119069
4395,0.8999999985098839,1,True,0.24,119097
4396,-0.10000000149011612,0,False,0.24,119125
4397,-0.10000000149011612,0,False,0.23,119153
4398,-0.10000000149011612,0,False,0.23,119181
4399,0.8999999985098839,1,True,0.24,119206
4400,-0.10000000149011612,0,False,0.24,119234
4401,-0.10000000149011612,0,False,0.24,119257
4402,-0.10000000149011612,0,False,0.24,119285
4403,-0.10000000149011612,0,False,0.24,119307
4404,-0.10000000149011612,0,False,0.24,119329
4405,-0.10000000149011612,0,False,0.24,119357
4406,-0.10000000149011612,0,False,0.24,119385
4407,-0.10000000149011612,0,False,0.23,119413
4408,-0.10000000149011612,0,False,0.23,119436
4409,0.8999999985098839,1,True,0.23,119464
4410,-0.10000000149011612,0,False,0.22,119492
4411,-0.10000000149011612,0,False,0.22,119520
4412,0.8999999985098839,1,True,0.23,119548
4413,-0.10000000149011612,0,False,0.23,119576
4414,-0.10000000149011612,0,False,0.23,119603
4415,0.8999999985098839,1,True,0.24,119631
4416,-0.10000000149011612,0,False,0.24,119659
4417,-0.10000000149011612,0,False,0.24,119687
4418,-0.10000000149011612,0,False,0.24,119715
4419,0.8999999985098839,1,True,0.25,119743
4420,-0.10000000149011612,0,False,0.25,119771
4421,0.8999999985098839,1,True,0.26,119799
4422,-0.10000000149011612,0,False,0.26,119827
4423,-0.10000000149011612,0,False,0.26,119855
4424,-0.10000000149011612,0,False,0.25,119883
4425,-0.10000000149011612,0,False,0.25,119911
4426,1.8999999985098839,2,True,0.25,119936
4427,-0.10000000149011612,0,False,0.25,119960
4428,-0.10000000149011612,0,False,0.25,119988
4429,-0.10000000149011612,0,False,0.25,120010
4430,-0.10000000149011612,0,False,0.24,120032
4431,-0.10000000149011612,0,False,0.24,120054
4432,-0.10000000149011612,0,False,0.24,120082
4433,-0.10000000149011612,0,False,0.24,120110
4434,-0.10000000149011612,0,False,0.23,120138
4435,0.8999999985098839,1,True,0.24,120166
4436,-0.10000000149011612,0,False,0.23,120194
4437,0.8999999985098839,1,True,0.24,120222
4438,-0.10000000149011612,0,False,0.23,120245
4439,-0.10000000149011612,0,False,0.23,120267
4440,-0.10000000149011612,0,False,0.23,120290
4441,0.8999999985098839,1,True,0.24,120318
4442,-0.10000000149011612,0,False,0.23,120346
4443,-0.10000000149011612,0,False,0.23,120373
4444,0.8999999985098839,1,True,0.23,120401
4445,-0.10000000149011612,0,False,0.23,120429
4446,-0.10000000149011612,0,False,0.22,120457
4447,-0.10000000149011612,0,False,0.22,120479
4448,-0.10000000149011612,0,False,0.22,120507
4449,0.8999999985098839,1,True,0.23,120535
4450,-0.10000000149011612,0,False,0.23,120563
4451,0.8999999985098839,1,True,0.24,120591
4452,-0.10000000149011612,0,False,0.24,120619
4453,-0.10000000149011612,0,False,0.24,120647
4454,-0.10000000149011612,0,False,0.24,120675
4455,0.8999999985098839,1,True,0.25,120699
4456,0.8999999985098839,1,True,0.26,120727
4457,1.8999999985098839,2,True,0.26,120749
4458,0.8999999985098839,1,True,0.27,120777
4459,-0.10000000149011612,0,False,0.27,120805
4460,-0.10000000149011612,0,False,0.27,120833
4461,-0.10000000149011612,0,False,0.26,120857
4462,-0.10000000149011612,0,False,0.26,120885
4463,-0.10000000149011612,0,False,0.26,120907
4464,-0.10000000149011612,0,False,0.26,120935
4465,0.8999999985098839,1,True,0.26,120963
4466,-0.10000000149011612,0,False,0.26,120991
4467,0.8999999985098839,1,True,0.27,121019
4468,0.8999999985098839,1,True,0.27,121047
4469,0.8999999985098839,1,True,0.28,121075
4470,-0.10000000149011612,0,False,0.28,121103
4471,-0.10000000149011612,0,False,0.27,121129
4472,-0.10000000149011612,0,False,0.27,121157
4473,0.8999999985098839,1,True,0.27,121185
4474,-0.10000000149011612,0,False,0.27,121213
4475,-0.10000000149011612,0,False,0.27,121241
4476,-0.10000000149011612,0,False,0.27,121269
4477,-0.10000000149011612,0,False,0.26,121297
4478,-0.10000000149011612,0,False,0.26,121325
4479,-0.10000000149011612,0,False,0.26,121353
4480,-0.10000000149011612,0,False,0.25,121381
4481,-0.10000000149011612,0,False,0.25,121409
4482,-0.10000000149011612,0,False,0.25,121437
4483,-0.10000000149011612,0,False,0.25,121460
4484,-0.10000000149011612,0,False,0.25,121488
4485,-0.10000000149011612,0,False,0.24,121516
4486,-0.10000000149011612,0,False,0.24,121544
4487,0.8999999985098839,1,True,0.25,121572
4488,0.8999999985098839,1,True,0.26,121600
4489,-0.10000000149011612,0,False,0.26,121628
4490,0.8999999985098839,1,True,0.26,121650
4491,-0.10000000149011612,0,False,0.26,121672
4492,-0.10000000149011612,0,False,0.26,121700
4493,-0.10000000149011612,0,False,0.26,121728
4494,-0.10000000149011612,0,False,0.26,121750
4495,-0.10000000149011612,0,False,0.25,121778
4496,-0.10000000149011612,0,False,0.25,121806
4497,-0.10000000149011612,0,False,0.25,121833
4498,-0.10000000149011612,0,False,0.25,121861
4499,-0.10000000149011612,0,False,0.24,121889
4500,-0.10000000149011612,0,False,0.24,121917
4501,-0.10000000149011612,0,False,0.24,121945
4502,-0.10000000149011612,0,False,0.24,121971
4503,0.8999999985098839,1,True,0.25,121999
4504,-0.10000000149011612,0,False,0.25,122027
4505,-0.10000000149011612,0,False,0.25,122055
4506,-0.10000000149011612,0,False,0.25,122083
4507,-0.10000000149011612,0,False,0.25,122111
4508,-0.10000000149011612,0,False,0.25,122139
4509,-0.10000000149011612,0,False,0.24,122167
4510,-0.10000000149011612,0,False,0.24,122195
4511,0.8999999985098839,1,True,0.25,122223
4512,-0.10000000149011612,0,False,0.24,122251
4513,-0.10000000149011612,0,False,0.24,122274
4514,0.8999999985098839,1,True,0.25,122302
4515,-0.10000000149011612,0,False,0.24,122330
4516,-0.10000000149011612,0,False,0.24,122352
4517,-0.10000000149011612,0,False,0.24,122380
4518,-0.10000000149011612,0,False,0.24,122407
4519,-0.10000000149011612,0,False,0.23,122435
4520,-0.10000000149011612,0,False,0.23,122463
4521,-0.10000000149011612,0,False,0.22,122491
4522,-0.10000000149011612,0,False,0.22,122519
4523,-0.10000000149011612,0,False,0.22,122547
4524,-0.10000000149011612,0,False,0.22,122575
4525,1.8999999985098839,2,True,0.23,122603
4526,-0.10000000149011612,0,False,0.22,122625
4527,-0.10000000149011612,0,False,0.22,122653
4528,-0.10000000149011612,0,False,0.22,122681
4529,1.8999999985098839,2,True,0.23,122709
4530,-0.10000000149011612,0,False,0.23,122737
4531,-0.10000000149011612,0,False,0.23,122765
4532,-0.10000000149011612,0,False,0.23,122793
4533,-0.10000000149011612,0,False,0.23,122821
4534,-0.10000000149011612,0,False,0.23,122849
4535,-0.10000000149011612,0,False,0.22,122877
4536,-0.10000000149011612,0,False,0.22,122905
4537,0.8999999985098839,1,True,0.22,122933
4538,-0.10000000149011612,0,False,0.22,122955
4539,-0.10000000149011612,0,False,0.22,122982
4540,-0.10000000149011612,0,False,0.22,123010
4541,-0.10000000149011612,0,False,0.21,123035
4542,0.8999999985098839,1,True,0.22,123063
4543,-0.10000000149011612,0,False,0.22,123091
4544,-0.10000000149011612,0,False,0.21,123119
4545,-0.10000000149011612,0,False,0.21,123147
4546,-0.10000000149011612,0,False,0.21,123175
4547,-0.10000000149011612,0,False,0.21,123203
4548,-0.10000000149011612,0,False,0.21,123231
4549,-0.10000000149011612,0,False,0.2,123259
4550,-0.10000000149011612,0,False,0.2,123287
4551,-0.10000000149011612,0,False,0.19,123315
4552,-0.10000000149011612,0,False,0.19,123343
4553,-0.10000000149011612,0,False,0.19,123371
4554,-0.10000000149011612,0,False,0.19,123393
4555,-0.10000000149011612,0,False,0.18,123421
4556,-0.10000000149011612,0,False,0.17,123449
4557,-0.10000000149011612,0,False,0.16,123474
4558,-0.10000000149011612,0,False,0.15,123500
4559,-0.10000000149011612,0,False,0.15,123525
4560,-0.10000000149011612,0,False,0.15,123553
4561,-0.10000000149011612,0,False,0.15,123581
4562,-0.10000000149011612,0,False,0.15,123609
4563,0.8999999985098839,1,True,0.16,123637
4564,1.8999999985098839,2,True,0.17,123665
4565,-0.10000000149011612,0,False,0.16,123693
4566,-0.10000000149011612,0,False,0.16,123716
4567,-0.10000000149011612,0,False,0.15,123744
4568,-0.10000000149011612,0,False,0.14,123772
4569,-0.10000000149011612,0,False,0.13,123800
4570,-0.10000000149011612,0,False,0.13,123828
4571,-0.10000000149011612,0,False,0.13,123856
4572,-0.10000000149011612,0,False,0.13,123884
4573,-0.10000000149011612,0,False,0.12,123912
4574,0.8999999985098839,1,True,0.13,123940
4575,0.8999999985098839,1,True,0.14,123968
4576,-0.10000000149011612,0,False,0.14,123996
4577,-0.10000000149011612,0,False,0.14,124024
4578,-0.10000000149011612,0,False,0.14,124052
4579,-0.10000000149011612,0,False,0.14,124074
4580,-0.10000000149011612,0,False,0.14,124102
4581,-0.10000000149011612,0,False,0.14,124130
4582,-0.10000000149011612,0,False,0.14,124158
4583,-0.10000000149011612,0,False,0.14,124186
4584,-0.10000000149011612,0,False,0.14,124208
4585,-0.10000000149011612,0,False,0.14,124236
4586,0.8999999985098839,1,True,0.15,124258
4587,-0.10000000149011612,0,False,0.14,124286
4588,-0.10000000149011612,0,False,0.13,124314
4589,-0.10000000149011612,0,False,0.13,124342
4590,-0.10000000149011612,0,False,0.12,124370
4591,-0.10000000149011612,0,False,0.12,124394
4592,-0.10000000149011612,0,False,0.12,124422
4593,-0.10000000149011612,0,False,0.12,124450
4594,-0.10000000149011612,0,False,0.12,124478
4595,0.8999999985098839,1,True,0.13,124506
4596,-0.10000000149011612,0,False,0.13,124534
4597,0.8999999985098839,1,True,0.14,124562
4598,-0.10000000149011612,0,False,0.14,124590
4599,-0.10000000149011612,0,False,0.14,124618
4600,-0.10000000149011612,0,False,0.14,124646
4601,0.8999999985098839,1,True,0.15,124674
4602,0.8999999985098839,1,True,0.16,124702
4603,-0.10000000149011612,0,False,0.15,124730
4604,-0.10000000149011612,0,False,0.15,124758
4605,-0.10000000149011612,0,False,0.15,124785
4606,-0.10000000149011612,0,False,0.15,124811
4607,-0.10000000149011612,0,False,0.15,124834
4608,-0.10000000149011612,0,False,0.15,124862
4609,-0.10000000149011612,0,False,0.15,124890
4610,-0.10000000149011612,0,False,0.15,124918
4611,-0.10000000149011612,0,False,0.14,124941
4612,-0.10000000149011612,0,False,0.14,124964
4613,0.8999999985098839,1,True,0.15,124991
4614,-0.10000000149011612,0,False,0.14,125013
4615,-0.10000000149011612,0,False,0.14,125041
4616,-0.10000000149011612,0,False,0.14,125069
4617,0.8999999985098839,1,True,0.15,125097
4618,-0.10000000149011612,0,False,0.15,125125
4619,-0.10000000149011612,0,False,0.15,125153
4620,-0.10000000149011612,0,False,0.15,125180
4621,-0.10000000149011612,0,False,0.15,125208
4622,-0.10000000149011612,0,False,0.15,125236
4623,-0.10000000149011612,0,False,0.15,125259
4624,-0.10000000149011612,0,False,0.15,125282
4625,-0.10000000149011612,0,False,0.14,125310
4626,0.8999999985098839,1,True,0.15,125338
4627,0.8999999985098839,1,True,0.16,125366
4628,-0.10000000149011612,0,False,0.16,125394
4629,0.8999999985098839,1,True,0.16,125422
4630,-0.10000000149011612,0,False,0.16,125450
4631,0.8999999985098839,1,True,0.17,125478
4632,-0.10000000149011612,0,False,0.17,125500
4633,0.8999999985098839,1,True,0.18,125528
4634,-0.10000000149011612,0,False,0.18,125551
4635,-0.10000000149011612,0,False,0.18,125579
4636,-0.10000000149011612,0,False,0.18,125605
4637,-0.10000000149011612,0,False,0.17,125627
4638,0.8999999985098839,1,True,0.18,125652
4639,-0.10000000149011612,0,False,0.18,125674
4640,-0.10000000149011612,0,False,0.18,125702
4641,-0.10000000149011612,0,False,0.18,125730
4642,-0.10000000149011612,0,False,0.17,125755
4643,-0.10000000149011612,0,False,0.17,125783
4644,-0.10000000149011612,0,False,0.17,125811
4645,-0.10000000149011612,0,False,0.17,125839
4646,-0.10000000149011612,0,False,0.17,125867
4647,-0.10000000149011612,0,False,0.17,125895
4648,1.8999999985098839,2,True,0.18,125917
4649,0.8999999985098839,1,True,0.19,125945
4650,-0.10000000149011612,0,False,0.19,125973
4651,-0.10000000149011612,0,False,0.19,126001
4652,-0.10000000149011612,0,False,0.19,126026
4653,0.8999999985098839,1,True,0.2,126054
4654,-0.10000000149011612,0,False,0.2,126082
4655,0.8999999985098839,1,True,0.21,126110
4656,0.8999999985098839,1,True,0.22,126138
4657,-0.10000000149011612,0,False,0.22,126164
4658,0.8999999985098839,1,True,0.23,126192
4659,0.8999999985098839,1,True,0.24,126220
4660,-0.10000000149011612,0,False,0.24,126248
4661,-0.10000000149011612,0,False,0.24,126276
4662,1.8999999985098839,2,True,0.25,126304
4663,0.8999999985098839,1,True,0.25,126332
4664,-0.10000000149011612,0,False,0.24,126354
4665,-0.10000000149011612,0,False,0.24,126382
4666,-0.10000000149011612,0,False,0.24,126410
4667,-0.10000000149011612,0,False,0.24,126438
4668,-0.10000000149011612,0,False,0.24,126460
4669,-0.10000000149011612,0,False,0.24,126488
4670,-0.10000000149011612,0,False,0.24,126516
4671,-0.10000000149011612,0,False,0.24,126544
4672,0.8999999985098839,1,True,0.25,126572
4673,-0.10000000149011612,0,False,0.25,126600
4674,-0.10000000149011612,0,False,0.24,126628
4675,-0.10000000149011612,0,False,0.23,126656
4676,-0.10000000149011612,0,False,0.23,126684
4677,-0.10000000149011612,0,False,0.23,126712
4678,-0.10000000149011612,0,False,0.23,126740
4679,-0.10000000149011612,0,False,0.23,126768
4680,0.8999999985098839,1,True,0.24,126796
4681,-0.10000000149011612,0,False,0.24,126824
4682,-0.10000000149011612,0,False,0.24,126851
4683,2.899999998509884,3,True,0.25,126875
4684,0.8999999985098839,1,True,0.26,126903
4685,-0.10000000149011612,0,False,0.26,126931
4686,0.8999999985098839,1,True,0.26,126959
4687,-0.10000000149011612,0,False,0.26,126987
4688,0.8999999985098839,1,True,0.27,127009
4689,-0.10000000149011612,0,False,0.27,127037
4690,-0.10000000149011612,0,False,0.27,127065
4691,-0.10000000149011612,0,False,0.27,127093
4692,-0.10000000149011612,0,False,0.27,127121
4693,-0.10000000149011612,0,False,0.27,127149
4694,-0.10000000149011612,0,False,0.27,127177
4695,-0.10000000149011612,0,False,0.26,127205
4696,-0.10000000149011612,0,False,0.26,127233
4697,0.8999999985098839,1,True,0.26,127261
4698,-0.10000000149011612,0,False,0.26,127289
4699,1.8999999985098839,2,True,0.27,127317
4700,1.8999999985098839,2,True,0.28,127342
4701,-0.10000000149011612,0,False,0.27,127370
4702,-0.10000000149011612,0,False,0.26,127398
4703,-0.10000000149011612,0,False,0.26,127426
4704,-0.10000000149011612,0,False,0.26,127454
4705,-0.10000000149011612,0,False,0.26,127482
4706,-0.10000000149011612,0,False,0.26,127510
4707,-0.10000000149011612,0,False,0.26,127538
4708,-0.10000000149011612,0,False,0.26,127566
4709,0.8999999985098839,1,True,0.27,127594
4710,-0.10000000149011612,0,False,0.27,127622
4711,-0.10000000149011612,0,False,0.27,127650
4712,-0.10000000149011612,0,False,0.27,127672
4713,-0.10000000149011612,0,False,0.26,127700
4714,0.8999999985098839,1,True,0.27,127728
4715,-0.10000000149011612,0,False,0.27,127756
4716,0.8999999985098839,1,True,0.28,127784
4717,-0.10000000149011612,0,False,0.27,127812
4718,0.8999999985098839,1,True,0.28,127840
4719,-0.10000000149011612,0,False,0.28,127868
4720,-0.10000000149011612,0,False,0.28,127896
4721,-0.10000000149011612,0,False,0.28,127922
4722,-0.10000000149011612,0,False,0.28,127950
4723,1.8999999985098839,2,True,0.29,127978
4724,-0.10000000149011612,0,False,0.29,128006
4725,-0.10000000149011612,0,False,0.29,128029
4726,-0.10000000149011612,0,False,0.28,128057
4727,-0.10000000149011612,0,False,0.27,128085
4728,-0.10000000149011612,0,False,0.27,128113
4729,-0.10000000149011612,0,False,0.26,128135
4730,-0.10000000149011612,0,False,0.26,128163
4731,0.8999999985098839,1,True,0.26,128191
4732,-0.10000000149011612,0,False,0.26,128219
4733,-0.10000000149011612,0,False,0.25,128246
4734,0.8999999985098839,1,True,0.26,128274
4735,-0.10000000149011612,0,False,0.26,128302
4736,-0.10000000149011612,0,False,0.26,128330
4737,-0.10000000149011612,0,False,0.26,128358
4738,-0.10000000149011612,0,False,0.25,128386
4739,-0.10000000149011612,0,False,0.25,128414
4740,0.8999999985098839,1,True,0.26,128442
4741,-0.10000000149011612,0,False,0.26,128470
4742,-0.10000000149011612,0,False,0.26,128498
4743,-0.10000000149011612,0,False,0.26,128526
4744,0.8999999985098839,1,True,0.27,128554
4745,-0.10000000149011612,0,False,0.27,128580
4746,-0.10000000149011612,0,False,0.27,128608
4747,0.8999999985098839,1,True,0.28,128636
4748,0.8999999985098839,1,True,0.28,128664
4749,-0.10000000149011612,0,False,0.27,128692
4750,-0.10000000149011612,0,False,0.27,128714
4751,0.8999999985098839,1,True,0.28,128742
4752,-0.10000000149011612,0,False,0.28,128764
4753,-0.10000000149011612,0,False,0.27,128792
4754,-0.10000000149011612,0,False,0.27,128820
4755,-0.10000000149011612,0,False,0.26,128848
4756,-0.10000000149011612,0,False,0.25,128876
4757,-0.10000000149011612,0,False,0.25,128901
4758,-0.10000000149011612,0,False,0.24,128929
4759,-0.10000000149011612,0,False,0.23,128957
4760,-0.10000000149011612,0,False,0.23,128985
4761,-0.10000000149011612,0,False,0.23,129010
4762,-0.10000000149011612,0,False,0.22,129033
4763,-0.10000000149011612,0,False,0.21,129061
4764,0.8999999985098839,1,True,0.22,129084
4765,0.8999999985098839,1,True,0.23,129112
4766,-0.10000000149011612,0,False,0.23,129137
4767,-0.10000000149011612,0,False,0.23,129165
4768,-0.10000000149011612,0,False,0.23,129193
4769,-0.10000000149011612,0,False,0.23,129221
4770,-0.10000000149011612,0,False,0.23,129243
4771,-0.10000000149011612,0,False,0.23,129266
4772,-0.10000000149011612,0,False,0.22,129294
4773,0.8999999985098839,1,True,0.23,129322
4774,-0.10000000149011612,0,False,0.23,129350
4775,-0.10000000149011612,0,False,0.23,129378
4776,-0.10000000149011612,0,False,0.23,129406
4777,0.8999999985098839,1,True,0.24,129434
4778,-0.10000000149011612,0,False,0.24,129462
4779,-0.10000000149011612,0,False,0.24,129490
4780,-0.10000000149011612,0,False,0.23,129518
4781,-0.10000000149011612,0,False,0.23,129546
4782,-0.10000000149011612,0,False,0.23,129568
4783,0.8999999985098839,1,True,0.23,129596
4784,0.8999999985098839,1,True,0.23,129624
4785,-0.10000000149011612,0,False,0.23,129652
4786,-0.10000000149011612,0,False,0.22,129680
4787,-0.10000000149011612,0,False,0.22,129708
4788,-0.10000000149011612,0,False,0.21,129731
4789,-0.10000000149011612,0,False,0.21,129759
4790,-0.10000000149011612,0,False,0.21,129787
4791,-0.10000000149011612,0,False,0.21,129813
4792,0.8999999985098839,1,True,0.22,129841
4793,0.8999999985098839,1,True,0.23,129869
4794,-0.10000000149011612,0,False,0.23,129897
4795,-0.10000000149011612,0,False,0.23,129919
4796,-0.10000000149011612,0,False,0.23,129941
4797,-0.10000000149011612,0,False,0.22,129963
4798,-0.10000000149011612,0,False,0.22,129991
4799,-0.10000000149011612,0,False,0.21,130019
4800,-0.10000000149011612,0,False,0.2,130047
4801,-0.10000000149011612,0,False,0.2,130075
4802,-0.10000000149011612,0,False,0.2,130101
4803,-0.10000000149011612,0,False,0.2,130124
4804,-0.10000000149011612,0,False,0.2,130152
4805,2.899999998509884,3,True,0.21,130180
4806,-0.10000000149011612,0,False,0.21,130208
4807,-0.10000000149011612,0,False,0.21,130236
4808,0.8999999985098839,1,True,0.22,130264
4809,-0.10000000149011612,0,False,0.21,130289
4810,-0.10000000149011612,0,False,0.21,130312
4811,-0.10000000149011612,0,False,0.21,130340
4812,-0.10000000149011612,0,False,0.21,130368
4813,-0.10000000149011612,0,False,0.21,130396
4814,-0.10000000149011612,0,False,0.2,130424
4815,-0.10000000149011612,0,False,0.2,130452
4816,-0.10000000149011612,0,False,0.19,130480
4817,-0.10000000149011612,0,False,0.19,130508
4818,0.8999999985098839,1,True,0.19,130536
4819,-0.10000000149011612,0,False,0.19,130564
4820,0.8999999985098839,1,True,0.2,130592
4821,0.8999999985098839,1,True,0.21,130620
4822,-0.10000000149011612,0,False,0.21,130648
4823,0.8999999985098839,1,True,0.21,130676
4824,-0.10000000149011612,0,False,0.21,130702
4825,0.8999999985098839,1,True,0.22,130730
4826,-0.10000000149011612,0,False,0.22,130758
4827,-0.10000000149011612,0,False,0.22,130786
4828,-0.10000000149011612,0,False,0.22,130814
4829,-0.10000000149011612,0,False,0.22,130842
4830,-0.10000000149011612,0,False,0.22,130870
4831,-0.10000000149011612,0,False,0.21,130893
4832,-0.10000000149011612,0,False,0.21,130921
4833,-0.10000000149011612,0,False,0.21,130949
4834,-0.10000000149011612,0,False,0.2,130977
4835,-0.10000000149011612,0,False,0.2,131005
4836,-0.10000000149011612,0,False,0.2,131033
4837,-0.10000000149011612,0,False,0.2,131061
4838,0.8999999985098839,1,True,0.21,131089
4839,-0.10000000149011612,0,False,0.21,131117
4840,-0.10000000149011612,0,False,0.2,131145
4841,0.8999999985098839,1,True,0.21,131173
4842,-0.10000000149011612,0,False,0.21,131201
4843,-0.10000000149011612,0,False,0.21,131229
4844,-0.10000000149011612,0,False,0.2,131257
4845,-0.10000000149011612,0,False,0.2,131285
4846,-0.10000000149011612,0,False,0.2,131313
4847,-0.10000000149011612,0,False,0.19,131335
4848,-0.10000000149011612,0,False,0.18,131363
4849,0.8999999985098839,1,True,0.19,131391
4850,-0.10000000149011612,0,False,0.19,131419
4851,-0.10000000149011612,0,False,0.18,131447
4852,-0.10000000149011612,0,False,0.18,131475
4853,-0.10000000149011612,0,False,0.18,131503
4854,-0.10000000149011612,0,False,0.18,131531
4855,-0.10000000149011612,0,False,0.18,131559
4856,-0.10000000149011612,0,False,0.18,131587
4857,-0.10000000149011612,0,False,0.18,131615
4858,0.8999999985098839,1,True,0.19,131643
4859,-0.10000000149011612,0,False,0.19,131665
4860,-0.10000000149011612,0,False,0.19,131693
4861,-0.10000000149011612,0,False,0.19,131721
4862,0.8999999985098839,1,True,0.2,131749
4863,-0.10000000149011612,0,False,0.2,131777
4864,0.8999999985098839,1,True,0.2,131805
4865,-0.10000000149011612,0,False,0.19,131833
4866,-0.10000000149011612,0,False,0.19,131861
4867,-0.10000000149011612,0,False,0.19,131883
4868,-0.10000000149011612,0,False,0.19,131911
4869,-0.10000000149011612,0,False,0.19,131939
4870,-0.10000000149011612,0,False,0.19,131967
4871,0.8999999985098839,1,True,0.2,131995
4872,-0.10000000149011612,0,False,0.2,132023
4873,-0.10000000149011612,0,False,0.19,132051
4874,-0.10000000149011612,0,False,0.19,132079
4875,-0.10000000149011612,0,False,0.19,132107
4876,-0.10000000149011612,0,False,0.19,132130
4877,-0.10000000149011612,0,False,0.18,132158
4878,-0.10000000149011612,0,False,0.18,132180
4879,-0.10000000149011612,0,False,0.18,132208
4880,0.8999999985098839,1,True,0.19,132236
4881,-0.10000000149011612,0,False,0.19,132264
4882,-0.10000000149011612,0,False,0.19,132292
4883,-0.10000000149011612,0,False,0.18,132320
4884,-0.10000000149011612,0,False,0.17,132348
4885,0.8999999985098839,1,True,0.18,132376
4886,-0.10000000149011612,0,False,0.18,132404
4887,-0.10000000149011612,0,False,0.18,132432
4888,-0.10000000149011612,0,False,0.18,132460
4889,-0.10000000149011612,0,False,0.18,132488
4890,-0.10000000149011612,0,False,0.18,132510
4891,0.8999999985098839,1,True,0.19,132537
4892,-0.10000000149011612,0,False,0.18,132559
4893,-0.10000000149011612,0,False,0.17,132587
4894,-0.10000000149011612,0,False,0.17,132610
4895,-0.10000000149011612,0,False,0.17,132638
4896,-0.10000000149011612,0,False,0.17,132666
4897,0.8999999985098839,1,True,0.18,132694
4898,-0.10000000149011612,0,False,0.18,132722
4899,-0.10000000149011612,0,False,0.18,132750
4900,-0.10000000149011612,0,False,0.18,132778
4901,-0.10000000149011612,0,False,0.18,132806
4902,-0.10000000149011612,0,False,0.18,132834
4903,0.8999999985098839,1,True,0.19,132862
4904,-0.10000000149011612,0,False,0.19,132890
4905,-0.10000000149011612,0,False,0.18,132912
4906,0.8999999985098839,1,True,0.19,132940
4907,-0.10000000149011612,0,False,0.19,132968
4908,-0.10000000149011612,0,False,0.18,132996
4909,0.8999999985098839,1,True,0.19,133024
4910,-0.10000000149011612,0,False,0.19,133052
4911,-0.10000000149011612,0,False,0.19,133080
4912,1.8999999985098839,2,True,0.2,133108
4913,-0.10000000149011612,0,False,0.2,133136
4914,-0.10000000149011612,0,False,0.2,133164
4915,-0.10000000149011612,0,False,0.2,133192
4916,-0.10000000149011612,0,False,0.2,133220
4917,-0.10000000149011612,0,False,0.2,133248
4918,-0.10000000149011612,0,False,0.19,133276
4919,-0.10000000149011612,0,False,0.19,133304
4920,-0.10000000149011612,0,False,0.18,133332
4921,-0.10000000149011612,0,False,0.17,133356
4922,-0.10000000149011612,0,False,0.17,133384
4923,-0.10000000149011612,0,False,0.16,133412
4924,-0.10000000149011612,0,False,0.16,133440
4925,-0.10000000149011612,0,False,0.15,133468
4926,0.8999999985098839,1,True,0.16,133496
4927,-0.10000000149011612,0,False,0.16,133519
4928,-0.10000000149011612,0,False,0.16,133547
4929,-0.10000000149011612,0,False,0.16,133575
4930,-0.10000000149011612,0,False,0.16,133603
4931,-0.10000000149011612,0,False,0.16,133631
4932,-0.10000000149011612,0,False,0.16,133653
4933,-0.10000000149011612,0,False,0.16,133675
4934,0.8999999985098839,1,True,0.17,133703
4935,-0.10000000149011612,0,False,0.17,133731
4936,0.8999999985098839,1,True,0.18,133759
4937,0.8999999985098839,1,True,0.19,133787
4938,0.8999999985098839,1,True,0.19,133815
4939,-0.10000000149011612,0,False,0.19,133843
4940,-0.10000000149011612,0,False,0.19,133871
4941,-0.10000000149011612,0,False,0.18,133893
4942,1.8999999985098839,2,True,0.19,133921
4943,-0.10000000149011612,0,False,0.19,133949
4944,-0.10000000149011612,0,False,0.19,133977
4945,0.8999999985098839,1,True,0.2,134005
4946,-0.10000000149011612,0,False,0.2,134033
4947,-0.10000000149011612,0,False,0.2,134061
4948,-0.10000000149011612,0,False,0.2,134089
4949,-0.10000000149011612,0,False,0.19,134117
4950,0.8999999985098839,1,True,0.2,134145
4951,0.8999999985098839,1,True,0.21,134173
4952,-0.10000000149011612,0,False,0.21,134201
4953,-0.10000000149011612,0,False,0.21,134224
4954,0.8999999985098839,1,True,0.22,134252
4955,-0.10000000149011612,0,False,0.22,134280
4956,-0.10000000149011612,0,False,0.22,134308
4957,-0.10000000149011612,0,False,0.22,134336
4958,0.8999999985098839,1,True,0.22,134364
4959,-0.10000000149011612,0,False,0.22,134389
4960,-0.10000000149011612,0,False,0.22,134417
4961,0.8999999985098839,1,True,0.23,134445
4962,-0.10000000149011612,0,False,0.22,134473
4963,0.8999999985098839,1,True,0.23,134501
4964,-0.10000000149011612,0,False,0.22,134529
4965,-0.10000000149011612,0,False,0.22,134557
4966,-0.10000000149011612,0,False,0.22,134579
4967,0.8999999985098839,1,True,0.23,134607
4968,-0.10000000149011612,0,False,0.23,134635
4969,-0.10000000149011612,0,False,0.23,134663
4970,-0.10000000149011612,0,False,0.23,134691
4971,-0.10000000149011612,0,False,0.22,134719
4972,0.8999999985098839,1,True,0.23,134747
4973,-0.10000000149011612,0,False,0.23,134774
4974,-0.10000000149011612,0,False,0.23,134802
4975,-0.10000000149011612,0,False,0.23,134830
4976,-0.10000000149011612,0,False,0.23,134858
4977,-0.10000000149011612,0,False,0.23,134886
4978,-0.10000000149011612,0,False,0.23,134914
4979,-0.10000000149011612,0,False,0.23,134937
4980,-0.10000000149011612,0,False,0.22,134961
4981,-0.10000000149011612,0,False,0.22,134983
4982,-0.10000000149011612,0,False,0.22,135011
4983,-0.10000000149011612,0,False,0.22,135039
4984,0.8999999985098839,1,True,0.23,135062
4985,-0.10000000149011612,0,False,0.22,135090
4986,-0.10000000149011612,0,False,0.22,135114
4987,0.8999999985098839,1,True,0.23,135142
4988,0.8999999985098839,1,True,0.24,135170
4989,-0.10000000149011612,0,False,0.24,135198
4990,0.8999999985098839,1,True,0.25,135226
4991,-0.10000000149011612,0,False,0.24,135254
4992,-0.10000000149011612,0,False,0.24,135282
4993,-0.10000000149011612,0,False,0.24,135310
4994,1.8999999985098839,2,True,0.25,135338
4995,-0.10000000149011612,0,False,0.25,135366
4996,1.8999999985098839,2,True,0.26,135394
4997,0.8999999985098839,1,True,0.26,135422
4998,-0.10000000149011612,0,False,0.26,135445
4999,1.8999999985098839,2,True,0.27,135473
5000,-0.10000000149011612,0,False,0.27,135501
5001,-0.10000000149011612,0,False,0.27,135529
5002,-0.10000000149011612,0,False,0.27,135557
5003,-0.10000000149011612,0,False,0.26,135585
5004,-0.10000000149011612,0,False,0.26,135613
5005,-0.10000000149011612,0,False,0.26,135641
5006,-0.10000000149011612,0,False,0.25,135669
5007,-0.10000000149011612,0,False,0.25,135697
5008,0.8999999985098839,1,True,0.26,135725
5009,-0.10000000149011612,0,False,0.25,135750
5010,-0.10000000149011612,0,False,0.25,135777
5011,-0.10000000149011612,0,False,0.25,135805
5012,-0.10000000149011612,0,False,0.24,135833
5013,-0.10000000149011612,0,False,0.24,135861
5014,-0.10000000149011612,0,False,0.24,135889
5015,-0.10000000149011612,0,False,0.24,135917
5016,0.8999999985098839,1,True,0.25,135939
5017,-0.10000000149011612,0,False,0.25,135967
5018,-0.10000000149011612,0,False,0.25,135995
5019,0.8999999985098839,1,True,0.26,136017
5020,1.8999999985098839,2,True,0.27,136045
5021,-0.10000000149011612,0,False,0.27,136073
5022,-0.10000000149011612,0,False,0.27,136101
5023,-0.10000000149011612,0,False,0.27,136126
5024,-0.10000000149011612,0,False,0.27,136154
5025,0.8999999985098839,1,True,0.28,136178
5026,-0.10000000149011612,0,False,0.27,136201
5027,0.8999999985098839,1,True,0.28,136223
5028,-0.10000000149011612,0,False,0.28,136251
5029,-0.10000000149011612,0,False,0.28,136275
5030,-0.10000000149011612,0,False,0.28,136303
5031,-0.10000000149011612,0,False,0.28,136327
5032,0.8999999985098839,1,True,0.29,136355
5033,-0.10000000149011612,0,False,0.29,136383
5034,-0.10000000149011612,0,False,0.28,136411
5035,-0.10000000149011612,0,False,0.28,136439
5036,-0.10000000149011612,0,False,0.27,136461
5037,0.8999999985098839,1,True,0.27,136489
5038,-0.10000000149011612,0,False,0.26,136517
5039,-0.10000000149011612,0,False,0.26,136545
5040,-0.10000000149011612,0,False,0.26,136573
5041,0.8999999985098839,1,True,0.27,136601
5042,1.8999999985098839,2,True,0.27,136629
5043,-0.10000000149011612,0,False,0.27,136657
5044,-0.10000000149011612,0,False,0.27,136685
5045,-0.10000000149011612,0,False,0.26,136713
5046,0.8999999985098839,1,True,0.27,136741
5047,-0.10000000149011612,0,False,0.27,136769
5048,-0.10000000149011612,0,False,0.27,136797
5049,0.8999999985098839,1,True,0.28,136821
5050,-0.10000000149011612,0,False,0.27,136849
5051,-0.10000000149011612,0,False,0.26,136877
5052,-0.10000000149011612,0,False,0.26,136901
5053,0.8999999985098839,1,True,0.27,136929
5054,-0.10000000149011612,0,False,0.26,136957
5055,-0.10000000149011612,0,False,0.26,136985
5056,-0.10000000149011612,0,False,0.26,137009
5057,-0.10000000149011612,0,False,0.26,137031
5058,-0.10000000149011612,0,False,0.25,137059
5059,-0.10000000149011612,0,False,0.25,137087
5060,-0.10000000149011612,0,False,0.25,137112
5061,-0.10000000149011612,0,False,0.24,137135
5062,-0.10000000149011612,0,False,0.24,137157
5063,0.8999999985098839,1,True,0.24,137179
5064,-0.10000000149011612,0,False,0.24,137207
5065,-0.10000000149011612,0,False,0.24,137235
5066,-0.10000000149011612,0,False,0.24,137263
5067,-0.10000000149011612,0,False,0.23,137291
5068,0.8999999985098839,1,True,0.24,137313
5069,-0.10000000149011612,0,False,0.24,137341
5070,0.8999999985098839,1,True,0.25,137369
5071,-0.10000000149011612,0,False,0.25,137397
5072,-0.10000000149011612,0,False,0.24,137425
5073,-0.10000000149011612,0,False,0.24,137453
5074,-0.10000000149011612,0,False,0.24,137481
5075,-0.10000000149011612,0,False,0.24,137509
5076,-0.10000000149011612,0,False,0.24,137537
5077,-0.10000000149011612,0,False,0.24,137565
5078,-0.10000000149011612,0,False,0.24,137593
5079,-0.10000000149011612,0,False,0.24,137618
5080,-0.10000000149011612,0,False,0.24,137646
5081,1.8999999985098839,2,True,0.25,137674
5082,-0.10000000149011612,0,False,0.25,137697
5083,-0.10000000149011612,0,False,0.25,137725
5084,-0.10000000149011612,0,False,0.24,137753
5085,-0.10000000149011612,0,False,0.24,137781
5086,-0.10000000149011612,0,False,0.24,137809
5087,-0.10000000149011612,0,False,0.23,137837
5088,-0.10000000149011612,0,False,0.22,137865
5089,0.8999999985098839,1,True,0.23,137893
5090,-0.10000000149011612,0,False,0.22,137916
5091,-0.10000000149011612,0,False,0.22,137944
5092,-0.10000000149011612,0,False,0.22,137972
5093,0.8999999985098839,1,True,0.23,138000
5094,-0.10000000149011612,0,False,0.22,138027
5095,-0.10000000149011612,0,False,0.22,138055
5096,0.8999999985098839,1,True,0.22,138083
5097,-0.10000000149011612,0,False,0.21,138111
5098,-0.10000000149011612,0,False,0.21,138139
5099,-0.10000000149011612,0,False,0.2,138167
5100,-0.10000000149011612,0,False,0.2,138189
5101,-0.10000000149011612,0,False,0.2,138217
5102,0.8999999985098839,1,True,0.21,138245
5103,-0.10000000149011612,0,False,0.21,138273
5104,-0.10000000149011612,0,False,0.21,138301
5105,0.8999999985098839,1,True,0.22,138323
5106,-0.10000000149011612,0,False,0.22,138351
5107,-0.10000000149011612,0,False,0.22,138379
5108,-0.10000000149011612,0,False,0.21,138407
5109,-0.10000000149011612,0,False,0.21,138430
5110,-0.10000000149011612,0,False,0.21,138458
5111,-0.10000000149011612,0,False,0.21,138486
5112,-0.10000000149011612,0,False,0.21,138514
5113,-0.10000000149011612,0,False,0.21,138542
5114,-0.10000000149011612,0,False,0.21,138570
5115,-0.10000000149011612,0,False,0.21,138592
5116,-0.10000000149011612,0,False,0.2,138620
5117,-0.10000000149011612,0,False,0.2,138648
5118,-0.10000000149011612,0,False,0.2,138676
5119,-0.10000000149011612,0,False,0.19,138704
5120,1.8999999985098839,2,True,0.19,138732
5121,-0.10000000149011612,0,False,0.19,138760
5122,0.8999999985098839,1,True,0.2,138783
5123,-0.10000000149011612,0,False,0.2,138811
5124,-0.10000000149011612,0,False,0.2,138839
5125,-0.10000000149011612,0,False,0.19,138867
5126,-0.10000000149011612,0,False,0.19,138889
5127,-0.10000000149011612,0,False,0.18,138917
5128,0.8999999985098839,1,True,0.19,138945
5129,1.8999999985098839,2,True,0.2,138973
5130,0.8999999985098839,1,True,0.21,139001
5131,-0.10000000149011612,0,False,0.21,139029
5132,0.8999999985098839,1,True,0.21,139057
5133,-0.10000000149011612,0,False,0.21,139085
5134,-0.10000000149011612,0,False,0.21,139107
5135,-0.10000000149011612,0,False,0.21,139135
5136,-0.10000000149011612,0,False,0.21,139163
5137,-0.10000000149011612,0,False,0.2,139191
5138,-0.10000000149011612,0,False,0.2,139219
5139,-0.10000000149011612,0,False,0.2,139247
5140,0.8999999985098839,1,True,0.21,139275
5141,0.8999999985098839,1,True,0.21,139303
5142,-0.10000000149011612,0,False,0.2,139331
5143,-0.10000000149011612,0,False,0.2,139359
5144,0.8999999985098839,1,True,0.21,139387
5145,-0.10000000149011612,0,False,0.21,139414
5146,-0.10000000149011612,0,False,0.2,139442
5147,-0.10000000149011612,0,False,0.2,139470
5148,-0.10000000149011612,0,False,0.2,139493
5149,-0.10000000149011612,0,False,0.19,139515
5150,-0.10000000149011612,0,False,0.19,139543
5151,-0.10000000149011612,0,False,0.19,139571
5152,0.8999999985098839,1,True,0.2,139599
5153,0.8999999985098839,1,True,0.2,139627
5154,-0.10000000149011612,0,False,0.2,139650
5155,-0.10000000149011612,0,False,0.2,139678
5156,-0.10000000149011612,0,False,0.2,139706
5157,1.8999999985098839,2,True,0.21,139734
5158,-0.10000000149011612,0,False,0.21,139762
5159,-0.10000000149011612,0,False,0.21,139790
5160,-0.10000000149011612,0,False,0.21,139818
5161,-0.10000000149011612,0,False,0.21,139846
5162,-0.10000000149011612,0,False,0.21,139874
5163,0.8999999985098839,1,True,0.21,139902
5164,-0.10000000149011612,0,False,0.21,139930
5165,-0.10000000149011612,0,False,0.21,139954
5166,-0.10000000149011612,0,False,0.21,139976
5167,-0.10000000149011612,0,False,0.21,140004
5168,-0.10000000149011612,0,False,0.2,140032
5169,0.8999999985098839,1,True,0.21,140060
5170,-0.10000000149011612,0,False,0.2,140088
5171,-0.10000000149011612,0,False,0.2,140116
5172,0.8999999985098839,1,True,0.21,140144
5173,-0.10000000149011612,0,False,0.21,140172
5174,-0.10000000149011612,0,False,0.21,140200
5175,-0.10000000149011612,0,False,0.21,140228
5176,-0.10000000149011612,0,False,0.21,140256
5177,-0.10000000149011612,0,False,0.21,140284
5178,0.8999999985098839,1,True,0.22,140312
5179,0.8999999985098839,1,True,0.23,140340
5180,0.8999999985098839,1,True,0.24,140368
5181,-0.10000000149011612,0,False,0.23,140390
5182,1.8999999985098839,2,True,0.24,140418
5183,-0.10000000149011612,0,False,0.24,140446
5184,-0.10000000149011612,0,False,0.24,140474
5185,-0.10000000149011612,0,False,0.24,140502
5186,-0.10000000149011612,0,False,0.24,140530
5187,-0.10000000149011612,0,False,0.24,140558
5188,0.8999999985098839,1,True,0.25,140586
5189,-0.10000000149011612,0,False,0.24,140614
5190,-0.10000000149011612,0,False,0.24,140642
5191,0.8999999985098839,1,True,0.25,140670
5192,-0.10000000149011612,0,False,0.25,140698
5193,0.8999999985098839,1,True,0.25,140726
5194,-0.10000000149011612,0,False,0.25,140754
5195,-0.10000000149011612,0,False,0.25,140781
5196,-0.10000000149011612,0,False,0.24,140809
5197,-0.10000000149011612,0,False,0.24,140837
5198,-0.10000000149011612,0,False,0.24,140865
5199,-0.10000000149011612,0,False,0.24,140893
5200,-0.10000000149011612,0,False,0.24,140921
5201,-0.10000000149011612,0,False,0.24,140943
5202,-0.10000000149011612,0,False,0.23,140971
5203,0.8999999985098839,1,True,0.24,140999
5204,-0.10000000149011612,0,False,0.24,141027
5205,0.8999999985098839,1,True,0.24,141055
5206,-0.10000000149011612,0,False,0.24,141083
5207,-0.10000000149011612,0,False,0.24,141111
5208,-0.10000000149011612,0,False,0.24,141139
5209,0.8999999985098839,1,True,0.25,141167
5210,0.8999999985098839,1,True,0.26,141195
5211,-0.10000000149011612,0,False,0.26,141217
5212,1.8999999985098839,2,True,0.27,141239
5213,-0.10000000149011612,0,False,0.27,141267
5214,-0.10000000149011612,0,False,0.27,141295
5215,-0.10000000149011612,0,False,0.27,141323
5216,-0.10000000149011612,0,False,0.27,141351
5217,1.8999999985098839,2,True,0.28,141379
5218,-0.10000000149011612,0,False,0.28,141407
5219,-0.10000000149011612,0,False,0.28,141431
5220,-0.10000000149011612,0,False,0.27,141459
5221,-0.10000000149011612,0,False,0.27,141487
5222,1.8999999985098839,2,True,0.27,141515
5223,-0.10000000149011612,0,False,0.27,141543
5224,-0.10000000149011612,0,False,0.27,141567
5225,-0.10000000149011612,0,False,0.27,141595
5226,-0.10000000149011612,0,False,0.27,141623
5227,-0.10000000149011612,0,False,0.27,141647
5228,-0.10000000149011612,0,False,0.26,141669
5229,-0.10000000149011612,0,False,0.25,141697
5230,-0.10000000149011612,0,False,0.24,141725
5231,1.8999999985098839,2,True,0.25,141753
5232,-0.10000000149011612,0,False,0.24,141781
5233,-0.10000000149011612,0,False,0.24,141805
5234,-0.10000000149011612,0,False,0.24,141827
5235,-0.10000000149011612,0,False,0.24,141855
5236,-0.10000000149011612,0,False,0.24,141883
5237,0.8999999985098839,1,True,0.25,141911
5238,-0.10000000149011612,0,False,0.25,141939
5239,0.8999999985098839,1,True,0.26,141967
5240,-0.10000000149011612,0,False,0.25,141995
5241,-0.10000000149011612,0,False,0.24,142023
5242,-0.10000000149011612,0,False,0.24,142051
5243,0.8999999985098839,1,True,0.25,142079
5244,-0.10000000149011612,0,False,0.24,142107
5245,-0.10000000149011612,0,False,0.24,142135
5246,-0.10000000149011612,0,False,0.24,142163
5247,-0.10000000149011612,0,False,0.24,142186
5248,0.8999999985098839,1,True,0.25,142210
5249,-0.10000000149011612,0,False,0.25,142233
5250,-0.10000000149011612,0,False,0.25,142259
5251,-0.10000000149011612,0,False,0.25,142281
5252,-0.10000000149011612,0,False,0.24,142309
5253,-0.10000000149011612,0,False,0.23,142337
5254,1.8999999985098839,2,True,0.24,142365
5255,-0.10000000149011612,0,False,0.24,142393
5256,-0.10000000149011612,0,False,0.24,142421
5257,-0.10000000149011612,0,False,0.23,142449
5258,-0.10000000149011612,0,False,0.23,142473
5259,0.8999999985098839,1,True,0.24,142501
5260,-0.10000000149011612,0,False,0.24,142529
5261,1.8999999985098839,2,True,0.25,142557
5262,-0.10000000149011612,0,False,0.25,142579
5263,0.8999999985098839,1,True,0.25,142607
5264,-0.10000000149011612,0,False,0.25,142631
5265,-0.10000000149011612,0,False,0.25,142655
5266,-0.10000000149011612,0,False,0.25,142683
5267,-0.10000000149011612,0,False,0.25,142711
5268,-0.10000000149011612,0,False,0.25,142733
5269,-0.10000000149011612,0,False,0.24,142755
5270,0.8999999985098839,1,True,0.25,142778
5271,-0.10000000149011612,0,False,0.25,142806
5272,-0.10000000149011612,0,False,0.24,142831
5273,-0.10000000149011612,0,False,0.24,142859
5274,-0.10000000149011612,0,False,0.24,142887
5275,-0.10000000149011612,0,False,0.24,142915
5276,-0.10000000149011612,0,False,0.24,142943
5277,-0.10000000149011612,0,False,0.24,142970
5278,0.8999999985098839,1,True,0.24,142998
5279,-0.10000000149011612,0,False,0.23,143026
5280,0.8999999985098839,1,True,0.23,143054
5281,-0.10000000149011612,0,False,0.23,143082
5282,0.8999999985098839,1,True,0.23,143107
5283,-0.10000000149011612,0,False,0.23,143135
5284,-0.10000000149011612,0,False,0.23,143163
5285,-0.10000000149011612,0,False,0.23,143191
5286,-0.10000000149011612,0,False,0.23,143213
5287,-0.10000000149011612,0,False,0.23,143241
5288,0.8999999985098839,1,True,0.23,143269
5289,0.8999999985098839,1,True,0.24,143297
5290,-0.10000000149011612,0,False,0.24,143325
5291,-0.10000000149011612,0,False,0.23,143347
5292,-0.10000000149011612,0,False,0.23,143375
5293,-0.10000000149011612,0,False,0.22,143403
5294,0.8999999985098839,1,True,0.23,143431
5295,-0.10000000149011612,0,False,0.23,143453
5296,-0.10000000149011612,0,False,0.23,143481
5297,0.8999999985098839,1,True,0.24,143509
5298,-0.10000000149011612,0,False,0.24,143537
5299,-0.10000000149011612,0,False,0.24,143565
5300,0.8999999985098839,1,True,0.25,143593
5301,0.8999999985098839,1,True,0.26,143618
5302,-0.10000000149011612,0,False,0.26,143646
5303,0.8999999985098839,1,True,0.26,143668
5304,-0.10000000149011612,0,False,0.26,143696
5305,-0.10000000149011612,0,False,0.25,143724
5306,-0.10000000149011612,0,False,0.25,143752
5307,-0.10000000149011612,0,False,0.25,143775
5308,2.899999998509884,3,True,0.26,143803
5309,-0.10000000149011612,0,False,0.25,143831
5310,-0.10000000149011612,0,False,0.24,143853
5311,0.8999999985098839,1,True,0.25,143875
5312,-0.10000000149011612,0,False,0.24,143903
5313,-0.10000000149011612,0,False,0.24,143931
5314,0.8999999985098839,1,True,0.25,143959
5315,-0.10000000149011612,0,False,0.25,143983
5316,-0.10000000149011612,0,False,0.25,144011
5317,-0.10000000149011612,0,False,0.24,144039
5318,1.8999999985098839,2,True,0.25,144065
5319,-0.10000000149011612,0,False,0.25,144093
5320,0.8999999985098839,1,True,0.26,144121
5321,0.8999999985098839,1,True,0.27,144149
5322,-0.10000000149011612,0,False,0.26,144177
5323,-0.10000000149011612,0,False,0.26,144205
5324,-0.10000000149011612,0,False,0.26,144233
5325,-0.10000000149011612,0,False,0.26,144257
5326,-0.10000000149011612,0,False,0.26,144285
5327,1.8999999985098839,2,True,0.27,144313
5328,-0.10000000149011612,0,False,0.27,144341
5329,-0.10000000149011612,0,False,0.27,144369
5330,-0.10000000149011612,0,False,0.27,144397
5331,-0.10000000149011612,0,False,0.26,144425
5332,-0.10000000149011612,0,False,0.26,144453
5333,0.8999999985098839,1,True,0.27,144481
5334,-0.10000000149011612,0,False,0.27,144508
5335,-0.10000000149011612,0,False,0.27,144536
5336,-0.10000000149011612,0,False,0.27,144564
5337,-0.10000000149011612,0,False,0.26,144588
5338,-0.10000000149011612,0,False,0.26,144616
5339,-0.10000000149011612,0,False,0.25,144644
5340,0.8999999985098839,1,True,0.26,144672
5341,-0.10000000149011612,0,False,0.26,144700
5342,-0.10000000149011612,0,False,0.26,144728
5343,0.8999999985098839,1,True,0.26,144756
5344,-0.10000000149011612,0,False,0.26,144782
5345,-0.10000000149011612,0,False,0.26,144810
5346,-0.10000000149011612,0,False,0.26,144838
5347,-0.10000000149011612,0,False,0.26,144866
5348,-0.10000000149011612,0,False,0.25,144894
5349,-0.10000000149011612,0,False,0.25,144922
5350,1.8999999985098839,2,True,0.26,144950
5351,0.8999999985098839,1,True,0.27,144978
5352,0.8999999985098839,1,True,0.28,145006
5353,-0.10000000149011612,0,False,0.28,145034
5354,-0.10000000149011612,0,False,0.27,145062
5355,-0.10000000149011612,0,False,0.27,145090
5356,0.8999999985098839,1,True,0.28,145118
5357,0.8999999985098839,1,True,0.29,145146
5358,0.8999999985098839,1,True,0.3,145174
5359,-0.10000000149011612,0,False,0.29,145202
5360,-0.10000000149011612,0,False,0.29,145230
5361,-0.10000000149011612,0,False,0.28,145258
5362,-0.10000000149011612,0,False,0.28,145286
5363,-0.10000000149011612,0,False,0.27,145309
5364,-0.10000000149011612,0,False,0.27,145337
5365,-0.10000000149011612,0,False,0.27,145365
5366,-0.10000000149011612,0,False,0.27,145393
5367,0.8999999985098839,1,True,0.28,145421
5368,1.8999999985098839,2,True,0.29,145445
5369,-0.10000000149011612,0,False,0.29,145473
5370,-0.10000000149011612,0,False,0.28,145501
5371,0.8999999985098839,1,True,0.29,145529
5372,-0.10000000149011612,0,False,0.29,145557
5373,-0.10000000149011612,0,False,0.29,145585
5374,0.8999999985098839,1,True,0.3,145613
5375,-0.10000000149011612,0,False,0.3,145641
5376,-0.10000000149011612,0,False,0.3,145669
5377,0.8999999985098839,1,True,0.31,145696
5378,-0.10000000149011612,0,False,0.3,145724
5379,0.8999999985098839,1,True,0.31,145752
5380,1.8999999985098839,2,True,0.31,145780
5381,-0.10000000149011612,0,False,0.31,145808
5382,-0.10000000149011612,0,False,0.3,145836
5383,1.8999999985098839,2,True,0.31,145864
5384,-0.10000000149011612,0,False,0.31,145892
5385,2.899999998509884,3,True,0.32,145920
5386,-0.10000000149011612,0,False,0.32,145944
5387,-0.10000000149011612,0,False,0.32,145972
5388,1.8999999985098839,2,True,0.32,145995
5389,0.8999999985098839,1,True,0.32,146017
5390,-0.10000000149011612,0,False,0.32,146045
5391,-0.10000000149011612,0,False,0.32,146071
5392,-0.10000000149011612,0,False,0.32,146099
5393,-0.10000000149011612,0,False,0.32,146127
5394,-0.10000000149011612,0,False,0.31,146155
5395,-0.10000000149011612,0,False,0.31,146179
5396,-0.10000000149011612,0,False,0.31,146207
5397,-0.10000000149011612,0,False,0.3,146235
5398,-0.10000000149011612,0,False,0.3,146259
5399,-0.10000000149011612,0,False,0.3,146287
5400,-0.10000000149011612,0,False,0.29,146315
5401,0.8999999985098839,1,True,0.29,146343
5402,-0.10000000149011612,0,False,0.29,146371
5403,-0.10000000149011612,0,False,0.28,146399
5404,-0.10000000149011612,0,False,0.28,146421
5405,0.8999999985098839,1,True,0.29,146449
5406,-0.10000000149011612,0,False,0.29,146475
5407,-0.10000000149011612,0,False,0.29,146502
5408,0.8999999985098839,1,True,0.29,146528
5409,0.8999999985098839,1,True,0.3,146555
5410,-0.10000000149011612,0,False,0.3,146583
5411,-0.10000000149011612,0,False,0.29,146610
5412,-0.10000000149011612,0,False,0.29,146638
5413,-0.10000000149011612,0,False,0.29,146666
5414,0.8999999985098839,1,True,0.29,146694
5415,-0.10000000149011612,0,False,0.29,146722
5416,-0.10000000149011612,0,False,0.29,146747
5417,-0.10000000149011612,0,False,0.29,146775
5418,-0.10000000149011612,0,False,0.28,146803
5419,0.8999999985098839,1,True,0.29,146831
5420,0.8999999985098839,1,True,0.29,146859
5421,-0.10000000149011612,0,False,0.28,146881
5422,-0.10000000149011612,0,False,0.28,146909
5423,-0.10000000149011612,0,False,0.28,146937
5424,-0.10000000149011612,0,False,0.28,146965
5425,-0.10000000149011612,0,False,0.28,146987
5426,-0.10000000149011612,0,False,0.28,147009
5427,-0.10000000149011612,0,False,0.27,147031
5428,0.8999999985098839,1,True,0.28,147059
5429,-0.10000000149011612,0,False,0.28,147087
5430,0.8999999985098839,1,True,0.29,147115
5431,-0.10000000149011612,0,False,0.29,147140
5432,-0.10000000149011612,0,False,0.29,147168
5433,-0.10000000149011612,0,False,0.28,147196
5434,-0.10000000149011612,0,False,0.28,147224
5435,0.8999999985098839,1,True,0.29,147252
5436,-0.10000000149011612,0,False,0.29,147280
5437,0.8999999985098839,1,True,0.3,147308
5438,-0.10000000149011612,0,False,0.3,147331
5439,-0.10000000149011612,0,False,0.3,147359
5440,-0.10000000149011612,0,False,0.29,147387
5441,-0.10000000149011612,0,False,0.29,147415
5442,-0.10000000149011612,0,False,0.29,147443
5443,-0.10000000149011612,0,False,0.28,147471
5444,-0.10000000149011612,0,False,0.28,147498
5445,-0.10000000149011612,0,False,0.28,147520
5446,0.8999999985098839,1,True,0.29,147544
5447,0.8999999985098839,1,True,0.3,147572
5448,-0.10000000149011612,0,False,0.3,147600
5449,-0.10000000149011612,0,False,0.3,147628
5450,-0.10000000149011612,0,False,0.29,147656
5451,-0.10000000149011612,0,False,0.28,147684
5452,1.8999999985098839,2,True,0.28,147712
5453,-0.10000000149011612,0,False,0.28,147740
5454,-0.10000000149011612,0,False,0.28,147764
5455,-0.10000000149011612,0,False,0.28,147792
5456,-0.10000000149011612,0,False,0.27,147814
5457,1.8999999985098839,2,True,0.27,147842
5458,-0.10000000149011612,0,False,0.26,147870
5459,-0.10000000149011612,0,False,0.26,147898
5460,-0.10000000149011612,0,False,0.26,147926
5461,-0.10000000149011612,0,False,0.26,147954
5462,-0.10000000149011612,0,False,0.26,147982
5463,0.8999999985098839,1,True,0.27,148010
5464,0.8999999985098839,1,True,0.28,148038
5465,-0.10000000149011612,0,False,0.28,148066
5466,-0.10000000149011612,0,False,0.28,148094
5467,0.8999999985098839,1,True,0.28,148122
5468,0.8999999985098839,1,True,0.28,148147
5469,1.8999999985098839,2,True,0.29,148175
5470,0.8999999985098839,1,True,0.3,148198
5471,-0.10000000149011612,0,False,0.29,148224
5472,0.8999999985098839,1,True,0.3,148252
5473,-0.10000000149011612,0,False,0.3,148274
5474,-0.10000000149011612,0,False,0.29,148297
5475,-0.10000000149011612,0,False,0.29,148325
5476,-0.10000000149011612,0,False,0.29,148353
5477,-0.10000000149011612,0,False,0.28,148381
5478,-0.10000000149011612,0,False,0.28,148407
5479,-0.10000000149011612,0,False,0.27,148435
5480,-0.10000000149011612,0,False,0.26,148457
5481,-0.10000000149011612,0,False,0.26,148485
5482,-0.10000000149011612,0,False,0.26,148513
5483,-0.10000000149011612,0,False,0.25,148535
5484,0.8999999985098839,1,True,0.26,148563
5485,0.8999999985098839,1,True,0.26,148591
5486,-0.10000000149011612,0,False,0.26,148613
5487,-0.10000000149011612,0,False,0.26,148641
5488,-0.10000000149011612,0,False,0.25,148665
5489,-0.10000000149011612,0,False,0.24,148693
5490,-0.10000000149011612,0,False,0.24,148721
5491,-0.10000000149011612,0,False,0.24,148749
5492,-0.10000000149011612,0,False,0.24,148777
5493,-0.10000000149011612,0,False,0.24,148805
5494,-0.10000000149011612,0,False,0.24,148833
5495,-0.10000000149011612,0,False,0.24,148861
5496,-0.10000000149011612,0,False,0.24,148889
5497,-0.10000000149011612,0,False,0.24,148917
5498,0.8999999985098839,1,True,0.25,148945
5499,-0.10000000149011612,0,False,0.25,148973
5500,-0.10000000149011612,0,False,0.25,148996
5501,-0.10000000149011612,0,False,0.24,149024
5502,-0.10000000149011612,0,False,0.24,149049
5503,-0.10000000149011612,0,False,0.24,149072
5504,-0.10000000149011612,0,False,0.24,149100
5505,-0.10000000149011612,0,False,0.23,149122
5506,0.8999999985098839,1,True,0.24,149150
5507,-0.10000000149011612,0,False,0.24,149178
5508,-0.10000000149011612,0,False,0.23,149200
5509,0.8999999985098839,1,True,0.23,149222
5510,-0.10000000149011612,0,False,0.23,149245
5511,-0.10000000149011612,0,False,0.23,149273
5512,-0.10000000149011612,0,False,0.23,149301
5513,0.8999999985098839,1,True,0.24,149329
5514,-0.10000000149011612,0,False,0.23,149357
5515,-0.10000000149011612,0,False,0.23,149385
5516,-0.10000000149011612,0,False,0.23,149413
5517,-0.10000000149011612,0,False,0.23,149441
5518,-0.10000000149011612,0,False,0.23,149469
5519,-0.10000000149011612,0,False,0.22,149497
5520,-0.10000000149011612,0,False,0.21,149525
5521,0.8999999985098839,1,True,0.22,149553
5522,-0.10000000149011612,0,False,0.22,149581
5523,0.8999999985098839,1,True,0.23,149609
5524,0.8999999985098839,1,True,0.24,149637
5525,-0.10000000149011612,0,False,0.24,149665
5526,-0.10000000149011612,0,False,0.24,149693
5527,-0.10000000149011612,0,False,0.24,149715
5528,-0.10000000149011612,0,False,0.23,149743
5529,-0.10000000149011612,0,False,0.23,149771
5530,-0.10000000149011612,0,False,0.22,149799
5531,1.8999999985098839,2,True,0.23,149827
5532,0.8999999985098839,1,True,0.24,149855
5533,-0.10000000149011612,0,False,0.24,149883
5534,-0.10000000149011612,0,False,0.24,149911
5535,-0.10000000149011612,0,False,0.23,149939
5536,-0.10000000149011612,0,False,0.23,149967
5537,0.8999999985098839,1,True,0.23,149995
5538,0.8999999985098839,1,True,0.24,150023
5539,-0.10000000149011612,0,False,0.24,150051
5540,-0.10000000149011612,0,False,0.24,150079
5541,-0.10000000149011612,0,False,0.24,150107
5542,0.8999999985098839,1,True,0.25,150135
5543,-0.10000000149011612,0,False,0.25,150163
5544,0.8999999985098839,1,True,0.26,150191
5545,-0.10000000149011612,0,False,0.26,150219
5546,-0.10000000149011612,0,False,0.25,150247
5547,-0.10000000149011612,0,False,0.24,150275
5548,-0.10000000149011612,0,False,0.24,150303
5549,0.8999999985098839,1,True,0.25,150331
5550,-0.10000000149011612,0,False,0.25,150359
5551,-0.10000000149011612,0,False,0.25,150387
5552,-0.10000000149011612,0,False,0.24,150415
5553,-0.10000000149011612,0,False,0.24,150443
5554,-0.10000000149011612,0,False,0.24,150471
5555,0.8999999985098839,1,True,0.25,150499
5556,-0.10000000149011612,0,False,0.25,150527
5557,-0.10000000149011612,0,False,0.24,150554
5558,-0.10000000149011612,0,False,0.24,150582
5559,1.8999999985098839,2,True,0.25,150610
5560,0.8999999985098839,1,True,0.26,150638
5561,-0.10000000149011612,0,False,0.26,150666
5562,0.8999999985098839,1,True,0.27,150694
5563,1.8999999985098839,2,True,0.27,150716
5564,-0.10000000149011612,0,False,0.26,150744
5565,-0.10000000149011612,0,False,0.26,150772
5566,-0.10000000149011612,0,False,0.26,150800
5567,-0.10000000149011612,0,False,0.25,150828
5568,-0.10000000149011612,0,False,0.24,150856
5569,0.8999999985098839,1,True,0.24,150884
5570,-0.10000000149011612,0,False,0.23,150912
5571,-0.10000000149011612,0,False,0.23,150940
5572,-0.10000000149011612,0,False,0.22,150962
5573,-0.10000000149011612,0,False,0.22,150990
5574,-0.10000000149011612,0,False,0.22,151018
5575,-0.10000000149011612,0,False,0.22,151046
5576,-0.10000000149011612,0,False,0.22,151074
5577,-0.10000000149011612,0,False,0.22,151102
5578,-0.10000000149011612,0,False,0.22,151130
5579,-0.10000000149011612,0,False,0.22,151158
5580,0.8999999985098839,1,True,0.23,151186
5581,-0.10000000149011612,0,False,0.23,151214
5582,0.8999999985098839,1,True,0.24,151242
5583,-0.10000000149011612,0,False,0.24,151264
5584,-0.10000000149011612,0,False,0.23,151288
5585,0.8999999985098839,1,True,0.23,151316
5586,-0.10000000149011612,0,False,0.23,151344
5587,-0.10000000149011612,0,False,0.23,151372
5588,-0.10000000149011612,0,False,0.23,151400
5589,-0.10000000149011612,0,False,0.23,151428
5590,0.8999999985098839,1,True,0.24,151456
5591,-0.10000000149011612,0,False,0.24,151484
5592,0.8999999985098839,1,True,0.25,151512
5593,-0.10000000149011612,0,False,0.25,151540
5594,-0.10000000149011612,0,False,0.25,151562
5595,-0.10000000149011612,0,False,0.25,151590
5596,-0.10000000149011612,0,False,0.25,151612
5597,-0.10000000149011612,0,False,0.25,151640
5598,-0.10000000149011612,0,False,0.24,151663
5599,-0.10000000149011612,0,False,0.24,151691
5600,-0.10000000149011612,0,False,0.24,151719
5601,-0.10000000149011612,0,False,0.24,151747
5602,0.8999999985098839,1,True,0.25,151772
5603,-0.10000000149011612,0,False,0.25,151800
5604,-0.10000000149011612,0,False,0.25,151828
5605,-0.10000000149011612,0,False,0.25,151856
5606,-0.10000000149011612,0,False,0.24,151884
5607,-0.10000000149011612,0,False,0.24,151912
5608,-0.10000000149011612,0,False,0.24,151940
5609,0.8999999985098839,1,True,0.24,151968
5610,-0.10000000149011612,0,False,0.24,151996
5611,-0.10000000149011612,0,False,0.24,152024
5612,-0.10000000149011612,0,False,0.24,152047
5613,1.8999999985098839,2,True,0.24,152075
5614,-0.10000000149011612,0,False,0.24,152103
5615,-0.10000000149011612,0,False,0.24,152131
5616,-0.10000000149011612,0,False,0.24,152159
5617,-0.10000000149011612,0,False,0.24,152187
5618,-0.10000000149011612,0,False,0.24,152210
5619,-0.10000000149011612,0,False,0.24,152238
5620,-0.10000000149011612,0,False,0.24,152266
5621,0.8999999985098839,1,True,0.24,152289
5622,1.8999999985098839,2,True,0.25,152317
5623,-0.10000000149011612,0,False,0.24,152345
5624,-0.10000000149011612,0,False,0.23,152367
5625,1.8999999985098839,2,True,0.24,152395
5626,-0.10000000149011612,0,False,0.24,152423
5627,0.8999999985098839,1,True,0.25,152446
5628,-0.10000000149011612,0,False,0.25,152474
5629,0.8999999985098839,1,True,0.26,152502
5630,-0.10000000149011612,0,False,0.26,152530
5631,-0.10000000149011612,0,False,0.25,152558
5632,-0.10000000149011612,0,False,0.24,152586
5633,-0.10000000149011612,0,False,0.24,152614
5634,-0.10000000149011612,0,False,0.24,152642
5635,1.8999999985098839,2,True,0.25,152670
5636,-0.10000000149011612,0,False,0.25,152695
5637,0.8999999985098839,1,True,0.25,152723
5638,-0.10000000149011612,0,False,0.24,152751
5639,-0.10000000149011612,0,False,0.24,152774
5640,-0.10000000149011612,0,False,0.24,152802
5641,-0.10000000149011612,0,False,0.24,152824
5642,-0.10000000149011612,0,False,0.23,152852
5643,-0.10000000149011612,0,False,0.23,152880
5644,-0.10000000149011612,0,False,0.22,152908
5645,-0.10000000149011612,0,False,0.22,152936
5646,-0.10000000149011612,0,False,0.22,152964
5647,0.8999999985098839,1,True,0.23,152992
5648,-0.10000000149011612,0,False,0.23,153020
5649,-0.10000000149011612,0,False,0.22,153042
5650,-0.10000000149011612,0,False,0.22,153070
5651,0.8999999985098839,1,True,0.23,153098
5652,0.8999999985098839,1,True,0.24,153122
5653,0.8999999985098839,1,True,0.25,153150
5654,-0.10000000149011612,0,False,0.25,153178
5655,-0.10000000149011612,0,False,0.24,153206
5656,-0.10000000149011612,0,False,0.24,153234
5657,0.8999999985098839,1,True,0.25,153262
5658,-0.10000000149011612,0,False,0.25,153290
5659,-0.10000000149011612,0,False,0.24,153312
5660,-0.10000000149011612,0,False,0.23,153339
5661,-0.10000000149011612,0,False,0.23,153361
5662,-0.10000000149011612,0,False,0.22,153389
5663,-0.10000000149011612,0,False,0.21,153417
5664,0.8999999985098839,1,True,0.22,153440
5665,0.8999999985098839,1,True,0.23,153468
5666,-0.10000000149011612,0,False,0.23,153493
5667,-0.10000000149011612,0,False,0.23,153516
5668,-0.10000000149011612,0,False,0.23,153544
5669,-0.10000000149011612,0,False,0.22,153572
5670,-0.10000000149011612,0,False,0.22,153600
5671,-0.10000000149011612,0,False,0.22,153628
5672,0.8999999985098839,1,True,0.23,153656
5673,-0.10000000149011612,0,False,0.23,153684
5674,0.8999999985098839,1,True,0.24,153712
5675,-0.10000000149011612,0,False,0.24,153734
5676,-0.10000000149011612,0,False,0.24,153762
5677,-0.10000000149011612,0,False,0.24,153790
5678,-0.10000000149011612,0,False,0.24,153818
5679,-0.10000000149011612,0,False,0.24,153846
5680,1.8999999985098839,2,True,0.24,153874
5681,-0.10000000149011612,0,False,0.24,153900
5682,0.8999999985098839,1,True,0.24,153928
5683,-0.10000000149011612,0,False,0.24,153956
5684,-0.10000000149011612,0,False,0.24,153984
5685,0.8999999985098839,1,True,0.24,154012
5686,-0.10000000149011612,0,False,0.24,154036
5687,-0.10000000149011612,0,False,0.24,154064
5688,-0.10000000149011612,0,False,0.24,154092
5689,-0.10000000149011612,0,False,0.24,154120
5690,-0.10000000149011612,0,False,0.23,154148
5691,0.8999999985098839,1,True,0.24,154176
5692,0.8999999985098839,1,True,0.24,154204
5693,-0.10000000149011612,0,False,0.24,154229
5694,-0.10000000149011612,0,False,0.24,154257
5695,-0.10000000149011612,0,False,0.24,154285
5696,-0.10000000149011612,0,False,0.24,154307
5697,-0.10000000149011612,0,False,0.24,154333
5698,-0.10000000149011612,0,False,0.24,154356
5699,-0.10000000149011612,0,False,0.24,154384
5700,-0.10000000149011612,0,False,0.24,154412
5701,-0.10000000149011612,0,False,0.24,154440
5702,-0.10000000149011612,0,False,0.23,154468
5703,-0.10000000149011612,0,False,0.23,154493
5704,-0.10000000149011612,0,False,0.23,154515
5705,-0.10000000149011612,0,False,0.23,154543
5706,0.8999999985098839,1,True,0.24,154571
5707,-0.10000000149011612,0,False,0.24,154599
5708,0.8999999985098839,1,True,0.25,154627
5709,-0.10000000149011612,0,False,0.24,154655
5710,-0.10000000149011612,0,False,0.24,154683
5711,1.8999999985098839,2,True,0.25,154711
5712,-0.10000000149011612,0,False,0.25,154739
5713,-0.10000000149011612,0,False,0.24,154767
5714,-0.10000000149011612,0,False,0.24,154790
5715,-0.10000000149011612,0,False,0.24,154818
5716,0.8999999985098839,1,True,0.25,154846
5717,0.8999999985098839,1,True,0.26,154868
5718,0.8999999985098839,1,True,0.27,154896
5719,-0.10000000149011612,0,False,0.27,154924
5720,-0.10000000149011612,0,False,0.27,154952
5721,-0.10000000149011612,0,False,0.26,154980
5722,-0.10000000149011612,0,False,0.25,155008
5723,-0.10000000149011612,0,False,0.25,155036
5724,-0.10000000149011612,0,False,0.25,155064
5725,-0.10000000149011612,0,False,0.24,155092
5726,-0.10000000149011612,0,False,0.24,155120
5727,-0.10000000149011612,0,False,0.23,155148
5728,-0.10000000149011612,0,False,0.23,155176
5729,-0.10000000149011612,0,False,0.22,155204
5730,0.8999999985098839,1,True,0.23,155232
5731,-0.10000000149011612,0,False,0.23,155260
5732,-0.10000000149011612,0,False,0.23,155288
5733,-0.10000000149011612,0,False,0.23,155310
5734,-0.10000000149011612,0,False,0.23,155338
5735,-0.10000000149011612,0,False,0.22,155366
5736,-0.10000000149011612,0,False,0.22,155394
5737,-0.10000000149011612,0,False,0.21,155422
5738,-0.10000000149011612,0,False,0.21,155450
5739,-0.10000000149011612,0,False,0.21,155478
5740,-0.10000000149011612,0,False,0.21,155506
5741,0.8999999985098839,1,True,0.22,155534
5742,-0.10000000149011612,0,False,0.22,155562
5743,0.8999999985098839,1,True,0.23,155590
5744,-0.10000000149011612,0,False,0.23,155612
5745,0.8999999985098839,1,True,0.24,155640
5746,0.8999999985098839,1,True,0.25,155668
5747,-0.10000000149011612,0,False,0.24,155696
5748,-0.10000000149011612,0,False,0.24,155720
5749,0.8999999985098839,1,True,0.25,155742
5750,-0.10000000149011612,0,False,0.25,155770
5751,-0.10000000149011612,0,False,0.24,155798
5752,-0.10000000149011612,0,False,0.23,155826
5753,-0.10000000149011612,0,False,0.22,155848
5754,-0.10000000149011612,0,False,0.22,155876
5755,-0.10000000149011612,0,False,0.22,155904
5756,-0.10000000149011612,0,False,0.22,155932
5757,-0.10000000149011612,0,False,0.21,155960
5758,0.8999999985098839,1,True,0.22,155988
5759,0.8999999985098839,1,True,0.23,156011
5760,0.8999999985098839,1,True,0.24,156039
5761,-0.10000000149011612,0,False,0.24,156067
5762,1.8999999985098839,2,True,0.25,156089
5763,-0.10000000149011612,0,False,0.25,156117
5764,-0.10000000149011612,0,False,0.24,156145
5765,-0.10000000149011612,0,False,0.23,156173
5766,-0.10000000149011612,0,False,0.23,156201
5767,-0.10000000149011612,0,False,0.23,156229
5768,-0.10000000149011612,0,False,0.23,156257
5769,-0.10000000149011612,0,False,0.23,156285
5770,-0.10000000149011612,0,False,0.23,156313
5771,0.8999999985098839,1,True,0.24,156341
5772,-0.10000000149011612,0,False,0.23,156363
5773,-0.10000000149011612,0,False,0.23,156391
5774,-0.10000000149011612,0,False,0.22,156419
5775,-0.10000000149011612,0,False,0.22,156447
5776,-0.10000000149011612,0,False,0.22,156475
5777,-0.10000000149011612,0,False,0.22,156503
5778,-0.10000000149011612,0,False,0.22,156531
5779,-0.10000000149011612,0,False,0.22,156559
5780,-0.10000000149011612,0,False,0.21,156587
5781,0.8999999985098839,1,True,0.22,156614
5782,-0.10000000149011612,0,False,0.21,156641
5783,-0.10000000149011612,0,False,0.21,156665
5784,-0.10000000149011612,0,False,0.21,156693
5785,-0.10000000149011612,0,False,0.2,156721
5786,-0.10000000149011612,0,False,0.2,156749
5787,-0.10000000149011612,0,False,0.2,156777
5788,-0.10000000149011612,0,False,0.2,156805
5789,-0.10000000149011612,0,False,0.2,156828
5790,0.8999999985098839,1,True,0.21,156856
5791,-0.10000000149011612,0,False,0.2,156884
5792,-0.10000000149011612,0,False,0.19,156912
5793,-0.10000000149011612,0,False,0.19,156934
5794,-0.10000000149011612,0,False,0.19,156962
5795,-0.10000000149011612,0,False,0.19,156984
5796,-0.10000000149011612,0,False,0.19,157012
5797,-0.10000000149011612,0,False,0.19,157040
5798,-0.10000000149011612,0,False,0.19,157068
5799,-0.10000000149011612,0,False,0.19,157096
5800,0.8999999985098839,1,True,0.2,157123
5801,2.899999998509884,3,True,0.21,157151
5802,-0.10000000149011612,0,False,0.21,157173
5803,-0.10000000149011612,0,False,0.21,157201
5804,-0.10000000149011612,0,False,0.21,157223
5805,0.8999999985098839,1,True,0.22,157251
5806,-0.10000000149011612,0,False,0.21,157273
5807,-0.10000000149011612,0,False,0.21,157301
5808,-0.10000000149011612,0,False,0.2,157329
5809,-0.10000000149011612,0,False,0.2,157357
5810,-0.10000000149011612,0,False,0.2,157385
5811,-0.10000000149011612,0,False,0.19,157413
5812,-0.10000000149011612,0,False,0.19,157441
5813,-0.10000000149011612,0,False,0.19,157469
5814,-0.10000000149011612,0,False,0.19,157497
5815,-0.10000000149011612,0,False,0.19,157519
5816,-0.10000000149011612,0,False,0.18,157547
5817,-0.10000000149011612,0,False,0.17,157569
5818,0.8999999985098839,1,True,0.17,157597
5819,-0.10000000149011612,0,False,0.17,157625
5820,-0.10000000149011612,0,False,0.17,157653
5821,-0.10000000149011612,0,False,0.17,157681
5822,-0.10000000149011612,0,False,0.17,157709
5823,-0.10000000149011612,0,False,0.17,157737
5824,-0.10000000149011612,0,False,0.17,157765
5825,-0.10000000149011612,0,False,0.17,157793
5826,-0.10000000149011612,0,False,0.17,157815
5827,-0.10000000149011612,0,False,0.17,157843
5828,-0.10000000149011612,0,False,0.17,157871
5829,0.8999999985098839,1,True,0.18,157899
5830,0.8999999985098839,1,True,0.18,157927
5831,-0.10000000149011612,0,False,0.18,157955
5832,-0.10000000149011612,0,False,0.18,157983
5833,-0.10000000149011612,0,False,0.18,158008
5834,-0.10000000149011612,0,False,0.18,158036
5835,-0.10000000149011612,0,False,0.18,158061
5836,-0.10000000149011612,0,False,0.18,158089
5837,-0.10000000149011612,0,False,0.18,158111
5838,-0.10000000149011612,0,False,0.18,158139
5839,-0.10000000149011612,0,False,0.18,158167
5840,1.8999999985098839,2,True,0.19,158195
5841,-0.10000000149011612,0,False,0.18,158223
5842,-0.10000000149011612,0,False,0.18,158245
5843,-0.10000000149011612,0,False,0.17,158273
5844,-0.10000000149011612,0,False,0.17,158301
5845,-0.10000000149011612,0,False,0.16,158329
5846,-0.10000000149011612,0,False,0.15,158357
5847,-0.10000000149011612,0,False,0.15,158385
5848,-0.10000000149011612,0,False,0.15,158413
5849,-0.10000000149011612,0,False,0.14,158435
5850,-0.10000000149011612,0,False,0.14,158463
5851,-0.10000000149011612,0,False,0.14,158491
5852,-0.10000000149011612,0,False,0.14,158517
5853,-0.10000000149011612,0,False,0.14,158539
5854,-0.10000000149011612,0,False,0.14,158567
5855,-0.10000000149011612,0,False,0.14,158593
5856,-0.10000000149011612,0,False,0.14,158621
5857,-0.10000000149011612,0,False,0.14,158649
5858,-0.10000000149011612,0,False,0.13,158677
5859,0.8999999985098839,1,True,0.13,158705
5860,0.8999999985098839,1,True,0.13,158733
5861,-0.10000000149011612,0,False,0.13,158761
5862,-0.10000000149011612,0,False,0.12,158789
5863,-0.10000000149011612,0,False,0.12,158817
5864,-0.10000000149011612,0,False,0.12,158845
5865,-0.10000000149011612,0,False,0.12,158873
5866,-0.10000000149011612,0,False,0.12,158901
5867,-0.10000000149011612,0,False,0.12,158929
5868,-0.10000000149011612,0,False,0.12,158957
5869,-0.10000000149011612,0,False,0.12,158985
5870,-0.10000000149011612,0,False,0.12,159013
5871,-0.10000000149011612,0,False,0.11,159041
5872,-0.10000000149011612,0,False,0.11,159069
5873,-0.10000000149011612,0,False,0.11,159097
5874,-0.10000000149011612,0,False,0.11,159125
5875,-0.10000000149011612,0,False,0.11,159150
5876,-0.10000000149011612,0,False,0.11,159178
5877,-0.10000000149011612,0,False,0.11,159206
5878,-0.10000000149011612,0,False,0.11,159234
5879,-0.10000000149011612,0,False,0.11,159256
5880,-0.10000000149011612,0,False,0.11,159281
5881,-0.10000000149011612,0,False,0.1,159309
5882,-0.10000000149011612,0,False,0.1,159337
5883,-0.10000000149011612,0,False,0.1,159365
5884,-0.10000000149011612,0,False,0.1,159393
5885,0.8999999985098839,1,True,0.11,159421
5886,-0.10000000149011612,0,False,0.11,159449
5887,-0.10000000149011612,0,False,0.11,159477
5888,-0.10000000149011612,0,False,0.11,159505
5889,-0.10000000149011612,0,False,0.11,159531
5890,0.8999999985098839,1,True,0.11,159559
5891,-0.10000000149011612,0,False,0.11,159587
5892,-0.10000000149011612,0,False,0.11,159615
5893,-0.10000000149011612,0,False,0.11,159643
5894,-0.10000000149011612,0,False,0.11,159665
5895,-0.10000000149011612,0,False,0.11,159693
5896,1.8999999985098839,2,True,0.12,159721
5897,0.8999999985098839,1,True,0.13,159749
5898,-0.10000000149011612,0,False,0.13,159773
5899,-0.10000000149011612,0,False,0.13,159798
5900,0.8999999985098839,1,True,0.13,159826
5901,-0.10000000149011612,0,False,0.12,159854
5902,0.8999999985098839,1,True,0.13,159882
5903,-0.10000000149011612,0,False,0.13,159910
5904,-0.10000000149011612,0,False,0.13,159938
5905,-0.10000000149011612,0,False,0.12,159966
5906,-0.10000000149011612,0,False,0.12,159994
5907,-0.10000000149011612,0,False,0.12,160022
5908,-0.10000000149011612,0,False,0.12,160050
5909,0.8999999985098839,1,True,0.13,160078
5910,-0.10000000149011612,0,False,0.13,160106
5911,-0.10000000149011612,0,False,0.13,160134
5912,-0.10000000149011612,0,False,0.13,160162
5913,-0.10000000149011612,0,False,0.13,160185
5914,-0.10000000149011612,0,False,0.13,160213
5915,-0.10000000149011612,0,False,0.13,160239
5916,-0.10000000149011612,0,False,0.13,160267
5917,0.8999999985098839,1,True,0.14,160295
5918,-0.10000000149011612,0,False,0.13,160319
5919,-0.10000000149011612,0,False,0.13,160347
5920,-0.10000000149011612,0,False,0.13,160369
5921,-0.10000000149011612,0,False,0.13,160397
5922,-0.10000000149011612,0,False,0.13,160425
5923,-0.10000000149011612,0,False,0.13,160453
5924,-0.10000000149011612,0,False,0.13,160476
5925,-0.10000000149011612,0,False,0.13,160504
5926,-0.10000000149011612,0,False,0.13,160532
5927,1.8999999985098839,2,True,0.14,160560
5928,-0.10000000149011612,0,False,0.14,160588
5929,-0.10000000149011612,0,False,0.13,160610
5930,0.8999999985098839,1,True,0.13,160638
5931,-0.10000000149011612,0,False,0.13,160663
5932,-0.10000000149011612,0,False,0.13,160685
5933,-0.10000000149011612,0,False,0.13,160713
5934,-0.10000000149011612,0,False,0.13,160741
5935,0.8999999985098839,1,True,0.14,160769
5936,-0.10000000149011612,0,False,0.14,160797
5937,-0.10000000149011612,0,False,0.14,160825
5938,-0.10000000149011612,0,False,0.14,160848
5939,-0.10000000149011612,0,False,0.14,160876
5940,0.8999999985098839,1,True,0.14,160904
5941,-0.10000000149011612,0,False,0.14,160929
5942,0.8999999985098839,1,True,0.15,160951
5943,-0.10000000149011612,0,False,0.15,160979
5944,-0.10000000149011612,0,False,0.15,161007
5945,-0.10000000149011612,0,False,0.15,161034
5946,-0.10000000149011612,0,False,0.15,161061
5947,-0.10000000149011612,0,False,0.15,161089
5948,0.8999999985098839,1,True,0.16,161117
5949,-0.10000000149011612,0,False,0.16,161145
5950,0.8999999985098839,1,True,0.17,161173
5951,-0.10000000149011612,0,False,0.17,161201
5952,0.8999999985098839,1,True,0.18,161229
5953,-0.10000000149011612,0,False,0.18,161257
5954,-0.10000000149011612,0,False,0.18,161285
5955,-0.10000000149011612,0,False,0.18,161313
5956,-0.10000000149011612,0,False,0.18,161341
5957,-0.10000000149011612,0,False,0.18,161366
5958,0.8999999985098839,1,True,0.19,161394
5959,-0.10000000149011612,0,False,0.18,161422
5960,-0.10000000149011612,0,False,0.17,161450
5961,-0.10000000149011612,0,False,0.17,161476
5962,-0.10000000149011612,0,False,0.17,161504
5963,0.8999999985098839,1,True,0.18,161532
5964,-0.10000000149011612,0,False,0.18,161560
5965,0.8999999985098839,1,True,0.19,161588
5966,-0.10000000149011612,0,False,0.19,161614
5967,-0.10000000149011612,0,False,0.19,161642
5968,-0.10000000149011612,0,False,0.19,161670
5969,-0.10000000149011612,0,False,0.19,161698
5970,0.8999999985098839,1,True,0.2,161726
5971,0.8999999985098839,1,True,0.21,161754
5972,-0.10000000149011612,0,False,0.21,161782
5973,-0.10000000149011612,0,False,0.21,161810
5974,-0.10000000149011612,0,False,0.21,161838
5975,-0.10000000149011612,0,False,0.21,161866
5976,-0.10000000149011612,0,False,0.21,161894
5977,-0.10000000149011612,0,False,0.21,161922
5978,-0.10000000149011612,0,False,0.21,161944
5979,-0.10000000149011612,0,False,0.21,161972
5980,-0.10000000149011612,0,False,0.21,162000
5981,0.8999999985098839,1,True,0.22,162028
5982,-0.10000000149011612,0,False,0.22,162050
5983,-0.10000000149011612,0,False,0.22,162078
5984,-0.10000000149011612,0,False,0.22,162106
5985,-0.10000000149011612,0,False,0.21,162129
5986,0.8999999985098839,1,True,0.22,162151
5987,-0.10000000149011612,0,False,0.22,162179
5988,0.8999999985098839,1,True,0.23,162202
5989,-0.10000000149011612,0,False,0.23,162230
5990,-0.10000000149011612,0,False,0.22,162258
5991,-0.10000000149011612,0,False,0.22,162283
5992,-0.10000000149011612,0,False,0.22,162311
5993,-0.10000000149011612,0,False,0.22,162339
5994,-0.10000000149011612,0,False,0.22,162365
5995,-0.10000000149011612,0,False,0.22,162393
5996,0.8999999985098839,1,True,0.22,162415
5997,-0.10000000149011612,0,False,0.21,162443
5998,-0.10000000149011612,0,False,0.21,162471
5999,0.8999999985098839,1,True,0.22,162499
6000,-0.10000000149011612,0,False,0.21,162527
6001,0.8999999985098839,1,True,0.22,162555
6002,0.8999999985098839,1,True,0.22,162583
6003,-0.10000000149011612,0,False,0.22,162611
6004,-0.10000000149011612,0,False,0.22,162639
6005,-0.10000000149011612,0,False,0.22,162667
6006,0.8999999985098839,1,True,0.23,162695
6007,-0.10000000149011612,0,False,0.23,162723
6008,-0.10000000149011612,0,False,0.23,162751
6009,-0.10000000149011612,0,False,0.22,162779
6010,0.8999999985098839,1,True,0.23,162807
6011,-0.10000000149011612,0,False,0.23,162835
6012,-0.10000000149011612,0,False,0.23,162857
6013,-0.10000000149011612,0,False,0.23,162885
6014,0.8999999985098839,1,True,0.24,162908
6015,1.8999999985098839,2,True,0.25,162936
6016,-0.10000000149011612,0,False,0.25,162964
6017,-0.10000000149011612,0,False,0.24,162992
6018,-0.10000000149011612,0,False,0.24,163020
6019,0.8999999985098839,1,True,0.25,163048
6020,-0.10000000149011612,0,False,0.25,163076
6021,-0.10000000149011612,0,False,0.25,163104
6022,-0.10000000149011612,0,False,0.25,163129
6023,-0.10000000149011612,0,False,0.25,163157
6024,-0.10000000149011612,0,False,0.25,163185
6025,-0.10000000149011612,0,False,0.25,163213
6026,-0.10000000149011612,0,False,0.25,163236
6027,1.8999999985098839,2,True,0.25,163262
6028,0.8999999985098839,1,True,0.26,163290
6029,-0.10000000149011612,0,False,0.26,163318
6030,-0.10000000149011612,0,False,0.25,163346
6031,-0.10000000149011612,0,False,0.25,163374
6032,-0.10000000149011612,0,False,0.25,163402
6033,0.8999999985098839,1,True,0.26,163430
6034,-0.10000000149011612,0,False,0.26,163452
6035,-0.10000000149011612,0,False,0.25,163480
6036,0.8999999985098839,1,True,0.26,163508
6037,-0.10000000149011612,0,False,0.26,163536
6038,-0.10000000149011612,0,False,0.26,163558
6039,-0.10000000149011612,0,False,0.26,163582
6040,0.8999999985098839,1,True,0.26,163604
6041,0.8999999985098839,1,True,0.27,163631
6042,-0.10000000149011612,0,False,0.26,163659
6043,-0.10000000149011612,0,False,0.26,163687
6044,-0.10000000149011612,0,False,0.26,163714
6045,-0.10000000149011612,0,False,0.26,163739
6046,-0.10000000149011612,0,False,0.26,163767
6047,-0.10000000149011612,0,False,0.26,163795
6048,-0.10000000149011612,0,False,0.25,163823
6049,-0.10000000149011612,0,False,0.25,163851
6050,-0.10000000149011612,0,False,0.24,163879
6051,-0.10000000149011612,0,False,0.24,163901
6052,-0.10000000149011612,0,False,0.23,163929
6053,0.8999999985098839,1,True,0.24,163957
6054,0.8999999985098839,1,True,0.25,163985
6055,-0.10000000149011612,0,False,0.25,164013
6056,0.8999999985098839,1,True,0.26,164041
6057,0.8999999985098839,1,True,0.27,164067
6058,0.8999999985098839,1,True,0.27,164095
6059,-0.10000000149011612,0,False,0.27,164122
6060,-0.10000000149011612,0,False,0.27,164150
6061,-0.10000000149011612,0,False,0.27,164178
6062,-0.10000000149011612,0,False,0.27,164206
6063,-0.10000000149011612,0,False,0.26,164230
6064,-0.10000000149011612,0,False,0.26,164258
6065,-0.10000000149011612,0,False,0.25,164286
6066,-0.10000000149011612,0,False,0.25,164314
6067,-0.10000000149011612,0,False,0.25,164342
6068,1.8999999985098839,2,True,0.26,164364
6069,-0.10000000149011612,0,False,0.26,164392
6070,-0.10000000149011612,0,False,0.25,164420
6071,-0.10000000149011612,0,False,0.24,164448
6072,-0.10000000149011612,0,False,0.24,164476
6073,-0.10000000149011612,0,False,0.24,164504
6074,-0.10000000149011612,0,False,0.24,164532
6075,-0.10000000149011612,0,False,0.24,164560
6076,-0.10000000149011612,0,False,0.24,164588
6077,-0.10000000149011612,0,False,0.24,164610
6078,-0.10000000149011612,0,False,0.24,164638
6079,0.8999999985098839,1,True,0.25,164666
6080,-0.10000000149011612,0,False,0.25,164694
6081,1.8999999985098839,2,True,0.25,164718
6082,-0.10000000149011612,0,False,0.25,164746
6083,-0.10000000149011612,0,False,0.25,164774
6084,0.8999999985098839,1,True,0.26,164802
6085,0.8999999985098839,1,True,0.27,164830
6086,0.8999999985098839,1,True,0.27,164858
6087,-0.10000000149011612,0,False,0.27,164886
6088,0.8999999985098839,1,True,0.27,164909
6089,-0.10000000149011612,0,False,0.27,164937
6090,-0.10000000149011612,0,False,0.27,164965
6091,0.8999999985098839,1,True,0.28,164987
6092,-0.10000000149011612,0,False,0.28,165015
6093,-0.10000000149011612,0,False,0.28,165043
6094,-0.10000000149011612,0,False,0.28,165071
6095,-0.10000000149011612,0,False,0.28,165099
6096,-0.10000000149011612,0,False,0.27,165127
6097,0.8999999985098839,1,True,0.28,165155
6098,-0.10000000149011612,0,False,0.28,165183
6099,0.8999999985098839,1,True,0.28,165211
6100,-0.10000000149011612,0,False,0.28,165233
6101,-0.10000000149011612,0,False,0.27,165261
6102,-0.10000000149011612,0,False,0.26,165289
6103,-0.10000000149011612,0,False,0.26,165317
6104,2.899999998509884,3,True,0.27,165340
6105,0.8999999985098839,1,True,0.28,165368
6106,-0.10000000149011612,0,False,0.27,165396
6107,-0.10000000149011612,0,False,0.27,165424
6108,-0.10000000149011612,0,False,0.27,165452
6109,-0.10000000149011612,0,False,0.27,165474
6110,-0.10000000149011612,0,False,0.26,165502
6111,-0.10000000149011612,0,False,0.26,165530
6112,-0.10000000149011612,0,False,0.26,165558
6113,0.8999999985098839,1,True,0.27,165586
6114,1.8999999985098839,2,True,0.27,165614
6115,-0.10000000149011612,0,False,0.26,165642
6116,-0.10000000149011612,0,False,0.26,165670
6117,-0.10000000149011612,0,False,0.26,165698
6118,-0.10000000149011612,0,False,0.26,165726
6119,-0.10000000149011612,0,False,0.25,165754
6120,0.8999999985098839,1,True,0.26,165782
6121,-0.10000000149011612,0,False,0.26,165810
6122,-0.10000000149011612,0,False,0.26,165833
6123,0.8999999985098839,1,True,0.27,165861
6124,-0.10000000149011612,0,False,0.27,165889
6125,0.8999999985098839,1,True,0.28,165917
6126,1.8999999985098839,2,True,0.29,165940
6127,0.8999999985098839,1,True,0.29,165968
6128,-0.10000000149011612,0,False,0.28,165996
6129,-0.10000000149011612,0,False,0.28,166019
6130,-0.10000000149011612,0,False,0.28,166046
6131,0.8999999985098839,1,True,0.29,166074
6132,-0.10000000149011612,0,False,0.29,166102
6133,-0.10000000149011612,0,False,0.28,166130
6134,0.8999999985098839,1,True,0.29,166152
6135,-0.10000000149011612,0,False,0.29,166175
6136,-0.10000000149011612,0,False,0.28,166203
6137,-0.10000000149011612,0,False,0.28,166231
6138,-0.10000000149011612,0,False,0.28,166255
6139,-0.10000000149011612,0,False,0.28,166283
6140,-0.10000000149011612,0,False,0.27,166311
6141,-0.10000000149011612,0,False,0.26,166339
6142,-0.10000000149011612,0,False,0.26,166367
6143,-0.10000000149011612,0,False,0.26,166395
6144,0.8999999985098839,1,True,0.27,166421
6145,-0.10000000149011612,0,False,0.27,166449
6146,-0.10000000149011612,0,False,0.27,166477
6147,2.899999998509884,3,True,0.28,166505
6148,-0.10000000149011612,0,False,0.28,166533
6149,-0.10000000149011612,0,False,0.28,166561
6150,-0.10000000149011612,0,False,0.28,166589
6151,-0.10000000149011612,0,False,0.28,166617
6152,-0.10000000149011612,0,False,0.28,166641
6153,-0.10000000149011612,0,False,0.27,166663
6154,-0.10000000149011612,0,False,0.26,166691
6155,0.8999999985098839,1,True,0.27,166713
6156,-0.10000000149011612,0,False,0.26,166741
6157,-0.10000000149011612,0,False,0.25,166769
6158,-0.10000000149011612,0,False,0.24,166797
6159,-0.10000000149011612,0,False,0.24,166825
6160,-0.10000000149011612,0,False,0.24,166853
6161,-0.10000000149011612,0,False,0.24,166881
6162,-0.10000000149011612,0,False,0.24,166909
6163,-0.10000000149011612,0,False,0.24,166937
6164,-0.10000000149011612,0,False,0.24,166965
6165,-0.10000000149011612,0,False,0.24,166993
6166,-0.10000000149011612,0,False,0.24,167021
6167,-0.10000000149011612,0,False,0.24,167049
6168,0.8999999985098839,1,True,0.24,167077
6169,-0.10000000149011612,0,False,0.24,167103
6170,-0.10000000149011612,0,False,0.24,167131
6171,-0.10000000149011612,0,False,0.24,167159
6172,-0.10000000149011612,0,False,0.24,167187
6173,-0.10000000149011612,0,False,0.24,167215
6174,1.8999999985098839,2,True,0.25,167243
6175,-0.10000000149011612,0,False,0.25,167271
6176,-0.10000000149011612,0,False,0.25,167299
6177,-0.10000000149011612,0,False,0.25,167327
6178,-0.10000000149011612,0,False,0.25,167355
6179,0.8999999985098839,1,True,0.25,167383
6180,-0.10000000149011612,0,False,0.25,167407
6181,0.8999999985098839,1,True,0.25,167435
6182,-0.10000000149011612,0,False,0.25,167459
6183,0.8999999985098839,1,True,0.26,167487
6184,0.8999999985098839,1,True,0.26,167515
6185,-0.10000000149011612,0,False,0.25,167543
6186,0.8999999985098839,1,True,0.25,167569
6187,-0.10000000149011612,0,False,0.25,167597
6188,-0.10000000149011612,0,False,0.24,167625
6189,-0.10000000149011612,0,False,0.24,167653
6190,-0.10000000149011612,0,False,0.24,167681
6191,-0.10000000149011612,0,False,0.23,167709
6192,0.8999999985098839,1,True,0.24,167737
6193,-0.10000000149011612,0,False,0.24,167759
6194,1.8999999985098839,2,True,0.25,167787
6195,0.8999999985098839,1,True,0.26,167809
6196,0.8999999985098839,1,True,0.27,167837
6197,-0.10000000149011612,0,False,0.26,167865
6198,-0.10000000149011612,0,False,0.26,167893
6199,0.8999999985098839,1,True,0.26,167921
6200,-0.10000000149011612,0,False,0.26,167949
6201,0.8999999985098839,1,True,0.27,167977
6202,-0.10000000149011612,0,False,0.27,168005
6203,-0.10000000149011612,0,False,0.27,168033
6204,0.8999999985098839,1,True,0.27,168057
6205,-0.10000000149011612,0,False,0.26,168079
6206,-0.10000000149011612,0,False,0.26,168107
6207,-0.10000000149011612,0,False,0.26,168135
6208,-0.10000000149011612,0,False,0.26,168163
6209,0.8999999985098839,1,True,0.27,168191
6210,-0.10000000149011612,0,False,0.27,168219
6211,-0.10000000149011612,0,False,0.27,168247
6212,-0.10000000149011612,0,False,0.27,168275
6213,-0.10000000149011612,0,False,0.26,168303
6214,-0.10000000149011612,0,False,0.25,168331
6215,-0.10000000149011612,0,False,0.25,168359
6216,-0.10000000149011612,0,False,0.25,168384
6217,-0.10000000149011612,0,False,0.25,168412
6218,-0.10000000149011612,0,False,0.25,168440
6219,-0.10000000149011612,0,False,0.25,168468
6220,-0.10000000149011612,0,False,0.24,168496
6221,-0.10000000149011612,0,False,0.24,168518
6222,-0.10000000149011612,0,False,0.24,168546
6223,-0.10000000149011612,0,False,0.23,168573
6224,-0.10000000149011612,0,False,0.23,168597
6225,-0.10000000149011612,0,False,0.22,168625
6226,-0.10000000149011612,0,False,0.21,168653
6227,-0.10000000149011612,0,False,0.2,168681
6228,1.8999999985098839,2,True,0.21,168709
6229,-0.10000000149011612,0,False,0.21,168731
6230,-0.10000000149011612,0,False,0.21,168753
6231,-0.10000000149011612,0,False,0.2,168776
6232,-0.10000000149011612,0,False,0.2,168804
6233,-0.10000000149011612,0,False,0.2,168832
6234,0.8999999985098839,1,True,0.2,168860
6235,-0.10000000149011612,0,False,0.2,168888
6236,-0.10000000149011612,0,False,0.2,168912
6237,-0.10000000149011612,0,False,0.2,168940
6238,0.8999999985098839,1,True,0.21,168962
6239,-0.10000000149011612,0,False,0.21,168984
6240,-0.10000000149011612,0,False,0.21,169012
6241,-0.10000000149011612,0,False,0.21,169035
6242,-0.10000000149011612,0,False,0.21,169057
6243,-0.10000000149011612,0,False,0.21,169082
6244,0.8999999985098839,1,True,0.21,169110
6245,-0.10000000149011612,0,False,0.21,169138
6246,-0.10000000149011612,0,False,0.21,169166
6247,0.8999999985098839,1,True,0.21,169194
6248,0.8999999985098839,1,True,0.22,169222
6249,1.8999999985098839,2,True,0.23,169250
6250,-0.10000000149011612,0,False,0.23,169278
6251,-0.10000000149011612,0,False,0.23,169306
6252,0.8999999985098839,1,True,0.24,169334
6253,-0.10000000149011612,0,False,0.24,169362
6254,-0.10000000149011612,0,False,0.24,169390
6255,-0.10000000149011612,0,False,0.23,169418
6256,-0.10000000149011612,0,False,0.23,169446
6257,-0.10000000149011612,0,False,0.23,169474
6258,-0.10000000149011612,0,False,0.23,169502
6259,-0.10000000149011612,0,False,0.23,169530
6260,-0.10000000149011612,0,False,0.23,169552
6261,-0.10000000149011612,0,False,0.23,169575
6262,-0.10000000149011612,0,False,0.23,169603
6263,-0.10000000149011612,0,False,0.23,169631
6264,-0.10000000149011612,0,False,0.23,169659
6265,-0.10000000149011612,0,False,0.23,169687
6266,-0.10000000149011612,0,False,0.23,169715
6267,-0.10000000149011612,0,False,0.23,169743
6268,0.8999999985098839,1,True,0.23,169771
6269,0.8999999985098839,1,True,0.24,169799
6270,0.8999999985098839,1,True,0.25,169827
6271,0.8999999985098839,1,True,0.26,169855
6272,-0.10000000149011612,0,False,0.26,169883
6273,-0.10000000149011612,0,False,0.26,169911
6274,-0.10000000149011612,0,False,0.25,169939
6275,-0.10000000149011612,0,False,0.25,169967
6276,-0.10000000149011612,0,False,0.25,169995
6277,-0.10000000149011612,0,False,0.25,170023
6278,-0.10000000149011612,0,False,0.25,170051
6279,-0.10000000149011612,0,False,0.24,170079
6280,-0.10000000149011612,0,False,0.24,170102
6281,-0.10000000149011612,0,False,0.23,170125
6282,-0.10000000149011612,0,False,0.23,170151
6283,-0.10000000149011612,0,False,0.22,170179
6284,-0.10000000149011612,0,False,0.21,170207
6285,-0.10000000149011612,0,False,0.21,170235
6286,-0.10000000149011612,0,False,0.2,170257
6287,-0.10000000149011612,0,False,0.2,170285
6288,0.8999999985098839,1,True,0.21,170309
6289,0.8999999985098839,1,True,0.22,170337
6290,-0.10000000149011612,0,False,0.22,170365
6291,-0.10000000149011612,0,False,0.22,170393
6292,-0.10000000149011612,0,False,0.21,170421
6293,0.8999999985098839,1,True,0.22,170449
6294,-0.10000000149011612,0,False,0.21,170477
6295,-0.10000000149011612,0,False,0.2,170503
6296,-0.10000000149011612,0,False,0.19,170531
6297,-0.10000000149011612,0,False,0.19,170559
6298,-0.10000000149011612,0,False,0.19,170587
6299,-0.10000000149011612,0,False,0.18,170615
6300,-0.10000000149011612,0,False,0.18,170637
6301,-0.10000000149011612,0,False,0.17,170665
6302,-0.10000000149011612,0,False,0.17,170693
6303,-0.10000000149011612,0,False,0.17,170721
6304,-0.10000000149011612,0,False,0.16,170749
6305,-0.10000000149011612,0,False,0.16,170777
6306,-0.10000000149011612,0,False,0.16,170800
6307,-0.10000000149011612,0,False,0.16,170828
6308,-0.10000000149011612,0,False,0.16,170856
6309,-0.10000000149011612,0,False,0.15,170884
6310,-0.10000000149011612,0,False,0.15,170907
6311,-0.10000000149011612,0,False,0.15,170935
6312,-0.10000000149011612,0,False,0.15,170961
6313,0.8999999985098839,1,True,0.16,170989
6314,-0.10000000149011612,0,False,0.16,171012
6315,-0.10000000149011612,0,False,0.16,171035
6316,-0.10000000149011612,0,False,0.16,171063
6317,0.8999999985098839,1,True,0.17,171091
6318,-0.10000000149011612,0,False,0.17,171119
6319,-0.10000000149011612,0,False,0.17,171147
6320,-0.10000000149011612,0,False,0.17,171175
6321,0.8999999985098839,1,True,0.18,171203
6322,-0.10000000149011612,0,False,0.18,171231
6323,0.8999999985098839,1,True,0.19,171259
6324,-0.10000000149011612,0,False,0.19,171287
6325,1.8999999985098839,2,True,0.2,171315
6326,-0.10000000149011612,0,False,0.2,171340
6327,-0.10000000149011612,0,False,0.2,171362
6328,-0.10000000149011612,0,False,0.19,171390
6329,-0.10000000149011612,0,False,0.19,171413
6330,0.8999999985098839,1,True,0.2,171441
6331,0.8999999985098839,1,True,0.21,171467
6332,0.8999999985098839,1,True,0.22,171495
6333,-0.10000000149011612,0,False,0.22,171521
6334,-0.10000000149011612,0,False,0.21,171547
6335,-0.10000000149011612,0,False,0.21,171575
6336,-0.10000000149011612,0,False,0.21,171603
6337,-0.10000000149011612,0,False,0.21,171625
6338,-0.10000000149011612,0,False,0.2,171648
6339,-0.10000000149011612,0,False,0.2,171670
6340,0.8999999985098839,1,True,0.21,171693
6341,0.8999999985098839,1,True,0.22,171721
6342,-0.10000000149011612,0,False,0.22,171749
6343,-0.10000000149011612,0,False,0.22,171777
6344,-0.10000000149011612,0,False,0.21,171805
6345,0.8999999985098839,1,True,0.22,171833
6346,-0.10000000149011612,0,False,0.22,171861
6347,-0.10000000149011612,0,False,0.21,171889
6348,-0.10000000149011612,0,False,0.2,171917
6349,-0.10000000149011612,0,False,0.19,171945
6350,0.8999999985098839,1,True,0.2,171973
6351,-0.10000000149011612,0,False,0.2,172001
6352,-0.10000000149011612,0,False,0.19,172029
6353,-0.10000000149011612,0,False,0.19,172057
6354,-0.10000000149011612,0,False,0.19,172085
6355,-0.10000000149011612,0,False,0.19,172113
6356,-0.10000000149011612,0,False,0.19,172141
6357,0.8999999985098839,1,True,0.2,172169
6358,-0.10000000149011612,0,False,0.2,172197
6359,0.8999999985098839,1,True,0.21,172225
6360,-0.10000000149011612,0,False,0.21,172249
6361,0.8999999985098839,1,True,0.22,172277
6362,-0.10000000149011612,0,False,0.22,172299
6363,-0.10000000149011612,0,False,0.22,172327
6364,-0.10000000149011612,0,False,0.22,172349
6365,-0.10000000149011612,0,False,0.22,172377
6366,-0.10000000149011612,0,False,0.22,172405
6367,-0.10000000149011612,0,False,0.22,172433
6368,-0.10000000149011612,0,False,0.21,172461
6369,-0.10000000149011612,0,False,0.2,172489
6370,0.8999999985098839,1,True,0.2,172517
6371,-0.10000000149011612,0,False,0.19,172545
6372,-0.10000000149011612,0,False,0.19,172573
6373,0.8999999985098839,1,True,0.2,172601
6374,-0.10000000149011612,0,False,0.2,172629
6375,0.8999999985098839,1,True,0.21,172651
6376,-0.10000000149011612,0,False,0.21,172679
6377,-0.10000000149011612,0,False,0.21,172707
6378,-0.10000000149011612,0,False,0.21,172729
6379,-0.10000000149011612,0,False,0.21,172757
6380,-0.10000000149011612,0,False,0.21,172779
6381,0.8999999985098839,1,True,0.22,172807
6382,-0.10000000149011612,0,False,0.22,172829
6383,0.8999999985098839,1,True,0.23,172857
6384,-0.10000000149011612,0,False,0.23,172885
6385,-0.10000000149011612,0,False,0.23,172907
6386,-0.10000000149011612,0,False,0.23,172929
6387,-0.10000000149011612,0,False,0.23,172957
6388,-0.10000000149011612,0,False,0.22,172985
6389,-0.10000000149011612,0,False,0.21,173013
6390,0.8999999985098839,1,True,0.22,173035
6391,-0.10000000149011612,0,False,0.22,173059
6392,-0.10000000149011612,0,False,0.22,173081
6393,0.8999999985098839,1,True,0.22,173109
6394,-0.10000000149011612,0,False,0.22,173137
6395,-0.10000000149011612,0,False,0.22,173165
6396,0.8999999985098839,1,True,0.23,173193
6397,-0.10000000149011612,0,False,0.23,173221
6398,-0.10000000149011612,0,False,0.23,173244
6399,-0.10000000149011612,0,False,0.23,173272
6400,-0.10000000149011612,0,False,0.23,173300
6401,-0.10000000149011612,0,False,0.23,173328
6402,-0.10000000149011612,0,False,0.23,173351
6403,-0.10000000149011612,0,False,0.23,173373
6404,-0.10000000149011612,0,False,0.23,173401
6405,0.8999999985098839,1,True,0.24,173429
6406,-0.10000000149011612,0,False,0.24,173457
6407,-0.10000000149011612,0,False,0.24,173485
6408,-0.10000000149011612,0,False,0.24,173513
6409,0.8999999985098839,1,True,0.25,173541
6410,1.8999999985098839,2,True,0.26,173569
6411,-0.10000000149011612,0,False,0.26,173597
6412,-0.10000000149011612,0,False,0.26,173625
6413,0.8999999985098839,1,True,0.26,173653
6414,-0.10000000149011612,0,False,0.26,173681
6415,-0.10000000149011612,0,False,0.26,173709
6416,-0.10000000149011612,0,False,0.26,173735
6417,-0.10000000149011612,0,False,0.25,173757
6418,-0.10000000149011612,0,False,0.25,173784
6419,-0.10000000149011612,0,False,0.25,173812
6420,-0.10000000149011612,0,False,0.25,173840
6421,-0.10000000149011612,0,False,0.24,173868
6422,-0.10000000149011612,0,False,0.24,173892
6423,-0.10000000149011612,0,False,0.23,173917
6424,-0.10000000149011612,0,False,0.23,173945
6425,-0.10000000149011612,0,False,0.22,173973
6426,0.8999999985098839,1,True,0.23,174001
6427,-0.10000000149011612,0,False,0.23,174029
6428,-0.10000000149011612,0,False,0.23,174057
6429,-0.10000000149011612,0,False,0.23,174085
6430,-0.10000000149011612,0,False,0.22,174113
6431,0.8999999985098839,1,True,0.22,174141
6432,-0.10000000149011612,0,False,0.21,174169
6433,-0.10000000149011612,0,False,0.21,174193
6434,-0.10000000149011612,0,False,0.21,174221
6435,-0.10000000149011612,0,False,0.21,174248
6436,-0.10000000149011612,0,False,0.21,174276
6437,0.8999999985098839,1,True,0.22,174304
6438,-0.10000000149011612,0,False,0.22,174332
6439,-0.10000000149011612,0,False,0.22,174360
6440,0.8999999985098839,1,True,0.22,174388
6441,-0.10000000149011612,0,False,0.21,174416
6442,-0.10000000149011612,0,False,0.21,174444
6443,-0.10000000149011612,0,False,0.21,174466
6444,-0.10000000149011612,0,False,0.21,174494
6445,-0.10000000149011612,0,False,0.2,174522
6446,-0.10000000149011612,0,False,0.2,174550
6447,0.8999999985098839,1,True,0.21,174578
6448,-0.10000000149011612,0,False,0.21,174606
6449,-0.10000000149011612,0,False,0.21,174634
6450,-0.10000000149011612,0,False,0.2,174662
6451,-0.10000000149011612,0,False,0.2,174690
6452,-0.10000000149011612,0,False,0.2,174718
6453,0.8999999985098839,1,True,0.21,174740
6454,0.8999999985098839,1,True,0.22,174768
6455,-0.10000000149011612,0,False,0.22,174796
6456,-0.10000000149011612,0,False,0.22,174824
6457,-0.10000000149011612,0,False,0.21,174852
6458,0.8999999985098839,1,True,0.22,174880
6459,-0.10000000149011612,0,False,0.21,174908
6460,0.8999999985098839,1,True,0.22,174936
6461,-0.10000000149011612,0,False,0.21,174964
6462,-0.10000000149011612,0,False,0.21,174992
6463,-0.10000000149011612,0,False,0.21,175020
6464,-0.10000000149011612,0,False,0.21,175043
6465,-0.10000000149011612,0,False,0.21,175071
6466,-0.10000000149011612,0,False,0.21,175099
6467,-0.10000000149011612,0,False,0.21,175127
6468,-0.10000000149011612,0,False,0.21,175155
6469,-0.10000000149011612,0,False,0.21,175183
6470,-0.10000000149011612,0,False,0.2,175211
6471,0.8999999985098839,1,True,0.21,175239
6472,-0.10000000149011612,0,False,0.21,175265
6473,0.8999999985098839,1,True,0.21,175287
6474,-0.10000000149011612,0,False,0.21,175315
6475,0.8999999985098839,1,True,0.21,175341
6476,0.8999999985098839,1,True,0.22,175369
6477,0.8999999985098839,1,True,0.23,175391
6478,-0.10000000149011612,0,False,0.23,175419
6479,-0.10000000149011612,0,False,0.23,175447
6480,-0.10000000149011612,0,False,0.23,175475
6481,-0.10000000149011612,0,False,0.22,175503
6482,-0.10000000149011612,0,False,0.22,175531
6483,-0.10000000149011612,0,False,0.21,175559
6484,-0.10000000149011612,0,False,0.21,175587
6485,-0.10000000149011612,0,False,0.21,175615
6486,-0.10000000149011612,0,False,0.21,175641
6487,-0.10000000149011612,0,False,0.21,175669
6488,0.8999999985098839,1,True,0.22,175697
6489,0.8999999985098839,1,True,0.23,175725
6490,-0.10000000149011612,0,False,0.22,175753
6491,-0.10000000149011612,0,False,0.22,175781
6492,-0.10000000149011612,0,False,0.22,175803
6493,-0.10000000149011612,0,False,0.21,175831
6494,-0.10000000149011612,0,False,0.21,175859
6495,0.8999999985098839,1,True,0.22,175887
6496,-0.10000000149011612,0,False,0.21,175915
6497,-0.10000000149011612,0,False,0.21,175943
6498,0.8999999985098839,1,True,0.22,175971
6499,-0.10000000149011612,0,False,0.22,175999
6500,-0.10000000149011612,0,False,0.22,176027
6501,-0.10000000149011612,0,False,0.22,176049
6502,0.8999999985098839,1,True,0.23,176073
6503,-0.10000000149011612,0,False,0.23,176100
6504,-0.10000000149011612,0,False,0.23,176128
6505,-0.10000000149011612,0,False,0.22,176156
6506,-0.10000000149011612,0,False,0.22,176184
6507,-0.10000000149011612,0,False,0.22,176206
6508,-0.10000000149011612,0,False,0.22,176234
6509,-0.10000000149011612,0,False,0.21,176256
6510,-0.10000000149011612,0,False,0.2,176278
6511,-0.10000000149011612,0,False,0.2,176306
6512,0.8999999985098839,1,True,0.21,176334
6513,-0.10000000149011612,0,False,0.2,176362
6514,-0.10000000149011612,0,False,0.2,176385
6515,-0.10000000149011612,0,False,0.2,176408
6516,-0.10000000149011612,0,False,0.2,176436
6517,-0.10000000149011612,0,False,0.2,176464
6518,-0.10000000149011612,0,False,0.2,176492
6519,0.8999999985098839,1,True,0.21,176520
6520,-0.10000000149011612,0,False,0.21,176547
6521,-0.10000000149011612,0,False,0.21,176575
6522,0.8999999985098839,1,True,0.22,176603
6523,-0.10000000149011612,0,False,0.22,176631
6524,-0.10000000149011612,0,False,0.22,176659
6525,-0.10000000149011612,0,False,0.22,176687
6526,-0.10000000149011612,0,False,0.21,176715
6527,-0.10000000149011612,0,False,0.21,176743
6528,-0.10000000149011612,0,False,0.21,176767
6529,-0.10000000149011612,0,False,0.21,176795
6530,-0.10000000149011612,0,False,0.21,176823
6531,-0.10000000149011612,0,False,0.2,176851
6532,-0.10000000149011612,0,False,0.2,176873
6533,-0.10000000149011612,0,False,0.2,176901
6534,-0.10000000149011612,0,False,0.2,176929
6535,0.8999999985098839,1,True,0.21,176957
6536,0.8999999985098839,1,True,0.22,176985
6537,-0.10000000149011612,0,False,0.21,177013
6538,-0.10000000149011612,0,False,0.21,177041
6539,-0.10000000149011612,0,False,0.21,177069
6540,0.8999999985098839,1,True,0.21,177097
6541,0.8999999985098839,1,True,0.22,177121
6542,-0.10000000149011612,0,False,0.22,177149
6543,-0.10000000149011612,0,False,0.22,177177
6544,-0.10000000149011612,0,False,0.22,177205
6545,-0.10000000149011612,0,False,0.22,177233
6546,-0.10000000149011612,0,False,0.22,177258
6547,-0.10000000149011612,0,False,0.21,177286
6548,0.8999999985098839,1,True,0.22,177314
6549,1.8999999985098839,2,True,0.23,177342
6550,-0.10000000149011612,0,False,0.23,177370
6551,-0.10000000149011612,0,False,0.23,177398
6552,-0.10000000149011612,0,False,0.23,177426
6553,-0.10000000149011612,0,False,0.22,177448
6554,-0.10000000149011612,0,False,0.21,177470
6555,-0.10000000149011612,0,False,0.21,177498
6556,-0.10000000149011612,0,False,0.21,177526
6557,-0.10000000149011612,0,False,0.21,177554
6558,-0.10000000149011612,0,False,0.2,177576
6559,-0.10000000149011612,0,False,0.2,177604
6560,-0.10000000149011612,0,False,0.19,177632
6561,-0.10000000149011612,0,False,0.19,177660
6562,0.8999999985098839,1,True,0.2,177688
6563,-0.10000000149011612,0,False,0.2,177716
6564,-0.10000000149011612,0,False,0.2,177744
6565,-0.10000000149011612,0,False,0.2,177766
6566,-0.10000000149011612,0,False,0.2,177794
6567,-0.10000000149011612,0,False,0.2,177822
6568,-0.10000000149011612,0,False,0.2,177850
6569,0.8999999985098839,1,True,0.21,177878
6570,0.8999999985098839,1,True,0.22,177906
6571,-0.10000000149011612,0,False,0.21,177929
6572,-0.10000000149011612,0,False,0.21,177954
6573,-0.10000000149011612,0,False,0.2,177976
6574,-0.10000000149011612,0,False,0.2,178004
6575,-0.10000000149011612,0,False,0.19,178032
6576,0.8999999985098839,1,True,0.19,178060
6577,-0.10000000149011612,0,False,0.18,178088
6578,-0.10000000149011612,0,False,0.18,178116
6579,-0.10000000149011612,0,False,0.18,178144
6580,0.8999999985098839,1,True,0.19,178172
6581,-0.10000000149011612,0,False,0.19,178200
6582,-0.10000000149011612,0,False,0.19,178227
6583,-0.10000000149011612,0,False,0.19,178255
6584,0.8999999985098839,1,True,0.2,178283
6585,-0.10000000149011612,0,False,0.2,178311
6586,-0.10000000149011612,0,False,0.2,178339
6587,-0.10000000149011612,0,False,0.2,178367
6588,-0.10000000149011612,0,False,0.19,178389
6589,0.8999999985098839,1,True,0.19,178412
6590,-0.10000000149011612,0,False,0.19,178440
6591,-0.10000000149011612,0,False,0.19,178468
6592,-0.10000000149011612,0,False,0.19,178494
6593,-0.10000000149011612,0,False,0.19,178516
6594,-0.10000000149011612,0,False,0.19,178544
6595,-0.10000000149011612,0,False,0.18,178572
6596,0.8999999985098839,1,True,0.19,178598
6597,-0.10000000149011612,0,False,0.19,178626
6598,-0.10000000149011612,0,False,0.18,178654
6599,-0.10000000149011612,0,False,0.18,178682
6600,-0.10000000149011612,0,False,0.18,178710
6601,-0.10000000149011612,0,False,0.18,178738
6602,0.8999999985098839,1,True,0.18,178762
6603,-0.10000000149011612,0,False,0.18,178784
6604,-0.10000000149011612,0,False,0.18,178812
6605,-0.10000000149011612,0,False,0.18,178840
6606,-0.10000000149011612,0,False,0.18,178864
6607,-0.10000000149011612,0,False,0.18,178892
6608,0.8999999985098839,1,True,0.19,178920
6609,-0.10000000149011612,0,False,0.19,178948
6610,-0.10000000149011612,0,False,0.19,178972
6611,-0.10000000149011612,0,False,0.19,178995
6612,-0.10000000149011612,0,False,0.18,179023
6613,-0.10000000149011612,0,False,0.18,179051
6614,-0.10000000149011612,0,False,0.18,179079
6615,-0.10000000149011612,0,False,0.18,179105
6616,-0.10000000149011612,0,False,0.18,179133
6617,-0.10000000149011612,0,False,0.18,179155
6618,-0.10000000149011612,0,False,0.18,179183
6619,-0.10000000149011612,0,False,0.17,179211
6620,-0.10000000149011612,0,False,0.17,179239
6621,-0.10000000149011612,0,False,0.17,179267
6622,-0.10000000149011612,0,False,0.16,179295
6623,-0.10000000149011612,0,False,0.16,179323
6624,-0.10000000149011612,0,False,0.16,179351
6625,-0.10000000149011612,0,False,0.16,179376
6626,0.8999999985098839,1,True,0.17,179404
6627,-0.10000000149011612,0,False,0.17,179432
6628,-0.10000000149011612,0,False,0.17,179459
6629,-0.10000000149011612,0,False,0.17,179487
6630,-0.10000000149011612,0,False,0.17,179515
6631,-0.10000000149011612,0,False,0.17,179543
6632,-0.10000000149011612,0,False,0.17,179571
6633,-0.10000000149011612,0,False,0.17,179599
6634,-0.10000000149011612,0,False,0.17,179627
6635,0.8999999985098839,1,True,0.17,179655
6636,-0.10000000149011612,0,False,0.16,179683
6637,-0.10000000149011612,0,False,0.16,179711
6638,-0.10000000149011612,0,False,0.16,179739
6639,-0.10000000149011612,0,False,0.16,179767
6640,-0.10000000149011612,0,False,0.15,179795
6641,-0.10000000149011612,0,False,0.14,179823
6642,0.8999999985098839,1,True,0.15,179851
6643,-0.10000000149011612,0,False,0.15,179875
6644,-0.10000000149011612,0,False,0.15,179903
6645,-0.10000000149011612,0,False,0.15,179931
6646,-0.10000000149011612,0,False,0.15,179959
6647,-0.10000000149011612,0,False,0.15,179987
6648,-0.10000000149011612,0,False,0.14,180015
6649,0.8999999985098839,1,True,0.14,180043
6650,-0.10000000149011612,0,False,0.14,180071
6651,-0.10000000149011612,0,False,0.14,180099
6652,-0.10000000149011612,0,False,0.14,180125
6653,-0.10000000149011612,0,False,0.14,180148
6654,-0.10000000149011612,0,False,0.14,180176
6655,-0.10000000149011612,0,False,0.14,180204
6656,0.8999999985098839,1,True,0.15,180232
6657,-0.10000000149011612,0,False,0.15,180260
6658,-0.10000000149011612,0,False,0.15,180288
6659,-0.10000000149011612,0,False,0.15,180316
6660,-0.10000000149011612,0,False,0.15,180338
6661,-0.10000000149011612,0,False,0.15,180366
6662,0.8999999985098839,1,True,0.15,180394
6663,-0.10000000149011612,0,False,0.15,180416
6664,-0.10000000149011612,0,False,0.15,180440
6665,-0.10000000149011612,0,False,0.15,180468
6666,-0.10000000149011612,0,False,0.15,180496
6667,-0.10000000149011612,0,False,0.15,180524
6668,-0.10000000149011612,0,False,0.15,180552
6669,-0.10000000149011612,0,False,0.14,180580
6670,-0.10000000149011612,0,False,0.13,180608
6671,0.8999999985098839,1,True,0.14,180636
6672,-0.10000000149011612,0,False,0.14,180664
6673,-0.10000000149011612,0,False,0.14,180692
6674,-0.10000000149011612,0,False,0.14,180720
6675,0.8999999985098839,1,True,0.15,180748
6676,-0.10000000149011612,0,False,0.14,180775
6677,-0.10000000149011612,0,False,0.14,180803
6678,0.8999999985098839,1,True,0.15,180831
6679,-0.10000000149011612,0,False,0.15,180859
6680,1.8999999985098839,2,True,0.15,180887
6681,-0.10000000149011612,0,False,0.15,180915
6682,-0.10000000149011612,0,False,0.15,180943
6683,-0.10000000149011612,0,False,0.15,180971
6684,-0.10000000149011612,0,False,0.14,180999
6685,-0.10000000149011612,0,False,0.14,181027
6686,0.8999999985098839,1,True,0.15,181049
6687,-0.10000000149011612,0,False,0.15,181077
6688,-0.10000000149011612,0,False,0.15,181105
6689,-0.10000000149011612,0,False,0.14,181133
6690,-0.10000000149011612,0,False,0.14,181161
6691,0.8999999985098839,1,True,0.15,181189
6692,1.8999999985098839,2,True,0.16,181211
6693,-0.10000000149011612,0,False,0.16,181239
6694,-0.10000000149011612,0,False,0.16,181267
6695,-0.10000000149011612,0,False,0.16,181295
6696,-0.10000000149011612,0,False,0.15,181317
6697,-0.10000000149011612,0,False,0.15,181345
6698,-0.10000000149011612,0,False,0.15,181373
6699,-0.10000000149011612,0,False,0.15,181395
6700,0.8999999985098839,1,True,0.16,181423
6701,0.8999999985098839,1,True,0.17,181451
6702,-0.10000000149011612,0,False,0.16,181479
6703,0.8999999985098839,1,True,0.17,181501
6704,-0.10000000149011612,0,False,0.17,181524
6705,-0.10000000149011612,0,False,0.17,181552
6706,-0.10000000149011612,0,False,0.17,181580
6707,-0.10000000149011612,0,False,0.17,181608
6708,-0.10000000149011612,0,False,0.16,181636
6709,-0.10000000149011612,0,False,0.16,181664
6710,-0.10000000149011612,0,False,0.16,181692
6711,0.8999999985098839,1,True,0.17,181720
6712,-0.10000000149011612,0,False,0.17,181748
6713,-0.10000000149011612,0,False,0.17,181776
6714,-0.10000000149011612,0,False,0.17,181804
6715,-0.10000000149011612,0,False,0.17,181832
6716,-0.10000000149011612,0,False,0.17,181860
6717,-0.10000000149011612,0,False,0.17,181886
6718,-0.10000000149011612,0,False,0.17,181914
6719,-0.10000000149011612,0,False,0.17,181942
6720,-0.10000000149011612,0,False,0.17,181970
6721,-0.10000000149011612,0,False,0.17,181998
6722,0.8999999985098839,1,True,0.18,182026
6723,-0.10000000149011612,0,False,0.18,182049
6724,-0.10000000149011612,0,False,0.18,182077
6725,-0.10000000149011612,0,False,0.18,182099
6726,-0.10000000149011612,0,False,0.17,182127
6727,-0.10000000149011612,0,False,0.17,182155
6728,-0.10000000149011612,0,False,0.17,182183
6729,-0.10000000149011612,0,False,0.17,182211
6730,-0.10000000149011612,0,False,0.17,182239
6731,-0.10000000149011612,0,False,0.17,182267
6732,-0.10000000149011612,0,False,0.17,182295
6733,0.8999999985098839,1,True,0.18,182323
6734,-0.10000000149011612,0,False,0.18,182346
6735,0.8999999985098839,1,True,0.18,182368
6736,-0.10000000149011612,0,False,0.18,182396
6737,-0.10000000149011612,0,False,0.18,182424
6738,-0.10000000149011612,0,False,0.18,182452
6739,0.8999999985098839,1,True,0.19,182480
6740,-0.10000000149011612,0,False,0.19,182508
6741,-0.10000000149011612,0,False,0.19,182536
6742,-0.10000000149011612,0,False,0.18,182564
6743,-0.10000000149011612,0,False,0.18,182592
6744,-0.10000000149011612,0,False,0.18,182620
6745,-0.10000000149011612,0,False,0.18,182648
6746,0.8999999985098839,1,True,0.19,182676
6747,-0.10000000149011612,0,False,0.19,182704
6748,-0.10000000149011612,0,False,0.19,182732
6749,-0.10000000149011612,0,False,0.18,182756
6750,-0.10000000149011612,0,False,0.18,182783
6751,-0.10000000149011612,0,False,0.18,182811
6752,-0.10000000149011612,0,False,0.18,182839
6753,-0.10000000149011612,0,False,0.18,182867
6754,-0.10000000149011612,0,False,0.18,182895
6755,-0.10000000149011612,0,False,0.18,182923
6756,-0.10000000149011612,0,False,0.17,182945
6757,-0.10000000149011612,0,False,0.17,182973
6758,-0.10000000149011612,0,False,0.17,183001
6759,-0.10000000149011612,0,False,0.17,183029
6760,0.8999999985098839,1,True,0.18,183053
6761,1.8999999985098839,2,True,0.19,183081
6762,0.8999999985098839,1,True,0.19,183103
6763,-0.10000000149011612,0,False,0.19,183131
6764,-0.10000000149011612,0,False,0.19,183153
6765,0.8999999985098839,1,True,0.2,183181
6766,-0.10000000149011612,0,False,0.2,183209
6767,-0.10000000149011612,0,False,0.2,183237
6768,0.8999999985098839,1,True,0.21,183265
6769,0.8999999985098839,1,True,0.22,183293
6770,-0.10000000149011612,0,False,0.22,183321
6771,-0.10000000149011612,0,False,0.21,183349
6772,0.8999999985098839,1,True,0.22,183373
6773,-0.10000000149011612,0,False,0.22,183401
6774,-0.10000000149011612,0,False,0.22,183424
6775,-0.10000000149011612,0,False,0.21,183452
6776,-0.10000000149011612,0,False,0.21,183480
6777,-0.10000000149011612,0,False,0.21,183508
6778,-0.10000000149011612,0,False,0.2,183532
6779,-0.10000000149011612,0,False,0.2,183560
6780,0.8999999985098839,1,True,0.2,183588
6781,-0.10000000149011612,0,False,0.2,183616
6782,-0.10000000149011612,0,False,0.2,183644
6783,-0.10000000149011612,0,False,0.2,183672
6784,0.8999999985098839,1,True,0.21,183700
6785,-0.10000000149011612,0,False,0.21,183728
6786,-0.10000000149011612,0,False,0.2,183756
6787,-0.10000000149011612,0,False,0.2,183784
6788,-0.10000000149011612,0,False,0.2,183806
6789,0.8999999985098839,1,True,0.21,183834
6790,-0.10000000149011612,0,False,0.21,183862
6791,0.8999999985098839,1,True,0.21,183890
6792,-0.10000000149011612,0,False,0.2,183913
6793,-0.10000000149011612,0,False,0.2,183939
6794,-0.10000000149011612,0,False,0.2,183967
6795,-0.10000000149011612,0,False,0.2,183995
6796,1.8999999985098839,2,True,0.21,184021
6797,-0.10000000149011612,0,False,0.21,184049
6798,0.8999999985098839,1,True,0.22,184074
6799,-0.10000000149011612,0,False,0.22,184102
6800,-0.10000000149011612,0,False,0.21,184130
6801,-0.10000000149011612,0,False,0.2,184158
6802,-0.10000000149011612,0,False,0.2,184186
6803,-0.10000000149011612,0,False,0.19,184214
6804,0.8999999985098839,1,True,0.2,184242
6805,-0.10000000149011612,0,False,0.2,184270
6806,-0.10000000149011612,0,False,0.2,184298
6807,-0.10000000149011612,0,False,0.2,184326
6808,-0.10000000149011612,0,False,0.2,184354
6809,-0.10000000149011612,0,False,0.2,184382
6810,-0.10000000149011612,0,False,0.2,184410
6811,-0.10000000149011612,0,False,0.19,184438
6812,-0.10000000149011612,0,False,0.19,184461
6813,-0.10000000149011612,0,False,0.19,184483
6814,-0.10000000149011612,0,False,0.19,184507
6815,-0.10000000149011612,0,False,0.19,184535
6816,0.8999999985098839,1,True,0.2,184563
6817,-0.10000000149011612,0,False,0.2,184586
6818,0.8999999985098839,1,True,0.21,184614
6819,-0.10000000149011612,0,False,0.21,184642
6820,-0.10000000149011612,0,False,0.21,184670
6821,-0.10000000149011612,0,False,0.21,184698
6822,-0.10000000149011612,0,False,0.2,184721
6823,-0.10000000149011612,0,False,0.2,184749
6824,1.8999999985098839,2,True,0.21,184777
6825,-0.10000000149011612,0,False,0.21,184805
6826,-0.10000000149011612,0,False,0.21,184833
6827,0.8999999985098839,1,True,0.22,184861
6828,0.8999999985098839,1,True,0.23,184889
6829,-0.10000000149011612,0,False,0.23,184917
6830,-0.10000000149011612,0,False,0.23,184945
6831,-0.10000000149011612,0,False,0.23,184967
6832,-0.10000000149011612,0,False,0.23,184989
6833,-0.10000000149011612,0,False,0.22,185017
6834,-0.10000000149011612,0,False,0.22,185045
6835,0.8999999985098839,1,True,0.22,185073
6836,0.8999999985098839,1,True,0.23,185101
6837,-0.10000000149011612,0,False,0.23,185129
6838,0.8999999985098839,1,True,0.24,185157
6839,0.8999999985098839,1,True,0.24,185185
6840,-0.10000000149011612,0,False,0.24,185207
6841,-0.10000000149011612,0,False,0.24,185235
6842,2.899999998509884,3,True,0.25,185263
6843,-0.10000000149011612,0,False,0.25,185291
6844,-0.10000000149011612,0,False,0.25,185319
6845,0.8999999985098839,1,True,0.26,185346
6846,-0.10000000149011612,0,False,0.25,185374
6847,0.8999999985098839,1,True,0.26,185402
6848,0.8999999985098839,1,True,0.27,185430
6849,-0.10000000149011612,0,False,0.27,185458
6850,-0.10000000149011612,0,False,0.27,185486
6851,-0.10000000149011612,0,False,0.27,185514
6852,2.899999998509884,3,True,0.28,185542
6853,-0.10000000149011612,0,False,0.28,185570
6854,-0.10000000149011612,0,False,0.28,185593
6855,-0.10000000149011612,0,False,0.28,185615
6856,-0.10000000149011612,0,False,0.28,185637
6857,-0.10000000149011612,0,False,0.28,185665
6858,-0.10000000149011612,0,False,0.28,185689
6859,-0.10000000149011612,0,False,0.28,185717
6860,-0.10000000149011612,0,False,0.27,185739
6861,0.8999999985098839,1,True,0.27,185767
6862,-0.10000000149011612,0,False,0.26,185795
6863,0.8999999985098839,1,True,0.27,185823
6864,-0.10000000149011612,0,False,0.27,185851
6865,-0.10000000149011612,0,False,0.26,185879
6866,-0.10000000149011612,0,False,0.26,185907
6867,-0.10000000149011612,0,False,0.26,185930
6868,-0.10000000149011612,0,False,0.25,185958
6869,1.8999999985098839,2,True,0.25,185986
6870,-0.10000000149011612,0,False,0.25,186014
6871,-0.10000000149011612,0,False,0.25,186042
6872,-0.10000000149011612,0,False,0.24,186070
6873,-0.10000000149011612,0,False,0.24,186098
6874,-0.10000000149011612,0,False,0.24,186126
6875,-0.10000000149011612,0,False,0.24,186154
6876,0.8999999985098839,1,True,0.25,186182
6877,-0.10000000149011612,0,False,0.25,186210
6878,-0.10000000149011612,0,False,0.25,186232
6879,-0.10000000149011612,0,False,0.25,186260
6880,1.8999999985098839,2,True,0.25,186288
6881,-0.10000000149011612,0,False,0.25,186316
6882,-0.10000000149011612,0,False,0.25,186344
6883,-0.10000000149011612,0,False,0.25,186372
6884,-0.10000000149011612,0,False,0.24,186394
6885,-0.10000000149011612,0,False,0.24,186422
6886,-0.10000000149011612,0,False,0.24,186450
6887,-0.10000000149011612,0,False,0.24,186478
6888,0.8999999985098839,1,True,0.25,186500
6889,-0.10000000149011612,0,False,0.24,186528
6890,-0.10000000149011612,0,False,0.24,186556
6891,-0.10000000149011612,0,False,0.23,186584
6892,0.8999999985098839,1,True,0.24,186612
6893,-0.10000000149011612,0,False,0.24,186634
6894,-0.10000000149011612,0,False,0.24,186662
6895,-0.10000000149011612,0,False,0.24,186690
6896,-0.10000000149011612,0,False,0.23,186718
6897,-0.10000000149011612,0,False,0.23,186746
6898,-0.10000000149011612,0,False,0.22,186774
6899,-0.10000000149011612,0,False,0.22,186802
6900,-0.10000000149011612,0,False,0.22,186830
6901,0.8999999985098839,1,True,0.23,186854
6902,-0.10000000149011612,0,False,0.23,186876
6903,-0.10000000149011612,0,False,0.23,186904
6904,1.8999999985098839,2,True,0.23,186932
6905,-0.10000000149011612,0,False,0.23,186960
6906,-0.10000000149011612,0,False,0.23,186988
6907,-0.10000000149011612,0,False,0.23,187012
6908,-0.10000000149011612,0,False,0.23,187040
6909,-0.10000000149011612,0,False,0.23,187068
6910,-0.10000000149011612,0,False,0.23,187096
6911,-0.10000000149011612,0,False,0.23,187118
6912,0.8999999985098839,1,True,0.24,187146
6913,0.8999999985098839,1,True,0.25,187169
6914,-0.10000000149011612,0,False,0.25,187197
6915,-0.10000000149011612,0,False,0.25,187225
6916,-0.10000000149011612,0,False,0.24,187253
6917,-0.10000000149011612,0,False,0.24,187281
6918,-0.10000000149011612,0,False,0.23,187307
6919,-0.10000000149011612,0,False,0.23,187335
6920,-0.10000000149011612,0,False,0.23,187363
6921,-0.10000000149011612,0,False,0.23,187391
6922,1.8999999985098839,2,True,0.24,187416
6923,-0.10000000149011612,0,False,0.24,187444
6924,0.8999999985098839,1,True,0.24,187472
6925,-0.10000000149011612,0,False,0.24,187500
6926,-0.10000000149011612,0,False,0.24,187528
6927,-0.10000000149011612,0,False,0.23,187556
6928,-0.10000000149011612,0,False,0.22,187584
6929,0.8999999985098839,1,True,0.23,187612
6930,-0.10000000149011612,0,False,0.23,187640
6931,0.8999999985098839,1,True,0.24,187668
6932,-0.10000000149011612,0,False,0.24,187696
6933,-0.10000000149011612,0,False,0.24,187724
6934,-0.10000000149011612,0,False,0.24,187752
6935,-0.10000000149011612,0,False,0.23,187780
6936,-0.10000000149011612,0,False,0.22,187808
6937,-0.10000000149011612,0,False,0.22,187836
6938,-0.10000000149011612,0,False,0.21,187864
6939,-0.10000000149011612,0,False,0.2,187891
6940,-0.10000000149011612,0,False,0.2,187919
6941,-0.10000000149011612,0,False,0.2,187947
6942,0.8999999985098839,1,True,0.2,187972
6943,-0.10000000149011612,0,False,0.2,188000
6944,-0.10000000149011612,0,False,0.2,188028
6945,-0.10000000149011612,0,False,0.19,188056
6946,-0.10000000149011612,0,False,0.19,188081
6947,-0.10000000149011612,0,False,0.18,188107
6948,-0.10000000149011612,0,False,0.17,188135
6949,0.8999999985098839,1,True,0.18,188163
6950,-0.10000000149011612,0,False,0.18,188191
6951,-0.10000000149011612,0,False,0.18,188219
6952,-0.10000000149011612,0,False,0.17,188247
6953,-0.10000000149011612,0,False,0.17,188275
6954,0.8999999985098839,1,True,0.18,188303
6955,-0.10000000149011612,0,False,0.18,188325
6956,-0.10000000149011612,0,False,0.18,188353
6957,0.8999999985098839,1,True,0.19,188381
6958,0.8999999985098839,1,True,0.2,188408
6959,-0.10000000149011612,0,False,0.2,188431
6960,-0.10000000149011612,0,False,0.2,188459
6961,-0.10000000149011612,0,False,0.19,188487
6962,-0.10000000149011612,0,False,0.19,188515
6963,-0.10000000149011612,0,False,0.18,188543
6964,-0.10000000149011612,0,False,0.18,188571
6965,-0.10000000149011612,0,False,0.18,188593
6966,0.8999999985098839,1,True,0.19,188621
6967,-0.10000000149011612,0,False,0.19,188643
6968,-0.10000000149011612,0,False,0.19,188671
6969,-0.10000000149011612,0,False,0.18,188699
6970,-0.10000000149011612,0,False,0.18,188727
6971,0.8999999985098839,1,True,0.19,188755
6972,0.8999999985098839,1,True,0.2,188783
6973,-0.10000000149011612,0,False,0.2,188805
6974,-0.10000000149011612,0,False,0.2,188833
6975,-0.10000000149011612,0,False,0.2,188861
6976,-0.10000000149011612,0,False,0.19,188883
6977,-0.10000000149011612,0,False,0.19,188911
6978,-0.10000000149011612,0,False,0.19,188939
6979,-0.10000000149011612,0,False,0.19,188967
6980,-0.10000000149011612,0,False,0.18,188991
6981,-0.10000000149011612,0,False,0.18,189014
6982,-0.10000000149011612,0,False,0.18,189036
6983,0.8999999985098839,1,True,0.19,189064
6984,-0.10000000149011612,0,False,0.19,189092
6985,-0.10000000149011612,0,False,0.19,189120
6986,0.8999999985098839,1,True,0.2,189148
6987,-0.10000000149011612,0,False,0.2,189176
6988,-0.10000000149011612,0,False,0.19,189200
6989,-0.10000000149011612,0,False,0.19,189228
6990,0.8999999985098839,1,True,0.2,189256
6991,-0.10000000149011612,0,False,0.2,189284
6992,-0.10000000149011612,0,False,0.19,189312
6993,-0.10000000149011612,0,False,0.19,189340
6994,-0.10000000149011612,0,False,0.19,189368
6995,-0.10000000149011612,0,False,0.19,189396
6996,-0.10000000149011612,0,False,0.19,189424
6997,-0.10000000149011612,0,False,0.19,189452
6998,0.8999999985098839,1,True,0.2,189480
6999,-0.10000000149011612,0,False,0.2,189508
7000,-0.10000000149011612,0,False,0.2,189536
7001,-0.10000000149011612,0,False,0.19,189564
7002,-0.10000000149011612,0,False,0.19,189592
7003,0.8999999985098839,1,True,0.2,189614
7004,-0.10000000149011612,0,False,0.19,189638
7005,0.8999999985098839,1,True,0.2,189666
7006,-0.10000000149011612,0,False,0.2,189694
7007,-0.10000000149011612,0,False,0.2,189722
7008,-0.10000000149011612,0,False,0.2,189750
7009,-0.10000000149011612,0,False,0.2,189778
7010,-0.10000000149011612,0,False,0.2,189806
7011,0.8999999985098839,1,True,0.21,189834
7012,-0.10000000149011612,0,False,0.2,189862
7013,-0.10000000149011612,0,False,0.19,189890
7014,-0.10000000149011612,0,False,0.19,189918
7015,-0.10000000149011612,0,False,0.19,189946
7016,-0.10000000149011612,0,False,0.19,189974
7017,-0.10000000149011612,0,False,0.19,190002
7018,-0.10000000149011612,0,False,0.19,190024
7019,-0.10000000149011612,0,False,0.19,190052
7020,-0.10000000149011612,0,False,0.19,190080
7021,-0.10000000149011612,0,False,0.19,190108
7022,-0.10000000149011612,0,False,0.18,190136
7023,-0.10000000149011612,0,False,0.18,190164
7024,0.8999999985098839,1,True,0.18,190192
7025,-0.10000000149011612,0,False,0.18,190220
7026,-0.10000000149011612,0,False,0.18,190248
7027,0.8999999985098839,1,True,0.19,190271
7028,-0.10000000149011612,0,False,0.19,190294
7029,-0.10000000149011612,0,False,0.18,190317
7030,-0.10000000149011612,0,False,0.18,190345
7031,-0.10000000149011612,0,False,0.17,190373
7032,-0.10000000149011612,0,False,0.17,190401
7033,-0.10000000149011612,0,False,0.17,190429
7034,-0.10000000149011612,0,False,0.17,190451
7035,-0.10000000149011612,0,False,0.17,190479
7036,-0.10000000149011612,0,False,0.17,190507
7037,1.8999999985098839,2,True,0.18,190535
7038,-0.10000000149011612,0,False,0.18,190563
7039,0.8999999985098839,1,True,0.19,190591
7040,-0.10000000149011612,0,False,0.19,190619
7041,-0.10000000149011612,0,False,0.19,190647
7042,-0.10000000149011612,0,False,0.18,190675
7043,-0.10000000149011612,0,False,0.18,190697
7044,-0.10000000149011612,0,False,0.18,190725
7045,-0.10000000149011612,0,False,0.18,190753
7046,-0.10000000149011612,0,False,0.18,190781
7047,-0.10000000149011612,0,False,0.18,190809
7048,-0.10000000149011612,0,False,0.18,190832
7049,-0.10000000149011612,0,False,0.17,190854
7050,-0.10000000149011612,0,False,0.17,190882
7051,-0.10000000149011612,0,False,0.17,190910
7052,-0.10000000149011612,0,False,0.17,190932
7053,0.8999999985098839,1,True,0.18,190954
7054,-0.10000000149011612,0,False,0.17,190979
7055,-0.10000000149011612,0,False,0.17,191007
7056,-0.10000000149011612,0,False,0.17,191035
7057,-0.10000000149011612,0,False,0.16,191058
7058,0.8999999985098839,1,True,0.16,191086
7059,-0.10000000149011612,0,False,0.16,191114
7060,-0.10000000149011612,0,False,0.16,191136
7061,-0.10000000149011612,0,False,0.16,191162
7062,-0.10000000149011612,0,False,0.16,191190
7063,-0.10000000149011612,0,False,0.16,191218
7064,-0.10000000149011612,0,False,0.16,191246
7065,0.8999999985098839,1,True,0.17,191274
7066,-0.10000000149011612,0,False,0.16,191302
7067,-0.10000000149011612,0,False,0.16,191330
7068,-0.10000000149011612,0,False,0.16,191358
7069,0.8999999985098839,1,True,0.17,191386
7070,0.8999999985098839,1,True,0.18,191410
7071,0.8999999985098839,1,True,0.18,191438
7072,-0.10000000149011612,0,False,0.17,191466
7073,-0.10000000149011612,0,False,0.17,191494
7074,-0.10000000149011612,0,False,0.17,191522
7075,-0.10000000149011612,0,False,0.17,191550
7076,-0.10000000149011612,0,False,0.17,191578
7077,1.8999999985098839,2,True,0.18,191604
7078,-0.10000000149011612,0,False,0.18,191628
7079,-0.10000000149011612,0,False,0.18,191656
7080,-0.10000000149011612,0,False,0.18,191684
7081,0.8999999985098839,1,True,0.19,191712
7082,0.8999999985098839,1,True,0.2,191740
7083,-0.10000000149011612,0,False,0.19,191763
7084,0.8999999985098839,1,True,0.2,191787
7085,-0.10000000149011612,0,False,0.2,191815
7086,0.8999999985098839,1,True,0.2,191838
7087,0.8999999985098839,1,True,0.21,191861
7088,0.8999999985098839,1,True,0.22,191889
7089,-0.10000000149011612,0,False,0.22,191914
7090,-0.10000000149011612,0,False,0.21,191942
7091,0.8999999985098839,1,True,0.22,191964
7092,-0.10000000149011612,0,False,0.22,191986
7093,-0.10000000149011612,0,False,0.22,192014
7094,-0.10000000149011612,0,False,0.22,192042
7095,-0.10000000149011612,0,False,0.22,192064
7096,-0.10000000149011612,0,False,0.22,192091
7097,-0.10000000149011612,0,False,0.22,192119
7098,-0.10000000149011612,0,False,0.21,192141
7099,-0.10000000149011612,0,False,0.21,192166
7100,-0.10000000149011612,0,False,0.21,192190
7101,-0.10000000149011612,0,False,0.21,192216
7102,-0.10000000149011612,0,False,0.21,192244
7103,-0.10000000149011612,0,False,0.2,192270
7104,-0.10000000149011612,0,False,0.2,192298
7105,0.8999999985098839,1,True,0.2,192326
7106,-0.10000000149011612,0,False,0.2,192354
7107,-0.10000000149011612,0,False,0.2,192382
7108,-0.10000000149011612,0,False,0.2,192410
7109,-0.10000000149011612,0,False,0.2,192433
7110,-0.10000000149011612,0,False,0.2,192461
7111,-0.10000000149011612,0,False,0.19,192486
7112,-0.10000000149011612,0,False,0.19,192514
7113,0.8999999985098839,1,True,0.2,192542
7114,0.8999999985098839,1,True,0.21,192570
7115,-0.10000000149011612,0,False,0.21,192592
7116,0.8999999985098839,1,True,0.22,192620
7117,-0.10000000149011612,0,False,0.22,192648
7118,-0.10000000149011612,0,False,0.22,192671
7119,-0.10000000149011612,0,False,0.22,192699
7120,-0.10000000149011612,0,False,0.22,192727
7121,0.8999999985098839,1,True,0.23,192755
7122,-0.10000000149011612,0,False,0.23,192783
7123,0.8999999985098839,1,True,0.24,192811
7124,-0.10000000149011612,0,False,0.23,192839
7125,-0.10000000149011612,0,False,0.23,192865
7126,-0.10000000149011612,0,False,0.23,192887
7127,-0.10000000149011612,0,False,0.22,192915
7128,-0.10000000149011612,0,False,0.22,192943
7129,-0.10000000149011612,0,False,0.22,192971
7130,-0.10000000149011612,0,False,0.22,192999
7131,-0.10000000149011612,0,False,0.22,193021
7132,-0.10000000149011612,0,False,0.22,193049
7133,-0.10000000149011612,0,False,0.22,193077
7134,-0.10000000149011612,0,False,0.22,193102
7135,-0.10000000149011612,0,False,0.22,193130
7136,0.8999999985098839,1,True,0.23,193158
7137,-0.10000000149011612,0,False,0.22,193186
7138,-0.10000000149011612,0,False,0.22,193214
7139,-0.10000000149011612,0,False,0.21,193237
7140,-0.10000000149011612,0,False,0.21,193265
7141,-0.10000000149011612,0,False,0.21,193293
7142,-0.10000000149011612,0,False,0.21,193321
7143,-0.10000000149011612,0,False,0.21,193349
7144,-0.10000000149011612,0,False,0.21,193377
7145,-0.10000000149011612,0,False,0.21,193403
7146,1.8999999985098839,2,True,0.22,193431
7147,-0.10000000149011612,0,False,0.22,193459
7148,-0.10000000149011612,0,False,0.22,193487
7149,-0.10000000149011612,0,False,0.22,193515
7150,-0.10000000149011612,0,False,0.22,193543
7151,-0.10000000149011612,0,False,0.22,193571
7152,-0.10000000149011612,0,False,0.22,193595
7153,1.8999999985098839,2,True,0.22,193619
7154,-0.10000000149011612,0,False,0.22,193647
7155,-0.10000000149011612,0,False,0.22,193675
7156,-0.10000000149011612,0,False,0.22,193703
7157,-0.10000000149011612,0,False,0.22,193731
7158,-0.10000000149011612,0,False,0.21,193759
7159,-0.10000000149011612,0,False,0.21,193787
7160,-0.10000000149011612,0,False,0.21,193815
7161,-0.10000000149011612,0,False,0.21,193843
7162,-0.10000000149011612,0,False,0.21,193867
7163,-0.10000000149011612,0,False,0.21,193895
7164,-0.10000000149011612,0,False,0.21,193923
7165,-0.10000000149011612,0,False,0.2,193951
7166,-0.10000000149011612,0,False,0.2,193979
7167,-0.10000000149011612,0,False,0.2,194007
7168,-0.10000000149011612,0,False,0.2,194030
7169,-0.10000000149011612,0,False,0.19,194054
7170,-0.10000000149011612,0,False,0.18,194082
7171,-0.10000000149011612,0,False,0.17,194110
7172,-0.10000000149011612,0,False,0.17,194138
7173,-0.10000000149011612,0,False,0.17,194166
7174,-0.10000000149011612,0,False,0.17,194194
7175,0.8999999985098839,1,True,0.18,194216
7176,0.8999999985098839,1,True,0.19,194244
7177,-0.10000000149011612,0,False,0.18,194272
7178,-0.10000000149011612,0,False,0.18,194300
7179,-0.10000000149011612,0,False,0.18,194328
7180,0.8999999985098839,1,True,0.19,194356
7181,-0.10000000149011612,0,False,0.18,194384
7182,-0.10000000149011612,0,False,0.17,194412
7183,-0.10000000149011612,0,False,0.17,194440
7184,-0.10000000149011612,0,False,0.16,194468
7185,0.8999999985098839,1,True,0.17,194496
7186,0.8999999985098839,1,True,0.17,194524
7187,-0.10000000149011612,0,False,0.16,194552
7188,-0.10000000149011612,0,False,0.15,194580
7189,-0.10000000149011612,0,False,0.15,194608
7190,-0.10000000149011612,0,False,0.15,194636
7191,-0.10000000149011612,0,False,0.14,194664
7192,-0.10000000149011612,0,False,0.14,194692
7193,-0.10000000149011612,0,False,0.14,194716
7194,-0.10000000149011612,0,False,0.14,194738
7195,-0.10000000149011612,0,False,0.14,194766
7196,-0.10000000149011612,0,False,0.14,194789
7197,-0.10000000149011612,0,False,0.14,194817
7198,-0.10000000149011612,0,False,0.14,194845
7199,-0.10000000149011612,0,False,0.14,194873
7200,-0.10000000149011612,0,False,0.14,194901
7201,-0.10000000149011612,0,False,0.14,194929
7202,-0.10000000149011612,0,False,0.14,194957
7203,-0.10000000149011612,0,False,0.14,194985
7204,-0.10000000149011612,0,False,0.14,195013
7205,-0.10000000149011612,0,False,0.13,195037
7206,-0.10000000149011612,0,False,0.13,195065
7207,-0.10000000149011612,0,False,0.13,195093
7208,-0.10000000149011612,0,False,0.13,195115
7209,-0.10000000149011612,0,False,0.13,195143
7210,-0.10000000149011612,0,False,0.13,195165
7211,-0.10000000149011612,0,False,0.13,195193
7212,-0.10000000149011612,0,False,0.13,195216
7213,-0.10000000149011612,0,False,0.12,195244
7214,-0.10000000149011612,0,False,0.11,195272
7215,-0.10000000149011612,0,False,0.11,195300
7216,0.8999999985098839,1,True,0.11,195328
7217,-0.10000000149011612,0,False,0.11,195350
7218,-0.10000000149011612,0,False,0.11,195378
7219,0.8999999985098839,1,True,0.12,195406
7220,-0.10000000149011612,0,False,0.12,195434
7221,-0.10000000149011612,0,False,0.11,195462
7222,0.8999999985098839,1,True,0.12,195490
7223,-0.10000000149011612,0,False,0.11,195518
7224,-0.10000000149011612,0,False,0.11,195546
7225,0.8999999985098839,1,True,0.12,195569
7226,-0.10000000149011612,0,False,0.12,195597
7227,-0.10000000149011612,0,False,0.12,195625
7228,-0.10000000149011612,0,False,0.12,195653
7229,-0.10000000149011612,0,False,0.12,195677
7230,0.8999999985098839,1,True,0.13,195705
7231,-0.10000000149011612,0,False,0.13,195733
7232,1.8999999985098839,2,True,0.14,195761
7233,-0.10000000149011612,0,False,0.14,195789
7234,-0.10000000149011612,0,False,0.14,195817
7235,-0.10000000149011612,0,False,0.14,195845
7236,0.8999999985098839,1,True,0.14,195873
7237,-0.10000000149011612,0,False,0.14,195901
7238,-0.10000000149011612,0,False,0.14,195929
7239,-0.10000000149011612,0,False,0.14,195957
7240,-0.10000000149011612,0,False,0.14,195985
7241,-0.10000000149011612,0,False,0.14,196013
7242,0.8999999985098839,1,True,0.15,196036
7243,-0.10000000149011612,0,False,0.15,196064
7244,-0.10000000149011612,0,False,0.15,196092
7245,-0.10000000149011612,0,False,0.15,196120
7246,-0.10000000149011612,0,False,0.14,196148
7247,-0.10000000149011612,0,False,0.14,196176
7248,-0.10000000149011612,0,False,0.14,196204
7249,-0.10000000149011612,0,False,0.14,196227
7250,0.8999999985098839,1,True,0.15,196255
7251,-0.10000000149011612,0,False,0.15,196277
7252,-0.10000000149011612,0,False,0.15,196305
7253,-0.10000000149011612,0,False,0.14,196333
7254,-0.10000000149011612,0,False,0.14,196361
7255,-0.10000000149011612,0,False,0.14,196383
7256,1.8999999985098839,2,True,0.15,196406
7257,-0.10000000149011612,0,False,0.15,196434
7258,-0.10000000149011612,0,False,0.15,196462
7259,-0.10000000149011612,0,False,0.15,196490
7260,-0.10000000149011612,0,False,0.15,196513
7261,-0.10000000149011612,0,False,0.15,196541
7262,-0.10000000149011612,0,False,0.15,196566
7263,-0.10000000149011612,0,False,0.15,196588
7264,-0.10000000149011612,0,False,0.15,196616
7265,-0.10000000149011612,0,False,0.15,196644
7266,-0.10000000149011612,0,False,0.15,196672
7267,-0.10000000149011612,0,False,0.15,196700
7268,-0.10000000149011612,0,False,0.15,196728
7269,0.8999999985098839,1,True,0.16,196756
7270,-0.10000000149011612,0,False,0.16,196784
7271,-0.10000000149011612,0,False,0.16,196812
7272,-0.10000000149011612,0,False,0.16,196840
7273,-0.10000000149011612,0,False,0.16,196864
7274,0.8999999985098839,1,True,0.17,196892
7275,-0.10000000149011612,0,False,0.16,196920
7276,0.8999999985098839,1,True,0.16,196948
7277,-0.10000000149011612,0,False,0.16,196972
7278,-0.10000000149011612,0,False,0.16,197000
7279,-0.10000000149011612,0,False,0.16,197023
7280,-0.10000000149011612,0,False,0.15,197051
7281,-0.10000000149011612,0,False,0.15,197079
7282,-0.10000000149011612,0,False,0.15,197107
7283,0.8999999985098839,1,True,0.16,197131
7284,-0.10000000149011612,0,False,0.16,197159
7285,-0.10000000149011612,0,False,0.15,197187
7286,-0.10000000149011612,0,False,0.14,197215
7287,-0.10000000149011612,0,False,0.14,197243
7288,-0.10000000149011612,0,False,0.14,197271
7289,-0.10000000149011612,0,False,0.14,197299
7290,-0.10000000149011612,0,False,0.14,197327
7291,-0.10000000149011612,0,False,0.14,197355
7292,-0.10000000149011612,0,False,0.14,197383
7293,1.8999999985098839,2,True,0.15,197411
7294,-0.10000000149011612,0,False,0.15,197439
7295,0.8999999985098839,1,True,0.16,197467
7296,-0.10000000149011612,0,False,0.16,197495
7297,-0.10000000149011612,0,False,0.16,197519
7298,-0.10000000149011612,0,False,0.16,197547
7299,-0.10000000149011612,0,False,0.16,197575
7300,-0.10000000149011612,0,False,0.16,197600
7301,-0.10000000149011612,0,False,0.16,197626
7302,-0.10000000149011612,0,False,0.16,197654
7303,-0.10000000149011612,0,False,0.16,197679
7304,-0.10000000149011612,0,False,0.16,197707
7305,-0.10000000149011612,0,False,0.16,197735
7306,-0.10000000149011612,0,False,0.16,197757
7307,-0.10000000149011612,0,False,0.16,197785
7308,-0.10000000149011612,0,False,0.16,197813
7309,-0.10000000149011612,0,False,0.16,197841
7310,-0.10000000149011612,0,False,0.16,197869
7311,0.8999999985098839,1,True,0.17,197897
7312,-0.10000000149011612,0,False,0.17,197925
7313,0.8999999985098839,1,True,0.18,197953
7314,-0.10000000149011612,0,False,0.18,197981
7315,0.8999999985098839,1,True,0.19,198009
7316,-0.10000000149011612,0,False,0.18,198037
7317,-0.10000000149011612,0,False,0.18,198064
7318,0.8999999985098839,1,True,0.19,198092
7319,-0.10000000149011612,0,False,0.18,198120
7320,0.8999999985098839,1,True,0.19,198148
7321,1.8999999985098839,2,True,0.2,198171
7322,-0.10000000149011612,0,False,0.19,198199
7323,0.8999999985098839,1,True,0.2,198227
7324,-0.10000000149011612,0,False,0.2,198255
7325,-0.10000000149011612,0,False,0.19,198283
7326,0.8999999985098839,1,True,0.2,198311
7327,-0.10000000149011612,0,False,0.2,198338
7328,-0.10000000149011612,0,False,0.2,198361
7329,-0.10000000149011612,0,False,0.2,198384
7330,-0.10000000149011612,0,False,0.19,198412
7331,-0.10000000149011612,0,False,0.19,198440
7332,-0.10000000149011612,0,False,0.18,198468
7333,-0.10000000149011612,0,False,0.18,198496
7334,0.8999999985098839,1,True,0.19,198524
7335,-0.10000000149011612,0,False,0.19,198552
7336,-0.10000000149011612,0,False,0.18,198580
7337,-0.10000000149011612,0,False,0.18,198606
7338,-0.10000000149011612,0,False,0.18,198634
7339,-0.10000000149011612,0,False,0.18,198662
7340,-0.10000000149011612,0,False,0.18,198690
7341,-0.10000000149011612,0,False,0.18,198716
7342,-0.10000000149011612,0,False,0.17,198744
7343,-0.10000000149011612,0,False,0.17,198772
7344,-0.10000000149011612,0,False,0.17,198794
7345,-0.10000000149011612,0,False,0.17,198822
7346,-0.10000000149011612,0,False,0.17,198850
7347,-0.10000000149011612,0,False,0.17,198878
7348,-0.10000000149011612,0,False,0.17,198904
7349,-0.10000000149011612,0,False,0.17,198932
7350,-0.10000000149011612,0,False,0.16,198960
7351,-0.10000000149011612,0,False,0.16,198988
7352,0.8999999985098839,1,True,0.17,199016
7353,0.8999999985098839,1,True,0.18,199044
7354,0.8999999985098839,1,True,0.19,199072
7355,-0.10000000149011612,0,False,0.19,199100
7356,-0.10000000149011612,0,False,0.18,199128
7357,-0.10000000149011612,0,False,0.18,199156
7358,-0.10000000149011612,0,False,0.18,199184
7359,0.8999999985098839,1,True,0.19,199212
7360,-0.10000000149011612,0,False,0.19,199240
7361,0.8999999985098839,1,True,0.2,199268
7362,1.8999999985098839,2,True,0.21,199296
7363,-0.10000000149011612,0,False,0.21,199324
7364,-0.10000000149011612,0,False,0.21,199348
7365,-0.10000000149011612,0,False,0.21,199376
7366,-0.10000000149011612,0,False,0.21,199404
7367,0.8999999985098839,1,True,0.22,199426
7368,-0.10000000149011612,0,False,0.22,199454
7369,-0.10000000149011612,0,False,0.21,199482
7370,0.8999999985098839,1,True,0.22,199510
7371,-0.10000000149011612,0,False,0.22,199534
7372,-0.10000000149011612,0,False,0.22,199558
7373,-0.10000000149011612,0,False,0.22,199586
7374,0.8999999985098839,1,True,0.22,199614
7375,-0.10000000149011612,0,False,0.22,199638
7376,-0.10000000149011612,0,False,0.21,199666
7377,1.8999999985098839,2,True,0.22,199689
7378,-0.10000000149011612,0,False,0.22,199717
7379,0.8999999985098839,1,True,0.23,199745
7380,-0.10000000149011612,0,False,0.23,199770
7381,-0.10000000149011612,0,False,0.23,199798
7382,-0.10000000149011612,0,False,0.23,199821
7383,-0.10000000149011612,0,False,0.22,199849
7384,0.8999999985098839,1,True,0.23,199871
7385,-0.10000000149011612,0,False,0.23,199893
7386,-0.10000000149011612,0,False,0.23,199918
7387,0.8999999985098839,1,True,0.24,199946
7388,-0.10000000149011612,0,False,0.24,199974
7389,0.8999999985098839,1,True,0.25,200002
7390,-0.10000000149011612,0,False,0.25,200030
7391,-0.10000000149011612,0,False,0.25,200058
7392,-0.10000000149011612,0,False,0.25,200086
7393,0.8999999985098839,1,True,0.25,200109
7394,-0.10000000149011612,0,False,0.25,200133
7395,-0.10000000149011612,0,False,0.24,200155
7396,-0.10000000149011612,0,False,0.24,200183
7397,-0.10000000149011612,0,False,0.24,200211
7398,0.8999999985098839,1,True,0.25,200239
7399,-0.10000000149011612,0,False,0.25,200261
7400,-0.10000000149011612,0,False,0.25,200289
7401,-0.10000000149011612,0,False,0.25,200317
7402,-0.10000000149011612,0,False,0.25,200345
7403,-0.10000000149011612,0,False,0.25,200373
7404,-0.10000000149011612,0,False,0.25,200401
7405,-0.10000000149011612,0,False,0.25,200429
7406,-0.10000000149011612,0,False,0.25,200454
7407,-0.10000000149011612,0,False,0.25,200479
7408,-0.10000000149011612,0,False,0.25,200507
7409,-0.10000000149011612,0,False,0.25,200535
7410,-0.10000000149011612,0,False,0.25,200563
7411,-0.10000000149011612,0,False,0.24,200591
7412,-0.10000000149011612,0,False,0.24,200619
7413,-0.10000000149011612,0,False,0.23,200647
7414,-0.10000000149011612,0,False,0.23,200675
7415,-0.10000000149011612,0,False,0.22,200703
7416,-0.10000000149011612,0,False,0.22,200731
7417,-0.10000000149011612,0,False,0.22,200759
7418,-0.10000000149011612,0,False,0.21,200785
7419,-0.10000000149011612,0,False,0.21,200813
7420,-0.10000000149011612,0,False,0.2,200841
7421,-0.10000000149011612,0,False,0.19,200869
7422,-0.10000000149011612,0,False,0.19,200891
7423,-0.10000000149011612,0,False,0.18,200919
7424,-0.10000000149011612,0,False,0.18,200941
7425,0.8999999985098839,1,True,0.19,200969
7426,1.8999999985098839,2,True,0.19,200997
7427,0.8999999985098839,1,True,0.2,201019
7428,-0.10000000149011612,0,False,0.2,201047
7429,-0.10000000149011612,0,False,0.2,201075
7430,0.8999999985098839,1,True,0.21,201103
7431,0.8999999985098839,1,True,0.22,201131
7432,-0.10000000149011612,0,False,0.22,201159
7433,-0.10000000149011612,0,False,0.22,201187
7434,0.8999999985098839,1,True,0.22,201215
7435,0.8999999985098839,1,True,0.23,201243
7436,0.8999999985098839,1,True,0.24,201271
7437,0.8999999985098839,1,True,0.25,201293
7438,-0.10000000149011612,0,False,0.25,201321
7439,-0.10000000149011612,0,False,0.25,201349
7440,1.8999999985098839,2,True,0.26,201377
7441,-0.10000000149011612,0,False,0.26,201405
7442,-0.10000000149011612,0,False,0.26,201433
7443,-0.10000000149011612,0,False,0.26,201461
7444,-0.10000000149011612,0,False,0.26,201489
7445,-0.10000000149011612,0,False,0.26,201517
7446,-0.10000000149011612,0,False,0.26,201545
7447,-0.10000000149011612,0,False,0.26,201573
7448,-0.10000000149011612,0,False,0.26,201596
7449,-0.10000000149011612,0,False,0.26,201624
7450,-0.10000000149011612,0,False,0.26,201652
7451,-0.10000000149011612,0,False,0.26,201680
7452,-0.10000000149011612,0,False,0.25,201708
7453,0.8999999985098839,1,True,0.25,201730
7454,-0.10000000149011612,0,False,0.24,201758
7455,0.8999999985098839,1,True,0.25,201786
7456,-0.10000000149011612,0,False,0.25,201814
7457,0.8999999985098839,1,True,0.26,201836
7458,-0.10000000149011612,0,False,0.26,201864
7459,-0.10000000149011612,0,False,0.25,201886
7460,-0.10000000149011612,0,False,0.25,201908
7461,-0.10000000149011612,0,False,0.24,201936
